objet,acheteur_nom,titulaire_nom,montant_rationalise,montant_anomalie,dateNotification
DM implantables. Lot 106,RESEAU DES ACHETEURS HOSPITALIERS,BOSTON SCIENTIFIC,199485.0,,2026-09-08
DM implantables. Lot 30: Système cardiovasculaire ABBOTT MEDICAL (Vascular) ou équivalent,RESEAU DES ACHETEURS HOSPITALIERS,ABBOTT MEDICAL FRANCE SAS,368000.0,,2026-08-28
FOURNITURE D’IMPLANTS D’ORTHOPÉDIE - ORTCONC - OSTÉOSYNTHÈSE : FRACTURE PÉRI PROTHÉTIQUE,CENTRE HOSPITALIER UNIVERSITAIRE REIMS,ZIMMER BIOMET FRANCE,2139209.3,,2026-08-26
Prothèse pariétale en polyester non résorbable auto-fixante pour le traitement des hernies ventrales,CENTRE HOSPITALIER UNIVERSITAIRE ROUEN (HOPITAL CHARLES NICOLLE CHU ROUEN),MEDTRONIC FRANCE,99528.0,,2026-08-25
"Prothèse pariétale non résorbable biface en polyéthylène avec film hydrogel de collagène pour le traitement des hernies ventrales, pose en intra péritonéal par colioscopie",CENTRE HOSPITALIER UNIVERSITAIRE ROUEN (HOPITAL CHARLES NICOLLE CHU ROUEN),MEDTRONIC FRANCE,138328.0,,2026-08-25
Prothèse pariétale biologique pour le traitement des hernies ventrales,CENTRE HOSPITALIER UNIVERSITAIRE ROUEN (HOPITAL CHARLES NICOLLE CHU ROUEN),MEDTRONIC FRANCE,305428.0,,2026-08-25
Prothèse pariétale préformée en polypropylène monofilament anatomique en 3D pour le traitement des hernies inguinales par coelioscopie,CENTRE HOSPITALIER UNIVERSITAIRE ROUEN (HOPITAL CHARLES NICOLLE CHU ROUEN),MEDTRONIC FRANCE,58608.0,,2026-08-25
RYT 24 - HOLTER ECG IMPLANTABLE,CENTRE HOSPITALIER UNIVERSITAIRE DE TOULOUSE (HOTEL DIEU SAINT JACQUES),BOSTON SCIENTIFIC,858000.0,,2026-08-20
RYT 24 - DEFIBRILLATEUR ENDOCAVITAIRE AVEC SONDE SOUS-STERNALE,CENTRE HOSPITALIER UNIVERSITAIRE DE TOULOUSE (HOTEL DIEU SAINT JACQUES),MEDTRONIC FRANCE,320000.0,,2026-08-20
RYT 24 - STIMULATEUR CARDIAQUE SANS SONDE,CENTRE HOSPITALIER UNIVERSITAIRE DE TOULOUSE (HOTEL DIEU SAINT JACQUES),MEDTRONIC FRANCE,3200000.0,,2026-08-20
"Fourniture d¿implants d¿orthopédie, pour prothèses articulaires, pour ostéosynthèse, pour ligamentoplastie, de ciment orthopédique et prêt des ancillaires associés",CTRE HOSPITALIER VILLEFRANCHE S SAONE,ZIMMER BIOMET FRANCE,63466.2,,2026-08-19
XSTIM - Stimulateur cardiaque double chambre asservi,CENTRE HOSPITALIER DE VALENCIENNES,ABBOTT MEDICAL FRANCE SAS,5768123.52,,2026-08-17
XSTIM - Stimulateur cardiaque double chambre asservi,CENTRE HOSPITALIER DE VALENCIENNES,MEDTRONIC FRANCE,882481.92,,2026-08-14
XCARD - IMPLANT POUR OCCLUSION D’UN FORAMEN OVALE PERMEABLE,CENTRE HOSPITALIER DE VALENCIENNES,ABBOTT MEDICAL FRANCE SAS,2124168.0,,2026-08-14
DM ORTHO.Lot 14:Prothèse Epaule ZIMMER BIOMET ou équivalent,RESEAU DES ACHETEURS HOSPITALIERS,ZIMMER BIOMET FRANCE,102333.0,,2026-08-11
FOURNITURE D’IMPLANTS D’ORTHOPÉDIE - ORTHOCAT - OSTÉOSYNTHÈSE: PLAQUE ET VIS,CENTRE HOSPITALIER UNIVERSITAIRE REIMS,ZIMMER BIOMET FRANCE,742653.9,,2026-08-06
FOURNITURE D’IMPLANTS D’ORTHOPÉDIE - ORTHOCAT - IMPLANT FIXATION LIGAMENTAIRE,CENTRE HOSPITALIER UNIVERSITAIRE REIMS,ZIMMER BIOMET FRANCE,71613.63,,2026-08-06
FOURNITURE D’IMPLANTS D’ORTHOPÉDIE - ORTHOCAT - PROTHÈSE GENOU,CENTRE HOSPITALIER UNIVERSITAIRE REIMS,ZIMMER BIOMET FRANCE,103167.01,,2026-08-06
FOURNITURE D’IMPLANTS D’ORTHOPÉDIE - ORTHOCAT - PROTHÈSE HANCHE,CENTRE HOSPITALIER UNIVERSITAIRE REIMS,ZIMMER BIOMET FRANCE,52872.0,,2026-08-06
FOURNITURE D’IMPLANTS D’ORTHOPÉDIE - ORTHOCAT - PROTHÈSE COUDE,CENTRE HOSPITALIER UNIVERSITAIRE REIMS,ZIMMER BIOMET FRANCE,193892.76,,2026-08-06
FOURNITURE D’IMPLANTS D’ORTHOPÉDIE - ORTCONC - GENOU : PROTHÈSE TOTALE GENOU À PLATEAU FIXE ET ROTATOIRE,CENTRE HOSPITALIER UNIVERSITAIRE REIMS,ZIMMER BIOMET FRANCE,1532250.6,,2026-08-06
"Fourniture de dispositifs médicaux de cardiologie, chirurgie vasculaire et neuroradiologie 
(Relance des lots 67-68-112-113-114-123, suite radiation codes LPPR) 
 - GAA- ENDOPROTHESE CORONAIRE A PRINCIPE ACTIF",CENTRE HOSPITALIER REGIONAL UNIVERSITAIRE DE TOURS (CHRU TROUSSEAU CHAMBRAY),MEDTRONIC FRANCE,1129144.0,,2026-08-04
"Fourniture de dispositifs médicaux de cardiologie, chirurgie vasculaire et neuroradiologie 
(Relance des lots 67-68-112-113-114-123, suite radiation codes LPPR) 
 - GAA- ENDOPROTHESE CORONAIRE A PRINCIPE ACTIF",CENTRE HOSPITALIER REGIONAL UNIVERSITAIRE DE TOURS (CHRU TROUSSEAU CHAMBRAY),BOSTON SCIENTIFIC,546840.0,,2026-08-04
"Fourniture de dispositifs médicaux de cardiologie, chirurgie vasculaire et neuroradiologie 
(Relance des lots 67-68-112-113-114-123, suite radiation codes LPPR) 
 - GAA- ENDOPROTHESE CORONAIRE A PRINCIPE ACTIF",CENTRE HOSPITALIER REGIONAL UNIVERSITAIRE DE TOURS (CHRU TROUSSEAU CHAMBRAY),ABBOTT MEDICAL FRANCE SAS,585329.6,,2026-08-04
XORTO - PROTHESE TOTALE DE GENOU POUR CHIRURGIE ROBOTISEE,CENTRE HOSPITALIER DE VALENCIENNES,ZIMMER BIOMET FRANCE,22341176.0,,2026-08-04
"Fourniture de dispositifs médicaux de cardiologie, chirurgie vasculaire et neuroradiologie 
(Relance des lots 67-68-112-113-114-123, suite radiation codes LPPR) 
 - DAU- CATHETER ANGIOPLASTIE PERIPHERIQUE AVEC PRINCIPE ACTIF",CENTRE HOSPITALIER REGIONAL UNIVERSITAIRE DE TOURS (CHRU TROUSSEAU CHAMBRAY),MEDTRONIC FRANCE,45571.5,,2026-08-04
"Fourniture de dispositifs médicaux de cardiologie, chirurgie vasculaire et neuroradiologie 
(Relance des lots 67-68-112-113-114-123, suite radiation codes LPPR) 
 - FBH- ENDOPROTHESE CAROTIDIENNE",CENTRE HOSPITALIER REGIONAL UNIVERSITAIRE DE TOURS (CHRU TROUSSEAU CHAMBRAY),BOSTON SCIENTIFIC,75000.0,,2026-08-04
Fourniture de dispositifs stériles pour coronarographie et angioplastie coronaire - Cathéter d’aspiration,GROUPE HOSPITALIER RANCE EMERAUDE,MEDTRONIC FRANCE,27000.0,,2026-08-01
Fourniture de dispositifs stériles pour coronarographie et angioplastie coronaire - Endoprothèse coronaire coatée à polymère bioresorbable,GROUPE HOSPITALIER RANCE EMERAUDE,BOSTON SCIENTIFIC,133742.0,,2026-08-01
Fourniture de dispositifs stériles pour coronarographie et angioplastie coronaire - Endoprothèse coronaire coatée à polymère durable avec diametre compris entre 2mm et 5mm,GROUPE HOSPITALIER RANCE EMERAUDE,MEDTRONIC FRANCE,357956.0,,2026-08-01
Fourniture de dispositifs stériles pour coronarographie et angioplastie coronaire - Endoprothèse coronaire coatée à polymère durable,GROUPE HOSPITALIER RANCE EMERAUDE,ABBOTT MEDICAL FRANCE SAS,664778.0,,2026-08-01
Fourniture de dispositifs stériles pour coronarographie et angioplastie coronaire - Cathéter guide,GROUPE HOSPITALIER RANCE EMERAUDE,MEDTRONIC FRANCE,152514.0,,2026-08-01
2026-0219 - FOURNITURE DE DISPOSITIFS MEDICAUX PROTHETIQUES IMPLANTABLES : FAMILLES ORL. UROLOGIE - SOFAMAO2 (2026-2029),CENTRE HOSPITALIER REGIONAL DE MARSEILLE (ASSISTANCE PUBLIQUE-HOPITAUX MARSEILLE),BOSTON SCIENTIFIC,525300.0,,2026-07-29
2026-0219 - FOURNITURE DE DISPOSITIFS MEDICAUX PROTHETIQUES IMPLANTABLES : FAMILLES ORL. UROLOGIE - SOFAMAO2 (2026-2029),CENTRE HOSPITALIER REGIONAL DE MARSEILLE (ASSISTANCE PUBLIQUE-HOPITAUX MARSEILLE),BOSTON SCIENTIFIC,525300.0,,2026-07-29
XCARD - CATHETER ABLATION  FA,CENTRE HOSPITALIER DE VALENCIENNES,ABBOTT MEDICAL FRANCE SAS,2048280.0,,2026-07-29
"2025-0785 - FOURNITURE DE DISPOSITIFS MEDICAUX PROTHETIQUES IMPLANTABLES : FAMILLES ENDOSCOPIE DIGESTIVE, CHIRURGIE PLASTIQUE ET REPARATRICE, ORL, PNEUMOLOGIE, UROLOGIE, GYNECOLOGIE - FAMDIVAO2 (2025-2029)",CENTRE HOSPITALIER REGIONAL DE MARSEILLE (ASSISTANCE PUBLIQUE-HOPITAUX MARSEILLE),MEDTRONIC FRANCE,12600.0,,2026-07-28
"2025-0785 - FOURNITURE DE DISPOSITIFS MEDICAUX PROTHETIQUES IMPLANTABLES : FAMILLES ENDOSCOPIE DIGESTIVE, CHIRURGIE PLASTIQUE ET REPARATRICE, ORL, PNEUMOLOGIE, UROLOGIE, GYNECOLOGIE - FAMDIVAO2 (2025-2029)",CENTRE HOSPITALIER REGIONAL DE MARSEILLE (ASSISTANCE PUBLIQUE-HOPITAUX MARSEILLE),BOSTON SCIENTIFIC,53835.0,,2026-07-28
LGS25 FOURNITURE  DE LIGATURES ¿ AUTOSUTURES ¿ PROTHESES VISCERALES,CTRE HOSPITALIER INTERCOM ALPES DU SUD (SITE HOSPITALIER DE GAP),JOHNSON & JOHNSON MEDICAL SAS,422998.18,,2026-07-28
LGS25 FOURNITURE  DE LIGATURES ¿ AUTOSUTURES ¿ PROTHESES VISCERALES,CTRE HOSPITALIER INTERCOM ALPES DU SUD (SITE HOSPITALIER DE GAP),MEDTRONIC FRANCE,446712.0,,2026-07-28
"2025-0785 - FOURNITURE DE DISPOSITIFS MEDICAUX PROTHETIQUES IMPLANTABLES : FAMILLES ENDOSCOPIE DIGESTIVE, CHIRURGIE PLASTIQUE ET REPARATRICE, ORL, PNEUMOLOGIE, UROLOGIE, GYNECOLOGIE - FAMDIVAO2 (2025-2029)",CENTRE HOSPITALIER REGIONAL DE MARSEILLE (ASSISTANCE PUBLIQUE-HOPITAUX MARSEILLE),BOSTON SCIENTIFIC,53835.0,,2026-07-28
"2025-0785 - FOURNITURE DE DISPOSITIFS MEDICAUX PROTHETIQUES IMPLANTABLES : FAMILLES ENDOSCOPIE DIGESTIVE, CHIRURGIE PLASTIQUE ET REPARATRICE, ORL, PNEUMOLOGIE, UROLOGIE, GYNECOLOGIE - FAMDIVAO2 (2025-2029)",CENTRE HOSPITALIER REGIONAL DE MARSEILLE (ASSISTANCE PUBLIQUE-HOPITAUX MARSEILLE),MEDTRONIC FRANCE,12600.0,,2026-07-28
FOURNITURE D’IMPLANTS D’ORTHOPÉDIE - ORTHOCAT - OSTÉOSYNTHÈSE: PLAQUE ET VIS,CENTRE HOSPITALIER UNIVERSITAIRE REIMS,STRYKER FRANCE SA,1171594.1,,2026-07-23
"Fourniture de dispositifs médicaux non implantables de Dialyse, Cathétérisme central et périphérique (MIDLINE), Système cardiovasculaire, Kits de surveillance de pression, Consommables haute pression pour injecteur, Système nerveux et Ophtalmologie - Lot 1 à 100 - Lot 57 : Cathéter ballonnet angioplastie coronaire, monorail, semi-compliant",RESEAU DES ACHETEURS HOSPITALIERS,ABBOTT MEDICAL FRANCE SAS,16296680.0,,2026-07-21
"Fourniture de dispositifs médicaux non implantables de Dialyse, Cathétérisme central et périphérique (MIDLINE), Système cardiovasculaire, Kits de surveillance de pression, Consommables haute pression pour injecteur, Système nerveux et Ophtalmologie - Lot 1 à 100 - Lot 48 : Système fermeture point de ponction artérielle chirurgical",RESEAU DES ACHETEURS HOSPITALIERS,ABBOTT MEDICAL FRANCE SAS,19044000.0,,2026-07-21
"Fourniture de dispositifs médicaux non implantables de Dialyse, Cathétérisme central et périphérique (MIDLINE), Système cardiovasculaire, Kits de surveillance de pression, Consommables haute pression pour injecteur, Système nerveux et Ophtalmologie - Lot 1 à 100 - Lot 55 : Cathéter ballonnet angioplastie coronaire, monorail, non compliant, revêtement hydrophile",RESEAU DES ACHETEURS HOSPITALIERS,ABBOTT MEDICAL FRANCE SAS,8659800.0,,2026-07-21
"Fourniture de dispositifs médicaux non implantables de Dialyse, Cathétérisme central et périphérique (MIDLINE), Système cardiovasculaire, Kits de surveillance de pression, Consommables haute pression pour injecteur, Système nerveux et Ophtalmologie - Lot 1 à 100 - Lot 22 : Concentré acide, vrac",RESEAU DES ACHETEURS HOSPITALIERS,MEDTRONIC FRANCE,2340780.0,,2026-07-21
"Fourniture de dispositifs médicaux non implantables de Dialyse, Cathétérisme central et périphérique (MIDLINE), Système cardiovasculaire, Kits de surveillance de pression, Consommables haute pression pour injecteur, Système nerveux et Ophtalmologie - Lots 101 à 177 - Lot 114: Sonde transoesophagienne procédure électrophysiologie",RESEAU DES ACHETEURS HOSPITALIERS,ABBOTT MEDICAL FRANCE SAS,8013200.0,,2026-07-21
"Fourniture de dispositifs médicaux non implantables de Dialyse, Cathétérisme central et périphérique (MIDLINE), Système cardiovasculaire, Kits de surveillance de pression, Consommables haute pression pour injecteur, Système nerveux et Ophtalmologie - Lot 1 à 100 - Lot 98 : Guide vasculaire périphérique 0.014"" à 0.018"" , recanalisation",RESEAU DES ACHETEURS HOSPITALIERS,ABBOTT MEDICAL FRANCE SAS,3474000.0,,2026-07-21
"Fourniture de dispositifs médicaux non implantables de Dialyse, Cathétérisme central et périphérique (MIDLINE), Système cardiovasculaire, Kits de surveillance de pression, Consommables haute pression pour injecteur, Système nerveux et Ophtalmologie - Lots 101 à 177 - Lot 105: Cathéter électrophysiologie conventionnelle, diagnostic, courbure fixe, PEBAX, 4 pôles",RESEAU DES ACHETEURS HOSPITALIERS,BIOTRONIK FRANCE,2372480.0,,2026-07-21
"Fourniture de dispositifs médicaux non implantables de Dialyse, Cathétérisme central et périphérique (MIDLINE), Système cardiovasculaire, Kits de surveillance de pression, Consommables haute pression pour injecteur, Système nerveux et Ophtalmologie - Lots 101 à 177 - Lot 113: Cathéter électrophysiologie ablation RF, irriguée, mesure de la force de contact",RESEAU DES ACHETEURS HOSPITALIERS,ABBOTT MEDICAL FRANCE SAS,14605200.0,,2026-07-21
"Fourniture de dispositifs médicaux non implantables de Dialyse, Cathétérisme central et périphérique (MIDLINE), Système cardiovasculaire, Kits de surveillance de pression, Consommables haute pression pour injecteur, Système nerveux et Ophtalmologie - Lots 101 à 177 - Lot 111: Cathéter électrophysiologie ablation RF, courbure bidirectionnelle",RESEAU DES ACHETEURS HOSPITALIERS,BOSTON SCIENTIFIC,9188176.0,,2026-07-21
"Fourniture de dispositifs médicaux non implantables de Dialyse, Cathétérisme central et périphérique (MIDLINE), Système cardiovasculaire, Kits de surveillance de pression, Consommables haute pression pour injecteur, Système nerveux et Ophtalmologie - Lots 101 à 177 - Lot 106: Cathéter électrophysiologie conventionnelle, diagnostic, courbure fixe, PUR, 4 et 10 pôles",RESEAU DES ACHETEURS HOSPITALIERS,BOSTON SCIENTIFIC,2708800.0,,2026-07-21
"Fourniture de dispositifs médicaux non implantables de Dialyse, Cathétérisme central et périphérique (MIDLINE), Système cardiovasculaire, Kits de surveillance de pression, Consommables haute pression pour injecteur, Système nerveux et Ophtalmologie - Lots 101 à 177 - Lot 107: Cathéter électrophysiologie conventionnelle, diagnostic, courbure orientable, PEBAX, 4 et 10 pôles",RESEAU DES ACHETEURS HOSPITALIERS,ABBOTT MEDICAL FRANCE SAS,12899200.0,,2026-07-21
"Fourniture de dispositifs médicaux non implantables de Dialyse, Cathétérisme central et périphérique (MIDLINE), Système cardiovasculaire, Kits de surveillance de pression, Consommables haute pression pour injecteur, Système nerveux et Ophtalmologie - Lots 101 à 177 - Lot 115: Gaine et Aiguille trans-septale",RESEAU DES ACHETEURS HOSPITALIERS,ABBOTT MEDICAL FRANCE SAS,20502000.0,,2026-07-21
"Fourniture de dispositifs médicaux non implantables de Dialyse, Cathétérisme central et périphérique (MIDLINE), Système cardiovasculaire, Kits de surveillance de pression, Consommables haute pression pour injecteur, Système nerveux et Ophtalmologie - Lot 1 à 100 - Lot 91 : Cathéter ballonnet angioplastie périphérique semi-compliant, recanalisation sous-poplitée",RESEAU DES ACHETEURS HOSPITALIERS,MEDTRONIC FRANCE,2490400.0,,2026-07-21
"Fourniture de dispositifs médicaux non implantables de Dialyse, Cathétérisme central et périphérique (MIDLINE), Système cardiovasculaire, Kits de surveillance de pression, Consommables haute pression pour injecteur, Système nerveux et Ophtalmologie - Lots 101 à 177 - Lot 110: Cathéter électrophysiologie ablation RF, courbure unidirectionnelle",RESEAU DES ACHETEURS HOSPITALIERS,ABBOTT MEDICAL FRANCE SAS,6356000.0,,2026-07-21
"Fourniture de dispositifs médicaux non implantables de Dialyse, Cathétérisme central et périphérique (MIDLINE), Système cardiovasculaire, Kits de surveillance de pression, Consommables haute pression pour injecteur, Système nerveux et Ophtalmologie - Lot 1 à 100 - Lot 64 : Cathéter Imagerie endocoronaire, Console tomographie cohérence optique OCT",RESEAU DES ACHETEURS HOSPITALIERS,ABBOTT MEDICAL FRANCE SAS,26931840.0,,2026-07-21
"Fourniture de dispositifs médicaux non implantables de Dialyse, Cathétérisme central et périphérique (MIDLINE), Système cardiovasculaire, Kits de surveillance de pression, Consommables haute pression pour injecteur, Système nerveux et Ophtalmologie - Lots 101 à 177 - Lot 104: Sonde-électrode stimulation temporaire bipolaire implantation percutanée",RESEAU DES ACHETEURS HOSPITALIERS,ABBOTT MEDICAL FRANCE SAS,914640.0,,2026-07-21
"Fourniture de dispositifs médicaux non implantables de Dialyse, Cathétérisme central et périphérique (MIDLINE), Système cardiovasculaire, Kits de surveillance de pression, Consommables haute pression pour injecteur, Système nerveux et Ophtalmologie - Lot 1 à 100 - Lot 54 : Cathéter ballonnet angioplastie coronaire, monorail, non compliant",RESEAU DES ACHETEURS HOSPITALIERS,ABBOTT MEDICAL FRANCE SAS,13516880.0,,2026-07-21
DMNI1026 DM non implantables 2025-R077 LOTS 35_36_48_54_55_57_64_77_90_98_104,RESEAU DES ACHETEURS HOSPITALIERS,ABBOTT MEDICAL FRANCE SAS,200000.0,,2026-07-21
"Fourniture de dispositifs médicaux non implantables de Dialyse, Cathétérisme central et périphérique (MIDLINE), Système cardiovasculaire, Kits de surveillance de pression, Consommables haute pression pour injecteur, Système nerveux et Ophtalmologie - Lot 1 à 100 - Lot 61 : Cathéter guide angioplastie coronaire, revêtement interne silicone 5 à 8Fr",RESEAU DES ACHETEURS HOSPITALIERS,MEDTRONIC FRANCE,25140752.0,,2026-07-21
"Fourniture de dispositifs médicaux non implantables de Dialyse, Cathétérisme central et périphérique (MIDLINE), Système cardiovasculaire, Kits de surveillance de pression, Consommables haute pression pour injecteur, Système nerveux et Ophtalmologie - Lot 1 à 100 - Lot 62 : Extension de cathéter guide flexible",RESEAU DES ACHETEURS HOSPITALIERS,BOSTON SCIENTIFIC,7249600.0,,2026-07-21
"Fourniture de dispositifs médicaux non implantables de Dialyse, Cathétérisme central et périphérique (MIDLINE), Système cardiovasculaire, Kits de surveillance de pression, Consommables haute pression pour injecteur, Système nerveux et Ophtalmologie - Lot 1 à 100 - Lot 63 : Cathéter Echographie endocoronaire, Console-Module IVUS (intravascular ultrasound)",RESEAU DES ACHETEURS HOSPITALIERS,BOSTON SCIENTIFIC,11436400.0,,2026-07-21
"Fourniture de dispositifs médicaux non implantables de Dialyse, Cathétérisme central et périphérique (MIDLINE), Système cardiovasculaire, Kits de surveillance de pression, Consommables haute pression pour injecteur, Système nerveux et Ophtalmologie - Lot 1 à 100 - Lot 77 : Guide mesure Fraction Flux de Réserve coronaire (FFR)",RESEAU DES ACHETEURS HOSPITALIERS,ABBOTT MEDICAL FRANCE SAS,29274000.0,,2026-07-21
"Fourniture de dispositifs médicaux non implantables de Dialyse, Cathétérisme central et périphérique (MIDLINE), Système cardiovasculaire, Kits de surveillance de pression, Consommables haute pression pour injecteur, Système nerveux et Ophtalmologie - Lot 1 à 100 - Lot 80 : Système protection distale capture d’embol",RESEAU DES ACHETEURS HOSPITALIERS,MEDTRONIC FRANCE,2960000.0,,2026-07-21
"Fourniture de dispositifs médicaux non implantables de Dialyse, Cathétérisme central et périphérique (MIDLINE), Système cardiovasculaire, Kits de surveillance de pression, Consommables haute pression pour injecteur, Système nerveux et Ophtalmologie - Lot 1 à 100 - Lot 35 : Valve hémostatique mixte à vis et à poussoir",RESEAU DES ACHETEURS HOSPITALIERS,ABBOTT MEDICAL FRANCE SAS,612800.0,,2026-07-21
"Fourniture de dispositifs médicaux non implantables de Dialyse, Cathétérisme central et périphérique (MIDLINE), Système cardiovasculaire, Kits de surveillance de pression, Consommables haute pression pour injecteur, Système nerveux et Ophtalmologie - Lot 1 à 100 - Lot 82 : Cathéter ballonnet modelage endoprothèse aortique",RESEAU DES ACHETEURS HOSPITALIERS,MEDTRONIC FRANCE,1736000.0,,2026-07-21
"Fourniture de dispositifs médicaux non implantables de Dialyse, Cathétérisme central et périphérique (MIDLINE), Système cardiovasculaire, Kits de surveillance de pression, Consommables haute pression pour injecteur, Système nerveux et Ophtalmologie - Lot 1 à 100 - Lot 36 : Kit inflation (seringue inflation, tubulure, valve, torquer..)",RESEAU DES ACHETEURS HOSPITALIERS,ABBOTT MEDICAL FRANCE SAS,31315720.0,,2026-07-21
"Fourniture de dispositifs médicaux non implantables de Dialyse, Cathétérisme central et périphérique (MIDLINE), Système cardiovasculaire, Kits de surveillance de pression, Consommables haute pression pour injecteur, Système nerveux et Ophtalmologie - Lots 101 à 177 - Lot 116: Aiguile de ponction trans-septale par radiofréquence",RESEAU DES ACHETEURS HOSPITALIERS,BOSTON SCIENTIFIC,12054000.0,,2026-07-21
"Fourniture de dispositifs médicaux non implantables de Dialyse, Cathétérisme central et périphérique (MIDLINE), Système cardiovasculaire, Kits de surveillance de pression, Consommables haute pression pour injecteur, Système nerveux et Ophtalmologie - Lot 1 à 100 - Lot 90 : Cathéter ballonnet angioplastie périphérique semi-compliant, guide 0.035""",RESEAU DES ACHETEURS HOSPITALIERS,ABBOTT MEDICAL FRANCE SAS,7679200.0,,2026-07-21
"Fourniture de dispositifs médicaux non implantables de Dialyse, Cathétérisme central et périphérique (MIDLINE), Système cardiovasculaire, Kits de surveillance de pression, Consommables haute pression pour injecteur, Système nerveux et Ophtalmologie - Lots 101 à 177 - Lot 109: Cathéter électrophysiologie conventionnelle, diagnostic, courbure orientable, 20 Pôles",RESEAU DES ACHETEURS HOSPITALIERS,ABBOTT MEDICAL FRANCE SAS,3657200.0,,2026-07-21
CMF.IMPLANTS CRANIO-FACIAU S/M,CENTRE HOSPITALIER UNIVERSITAIRE DE TOULOUSE (HOTEL DIEU SAINT JACQUES),STRYKER FRANCE SA,684165.0,,2026-07-09
ORTCONC Epaule : Prothèse Totale Epaule Anatomique convertible et traumatologie,CENTRE HOSPITALIER UNIVERSITAIRE REIMS,STRYKER FRANCE SA,1872642.0,,2026-07-08
"STM25 FOURNITURE DE DISPOSITIFS MEDICAUX STERILES ET DISPOSITIFS MEDICAUX IMPLANTABLES, DE RYTHMOLOGIE ET D¿ELECTROPHYSIOLOGIE",CTRE HOSPITALIER INTERCOM ALPES DU SUD (SITE HOSPITALIER DE GAP),BIOTRONIK FRANCE,330420.64,,2026-07-03
XRADI - STENT RETRIEVER TRES PETIT DIAMETRE,CENTRE HOSPITALIER DE VALENCIENNES,STRYKER FRANCE SA,439084.8,,2026-07-03
XORTO - PROTHESE TOTALE DE GENOU à CHARNIERE ROTATOIRE,CENTRE HOSPITALIER DE VALENCIENNES,ZIMMER BIOMET FRANCE,803136.0,,2026-07-03
XRADI-2 ENDOPROTHESE VASCULAIRE CRANIENNE,CENTRE HOSPITALIER DE VALENCIENNES,STRYKER FRANCE SA,156682.2,,2026-07-01
"Fourniture de dispositifs médicaux du domaine de la cardiologie interventionnelle, de l’abord vasculaire périphérique, de la radiologie interventionnelle, des endoprothèses, de la neuroradiologie et de la radiologie AO-2024-177",CENTRE HOSPITALIER UNIVERSITAIRE DE LILLE,STRYKER FRANCE SA,5875200.0,,2026-07-01
RYT 24 - HOLTER ECG IMPLANTABLE,CENTRE HOSPITALIER UNIVERSITAIRE DE TOULOUSE (HOTEL DIEU SAINT JACQUES),ABBOTT MEDICAL FRANCE SAS,801198.0,,2026-06-22
"FOURNITURES DE DISPOSITIFS MEDICAUX IMPLANTABLES ET DISPOSITIFS MEDICAUX SPECIALISES 2025 –
N°MNSP25DMISP",CENTRE HOSPITALIER UNIVERSITAIRE GRENOBLE ALPES (HOPITAL NORD),STRYKER FRANCE SA,1600000.0,suspect,2026-06-22
Fourniture de prothèses orthopédiques et d’accessoires d’ostéosynthèses pour le Centre Hospitalier de la Région de Saint-Omer,CENTRE HOSPITALIER DE DUNKERQUE,STRYKER FRANCE SA,35386.32,,2026-06-18
Fourniture de prothèses orthopédiques et d’accessoires d’ostéosynthèses pour le Centre Hospitalier de la Région de Saint-Omer,CENTRE HOSPITALIER DE DUNKERQUE,ZIMMER BIOMET FRANCE,148912.12,,2026-06-18
Fourniture de prothèses orthopédiques et d’accessoires d’ostéosynthèses pour le Centre Hospitalier de la Région de Saint-Omer,CENTRE HOSPITALIER DE DUNKERQUE,JOHNSON & JOHNSON MEDICAL SAS,35386.32,,2026-06-18
"HCL FOURNITURE DE STENTS CORONAIRES, BALLONS ACTIFS, CATHETERS DE DILATATION ET SERVICES ASSOCIES",CTRE HOSPITALIER VILLEFRANCHE S SAONE,ABBOTT MEDICAL FRANCE SAS,213270.0,,2026-06-18
XSTIM - Holter implantable,CENTRE HOSPITALIER DE VALENCIENNES,BIOTRONIK FRANCE,5154360.0,,2026-06-16
XRADI - STENT RETRIEVER PETIT DIAMETRE,CENTRE HOSPITALIER DE VALENCIENNES,MEDTRONIC FRANCE,961804.8,,2026-06-16
FOURNITURE D’IMPLANTS D’ORTHOPÉDIE - ORTHOCAT - CLOU CENTRO-MÉDULLAIRE,CENTRE HOSPITALIER UNIVERSITAIRE REIMS,JOHNSON & JOHNSON MEDICAL SAS,48416.1,,2026-06-11
XPORA - CATHETER D’ELECTROPORATION,CENTRE HOSPITALIER DE VALENCIENNES,BOSTON SCIENTIFIC,2189000.0,,2026-06-09
Fournitures de produits pharmaceutiques: Dispositifs Médicaux Stériles au Groupement GAULoYS (280 lots) - CATHETER DRAINAGE BILIAIRE - STERILE,CTRE HOSPITALIER INTERCOMMUNAL AGGLOMERATION DE NEVERS,BOSTON SCIENTIFIC,0.0,,2026-06-08
RYT 24 - HOLTER ECG IMPLANTABLE,CENTRE HOSPITALIER UNIVERSITAIRE DE TOULOUSE (HOTEL DIEU SAINT JACQUES),BIOTRONIK FRANCE,801198.0,,2026-06-08
DM ORTHO. Lot 4:Hanche : Prothèse Totale Hanche tous couples de frottements et double mobilité,RESEAU DES ACHETEURS HOSPITALIERS,STRYKER FRANCE SA,88479.0,,2026-06-05
"Fourniture de dispositifs médicaux de cardiologie, électrophysiologie, radiologie, chirurgie cardiaque, chirurgie vasculaire, neuroradiologie, assistance monitoring invasif  et mise à disposition des équipements associés - GAI- CATHETER ANGIOPLASTIE CORONAIRE NON COMPLIANT",CENTRE HOSPITALIER REGIONAL UNIVERSITAIRE DE TOURS (CHRU TROUSSEAU CHAMBRAY),ABBOTT MEDICAL FRANCE SAS,170000.0,,2026-06-03
"Fourniture de dispositifs médicaux de cardiologie, électrophysiologie, radiologie, chirurgie cardiaque, chirurgie vasculaire, neuroradiologie, assistance monitoring invasif  et mise à disposition des équipements associés - GAJ- CATHETER ANGIOPLASTIE CORONAIRE SEMI-COMPLIANT",CENTRE HOSPITALIER REGIONAL UNIVERSITAIRE DE TOURS (CHRU TROUSSEAU CHAMBRAY),ABBOTT MEDICAL FRANCE SAS,396000.0,,2026-06-03
"Fourniture de dispositifs médicaux de cardiologie, électrophysiologie, radiologie, chirurgie cardiaque, chirurgie vasculaire, neuroradiologie, assistance monitoring invasif  et mise à disposition des équipements associés - GAC- ENDOPROTHESE CARDIAQUE",CENTRE HOSPITALIER REGIONAL UNIVERSITAIRE DE TOURS (CHRU TROUSSEAU CHAMBRAY),ABBOTT MEDICAL FRANCE SAS,708056.0,,2026-06-03
"Fourniture de dispositifs médicaux de cardiologie, électrophysiologie, radiologie, chirurgie cardiaque, chirurgie vasculaire, neuroradiologie, assistance monitoring invasif  et mise à disposition des équipements associés - GAD-  ENDOPROTHESE CARDIAQUE",CENTRE HOSPITALIER REGIONAL UNIVERSITAIRE DE TOURS (CHRU TROUSSEAU CHAMBRAY),ABBOTT MEDICAL FRANCE SAS,630878.4,,2026-06-03
"Fourniture de dispositifs médicaux de cardiologie, électrophysiologie, radiologie, chirurgie cardiaque, chirurgie vasculaire, neuroradiologie, assistance monitoring invasif  et mise à disposition des équipements associés - GAE- ENDOPROTHESE CARDIAQUE",CENTRE HOSPITALIER REGIONAL UNIVERSITAIRE DE TOURS (CHRU TROUSSEAU CHAMBRAY),ABBOTT MEDICAL FRANCE SAS,803614.0,,2026-06-03
"Fourniture de dispositifs médicaux de cardiologie, électrophysiologie, radiologie, chirurgie cardiaque, chirurgie vasculaire, neuroradiologie, assistance monitoring invasif  et mise à disposition des équipements associés - GAH- ENDOPROTHESE CARDIAQUE",CENTRE HOSPITALIER REGIONAL UNIVERSITAIRE DE TOURS (CHRU TROUSSEAU CHAMBRAY),ABBOTT MEDICAL FRANCE SAS,75649.0,,2026-06-03
"Fourniture de dispositifs médicaux de cardiologie, électrophysiologie, radiologie, chirurgie cardiaque, chirurgie vasculaire, neuroradiologie, assistance monitoring invasif  et mise à disposition des équipements associés - KAA- CATHETER DIAGNOSTIC BIPOLAIRE OU QUADRIPOLAIRE",CENTRE HOSPITALIER REGIONAL UNIVERSITAIRE DE TOURS (CHRU TROUSSEAU CHAMBRAY),ABBOTT MEDICAL FRANCE SAS,363168.0,,2026-06-02
"Fourniture de dispositifs médicaux de cardiologie, électrophysiologie, radiologie, chirurgie cardiaque, chirurgie vasculaire, neuroradiologie, assistance monitoring invasif  et mise à disposition des équipements associés - JAD- STIMULATEUR CARDIAQUE IMPLANTABLE",CENTRE HOSPITALIER REGIONAL UNIVERSITAIRE DE TOURS (CHRU TROUSSEAU CHAMBRAY),BIOTRONIK FRANCE,1532219.2,,2026-06-02
"Fourniture de dispositifs médicaux de cardiologie, électrophysiologie, radiologie, chirurgie cardiaque, chirurgie vasculaire, neuroradiologie, assistance monitoring invasif  et mise à disposition des équipements associés - JAD- STIMULATEUR CARDIAQUE IMPLANTABLE",CENTRE HOSPITALIER REGIONAL UNIVERSITAIRE DE TOURS (CHRU TROUSSEAU CHAMBRAY),BOSTON SCIENTIFIC,1149164.4,,2026-06-02
"Fourniture d¿implants d¿orthopédie, pour prothèses articulaires, pour ostéosynthèse, pour ligamentoplastie, de ciment orthopédique et prêt des ancillaires associés",CTRE HOSPITALIER VILLEFRANCHE S SAONE,STRYKER FRANCE SA,496861.64,,2026-06-02
"Fourniture de dispositifs médicaux de cardiologie, électrophysiologie, radiologie, chirurgie cardiaque, chirurgie vasculaire, neuroradiologie, assistance monitoring invasif  et mise à disposition des équipements associés - KAA- CATHETER DIAGNOSTIC BIPOLAIRE OU QUADRIPOLAIRE",CENTRE HOSPITALIER REGIONAL UNIVERSITAIRE DE TOURS (CHRU TROUSSEAU CHAMBRAY),BOSTON SCIENTIFIC,112112.0,,2026-06-02
"Fourniture de dispositifs médicaux de cardiologie, électrophysiologie, radiologie, chirurgie cardiaque, chirurgie vasculaire, neuroradiologie, assistance monitoring invasif  et mise à disposition des équipements associés - GAX- EXTENSION DE CATHETER GUIDE SANS SIDE HOLES",CENTRE HOSPITALIER REGIONAL UNIVERSITAIRE DE TOURS (CHRU TROUSSEAU CHAMBRAY),BOSTON SCIENTIFIC,114000.0,,2026-06-02
"Fourniture de dispositifs médicaux de cardiologie, électrophysiologie, radiologie, chirurgie cardiaque, chirurgie vasculaire, neuroradiologie, assistance monitoring invasif  et mise à disposition des équipements associés - DAA- ENDOPROTHESE AORTIQUE ABDOMINALE SUS RENALE",CENTRE HOSPITALIER REGIONAL UNIVERSITAIRE DE TOURS (CHRU TROUSSEAU CHAMBRAY),MEDTRONIC FRANCE,56667.36,,2026-06-02
"Fourniture de dispositifs médicaux de cardiologie, électrophysiologie, radiologie, chirurgie cardiaque, chirurgie vasculaire, neuroradiologie, assistance monitoring invasif  et mise à disposition des équipements associés - JAA- DEFIBRILLATEUR CARDIAQUE IMPLANTABLE",CENTRE HOSPITALIER REGIONAL UNIVERSITAIRE DE TOURS (CHRU TROUSSEAU CHAMBRAY),BIOTRONIK FRANCE,2051096.8,,2026-06-02
"Fourniture de dispositifs médicaux de cardiologie, électrophysiologie, radiologie, chirurgie cardiaque, chirurgie vasculaire, neuroradiologie, assistance monitoring invasif  et mise à disposition des équipements associés - JAA- DEFIBRILLATEUR CARDIAQUE IMPLANTABLE",CENTRE HOSPITALIER REGIONAL UNIVERSITAIRE DE TOURS (CHRU TROUSSEAU CHAMBRAY),ABBOTT MEDICAL FRANCE SAS,2062832.26,,2026-06-02
"Fourniture de dispositifs médicaux de cardiologie, électrophysiologie, radiologie, chirurgie cardiaque, chirurgie vasculaire, neuroradiologie, assistance monitoring invasif  et mise à disposition des équipements associés - JAB- DEFIBRILLATEUR EXTRA-VASCULAIRE AVEC SONDE SOUS STERNALE",CENTRE HOSPITALIER REGIONAL UNIVERSITAIRE DE TOURS (CHRU TROUSSEAU CHAMBRAY),MEDTRONIC FRANCE,640000.0,,2026-06-02
"Fourniture de dispositifs médicaux de cardiologie, électrophysiologie, radiologie, chirurgie cardiaque, chirurgie vasculaire, neuroradiologie, assistance monitoring invasif  et mise à disposition des équipements associés - JAD- STIMULATEUR CARDIAQUE IMPLANTABLE",CENTRE HOSPITALIER REGIONAL UNIVERSITAIRE DE TOURS (CHRU TROUSSEAU CHAMBRAY),ABBOTT MEDICAL FRANCE SAS,998103.6,,2026-06-02
"Fourniture de dispositifs médicaux de cardiologie, électrophysiologie, radiologie, chirurgie cardiaque, chirurgie vasculaire, neuroradiologie, assistance monitoring invasif  et mise à disposition des équipements associés - DAP- ENDOPROTHESE INDICATION ARTERES DE JAMBES",CENTRE HOSPITALIER REGIONAL UNIVERSITAIRE DE TOURS (CHRU TROUSSEAU CHAMBRAY),GETINGE FRANCE,95620.8,,2026-06-02
"Fourniture de dispositifs médicaux de cardiologie, électrophysiologie, radiologie, chirurgie cardiaque, chirurgie vasculaire, neuroradiologie, assistance monitoring invasif  et mise à disposition des équipements associés - DAK- ENDOPROTHESE VASCULAIRE AUTO-EXPANSIBLE",CENTRE HOSPITALIER REGIONAL UNIVERSITAIRE DE TOURS (CHRU TROUSSEAU CHAMBRAY),BOSTON SCIENTIFIC,594000.0,,2026-06-02
"Fourniture de dispositifs médicaux de cardiologie, électrophysiologie, radiologie, chirurgie cardiaque, chirurgie vasculaire, neuroradiologie, assistance monitoring invasif  et mise à disposition des équipements associés - DAH- PROTHESE VASCULAIRE DROITE ET BIFURQUEE TRICOTEE",CENTRE HOSPITALIER REGIONAL UNIVERSITAIRE DE TOURS (CHRU TROUSSEAU CHAMBRAY),GETINGE FRANCE,57184.2,,2026-06-02
"Fourniture de dispositifs médicaux de cardiologie, électrophysiologie, radiologie, chirurgie cardiaque, chirurgie vasculaire, neuroradiologie, assistance monitoring invasif  et mise à disposition des équipements associés - AAI- PROTHESE DE RACINE AORTIQUE AVEC RENFLEMENT TYPE VALSALVA",CENTRE HOSPITALIER REGIONAL UNIVERSITAIRE DE TOURS (CHRU TROUSSEAU CHAMBRAY),GETINGE FRANCE,69324.8,,2026-06-02
"Fourniture de dispositifs médicaux de cardiologie, électrophysiologie, radiologie, chirurgie cardiaque, chirurgie vasculaire, neuroradiologie, assistance monitoring invasif  et mise à disposition des équipements associés - IAE- CATHETER THERM.POUR MONITEUR PICCO",CENTRE HOSPITALIER REGIONAL UNIVERSITAIRE DE TOURS (CHRU TROUSSEAU CHAMBRAY),GETINGE FRANCE,177984.0,,2026-06-02
"Fourniture de dispositifs médicaux de cardiologie, électrophysiologie, radiologie, chirurgie cardiaque, chirurgie vasculaire, neuroradiologie, assistance monitoring invasif  et mise à disposition des équipements associés - KAC- CATHETER D’ABLATION THERAPEUTIQUE",CENTRE HOSPITALIER REGIONAL UNIVERSITAIRE DE TOURS (CHRU TROUSSEAU CHAMBRAY),ABBOTT MEDICAL FRANCE SAS,96720.0,,2026-06-02
"Fourniture de dispositifs médicaux de cardiologie, électrophysiologie, radiologie, chirurgie cardiaque, chirurgie vasculaire, neuroradiologie, assistance monitoring invasif  et mise à disposition des équipements associés - KAC- CATHETER D’ABLATION THERAPEUTIQUE",CENTRE HOSPITALIER REGIONAL UNIVERSITAIRE DE TOURS (CHRU TROUSSEAU CHAMBRAY),JOHNSON & JOHNSON MEDICAL SAS,167598.0,,2026-06-02
"Fourniture de dispositifs médicaux de cardiologie, électrophysiologie, radiologie, chirurgie cardiaque, chirurgie vasculaire, neuroradiologie, assistance monitoring invasif  et mise à disposition des équipements associés - KAD- CATHETER PR PROCEDURES D’ABLATION PAR RADIOFREQUENCE D’ARYTHMIE AVEC SON SYSTEME DE NAVIGATIO",CENTRE HOSPITALIER REGIONAL UNIVERSITAIRE DE TOURS (CHRU TROUSSEAU CHAMBRAY),BOSTON SCIENTIFIC,574210.0,,2026-06-02
"Fourniture de dispositifs médicaux de cardiologie, électrophysiologie, radiologie, chirurgie cardiaque, chirurgie vasculaire, neuroradiologie, assistance monitoring invasif  et mise à disposition des équipements associés - KAD- CATHETER PR PROCEDURES D’ABLATION PAR RADIOFREQUENCE D’ARYTHMIE AVEC SON SYSTEME DE NAVIGATIO",CENTRE HOSPITALIER REGIONAL UNIVERSITAIRE DE TOURS (CHRU TROUSSEAU CHAMBRAY),ABBOTT MEDICAL FRANCE SAS,1940310.0,,2026-06-02
"Fourniture de dispositifs médicaux de cardiologie, électrophysiologie, radiologie, chirurgie cardiaque, chirurgie vasculaire, neuroradiologie, assistance monitoring invasif  et mise à disposition des équipements associés - KAD- CATHETER PR PROCEDURES D’ABLATION PAR RADIOFREQUENCE D’ARYTHMIE AVEC SON SYSTEME DE NAVIGATIO",CENTRE HOSPITALIER REGIONAL UNIVERSITAIRE DE TOURS (CHRU TROUSSEAU CHAMBRAY),JOHNSON & JOHNSON MEDICAL SAS,4537050.0,,2026-06-02
"Fourniture de dispositifs médicaux de cardiologie, électrophysiologie, radiologie, chirurgie cardiaque, chirurgie vasculaire, neuroradiologie, assistance monitoring invasif  et mise à disposition des équipements associés - KAF- CATHETER POUR ABLATION SINGLE SHOT",CENTRE HOSPITALIER REGIONAL UNIVERSITAIRE DE TOURS (CHRU TROUSSEAU CHAMBRAY),MEDTRONIC FRANCE,3360000.0,,2026-06-02
"Fourniture de dispositifs médicaux de cardiologie, électrophysiologie, radiologie, chirurgie cardiaque, chirurgie vasculaire, neuroradiologie, assistance monitoring invasif  et mise à disposition des équipements associés - JAC- DEFIBRILLATEUR EXTRA-VASCULAIRE AVEC SONDE SOUS CUTANEE",CENTRE HOSPITALIER REGIONAL UNIVERSITAIRE DE TOURS (CHRU TROUSSEAU CHAMBRAY),BOSTON SCIENTIFIC,3259770.0,,2026-06-02
"Fourniture de dispositifs médicaux de cardiologie, électrophysiologie, radiologie, chirurgie cardiaque, chirurgie vasculaire, neuroradiologie, assistance monitoring invasif  et mise à disposition des équipements associés - JAA- DEFIBRILLATEUR CARDIAQUE IMPLANTABLE",CENTRE HOSPITALIER REGIONAL UNIVERSITAIRE DE TOURS (CHRU TROUSSEAU CHAMBRAY),MEDTRONIC FRANCE,3060970.8,,2026-06-02
"Fourniture de dispositifs médicaux de cardiologie, électrophysiologie, radiologie, chirurgie cardiaque, chirurgie vasculaire, neuroradiologie, assistance monitoring invasif  et mise à disposition des équipements associés - JAA- DEFIBRILLATEUR CARDIAQUE IMPLANTABLE",CENTRE HOSPITALIER REGIONAL UNIVERSITAIRE DE TOURS (CHRU TROUSSEAU CHAMBRAY),BOSTON SCIENTIFIC,1633679.8,,2026-06-02
"Fourniture de dispositifs médicaux de cardiologie, électrophysiologie, radiologie, chirurgie cardiaque, chirurgie vasculaire, neuroradiologie, assistance monitoring invasif  et mise à disposition des équipements associés - FAQ- CATHETER GUIDE D’ACCES RADIAL",CENTRE HOSPITALIER REGIONAL UNIVERSITAIRE DE TOURS (CHRU TROUSSEAU CHAMBRAY),MEDTRONIC FRANCE,70000.0,,2026-06-02
"Fourniture de dispositifs médicaux de cardiologie, électrophysiologie, radiologie, chirurgie cardiaque, chirurgie vasculaire, neuroradiologie, assistance monitoring invasif  et mise à disposition des équipements associés - FAY- MICRO-CATHETER GUIDE DEPENDANT",CENTRE HOSPITALIER REGIONAL UNIVERSITAIRE DE TOURS (CHRU TROUSSEAU CHAMBRAY),MEDTRONIC FRANCE,171600.0,,2026-06-02
"Fourniture de dispositifs médicaux de cardiologie, électrophysiologie, radiologie, chirurgie cardiaque, chirurgie vasculaire, neuroradiologie, assistance monitoring invasif  et mise à disposition des équipements associés - DAO- ENDOPROTHESE VASCULAIRE AUTO-EXPANSIBLE AVEC PRINCIPE ACTIF",CENTRE HOSPITALIER REGIONAL UNIVERSITAIRE DE TOURS (CHRU TROUSSEAU CHAMBRAY),BOSTON SCIENTIFIC,163644.0,,2026-06-02
"Fourniture de dispositifs médicaux de cardiologie, électrophysiologie, radiologie, chirurgie cardiaque, chirurgie vasculaire, neuroradiologie, assistance monitoring invasif  et mise à disposition des équipements associés - DAN ENDOPROTHESE VASCULAIRE EXPANSION PAR BALLONNET COUVERTE",CENTRE HOSPITALIER REGIONAL UNIVERSITAIRE DE TOURS (CHRU TROUSSEAU CHAMBRAY),GETINGE FRANCE,394310.4,,2026-06-02
"Fourniture de dispositifs médicaux de cardiologie, électrophysiologie, radiologie, chirurgie cardiaque, chirurgie vasculaire, neuroradiologie, assistance monitoring invasif  et mise à disposition des équipements associés - DAK- ENDOPROTHESE VASCULAIRE AUTO-EXPANSIBLE",CENTRE HOSPITALIER REGIONAL UNIVERSITAIRE DE TOURS (CHRU TROUSSEAU CHAMBRAY),ABBOTT MEDICAL FRANCE SAS,422564.4,,2026-06-02
"Fourniture de dispositifs médicaux de cardiologie, électrophysiologie, radiologie, chirurgie cardiaque, chirurgie vasculaire, neuroradiologie, assistance monitoring invasif  et mise à disposition des équipements associés - DAG-  PROTHESE VASCULAIRE POLYESTER",CENTRE HOSPITALIER REGIONAL UNIVERSITAIRE DE TOURS (CHRU TROUSSEAU CHAMBRAY),GETINGE FRANCE,95604.0,,2026-06-02
"Fourniture de dispositifs médicaux de cardiologie, électrophysiologie, radiologie, chirurgie cardiaque, chirurgie vasculaire, neuroradiologie, assistance monitoring invasif  et mise à disposition des équipements associés - FAA- ENDOPROTHESE INTRACRANIENNE - FLOW DIVERTER",CENTRE HOSPITALIER REGIONAL UNIVERSITAIRE DE TOURS (CHRU TROUSSEAU CHAMBRAY),STRYKER FRANCE SA,1340976.6,,2026-06-02
"Fourniture de dispositifs médicaux de cardiologie, électrophysiologie, radiologie, chirurgie cardiaque, chirurgie vasculaire, neuroradiologie, assistance monitoring invasif  et mise à disposition des équipements associés - KAC- CATHETER D’ABLATION THERAPEUTIQUE",CENTRE HOSPITALIER REGIONAL UNIVERSITAIRE DE TOURS (CHRU TROUSSEAU CHAMBRAY),BOSTON SCIENTIFIC,297360.0,,2026-06-02
"Fourniture de dispositifs médicaux de cardiologie, électrophysiologie, radiologie, chirurgie cardiaque, chirurgie vasculaire, neuroradiologie, assistance monitoring invasif  et mise à disposition des équipements associés - FAD- ENDOPROTHESE INTRACRANIENNE A CELLULES OUVERTES",CENTRE HOSPITALIER REGIONAL UNIVERSITAIRE DE TOURS (CHRU TROUSSEAU CHAMBRAY),STRYKER FRANCE SA,678956.2,,2026-06-02
"Fourniture de dispositifs médicaux de cardiologie, électrophysiologie, radiologie, chirurgie cardiaque, chirurgie vasculaire, neuroradiologie, assistance monitoring invasif  et mise à disposition des équipements associés - JAD- STIMULATEUR CARDIAQUE IMPLANTABLE",CENTRE HOSPITALIER REGIONAL UNIVERSITAIRE DE TOURS (CHRU TROUSSEAU CHAMBRAY),MEDTRONIC FRANCE,2298328.8,,2026-06-02
"Fourniture de dispositifs médicaux de cardiologie, électrophysiologie, radiologie, chirurgie cardiaque, chirurgie vasculaire, neuroradiologie, assistance monitoring invasif  et mise à disposition des équipements associés - KAB- CATHETER DIAGNOSTIC ORIENTABLE DECA OU DUODECAPOLAIRE",CENTRE HOSPITALIER REGIONAL UNIVERSITAIRE DE TOURS (CHRU TROUSSEAU CHAMBRAY),ABBOTT MEDICAL FRANCE SAS,273000.0,,2026-06-02
"Fourniture de dispositifs médicaux de cardiologie, électrophysiologie, radiologie, chirurgie cardiaque, chirurgie vasculaire, neuroradiologie, assistance monitoring invasif  et mise à disposition des équipements associés - GAS- CATHETER GUIDE",CENTRE HOSPITALIER REGIONAL UNIVERSITAIRE DE TOURS (CHRU TROUSSEAU CHAMBRAY),MEDTRONIC FRANCE,446600.0,,2026-06-02
"Fourniture de dispositifs médicaux de cardiologie, électrophysiologie, radiologie, chirurgie cardiaque, chirurgie vasculaire, neuroradiologie, assistance monitoring invasif  et mise à disposition des équipements associés - KAB- CATHETER DIAGNOSTIC ORIENTABLE DECA OU DUODECAPOLAIRE",CENTRE HOSPITALIER REGIONAL UNIVERSITAIRE DE TOURS (CHRU TROUSSEAU CHAMBRAY),BOSTON SCIENTIFIC,270816.0,,2026-06-02
RESAH ORTHOCAT Implant Rachis STRYKER ou équivalent,CTRE HOSPITALIER VILLEFRANCHE S SAONE,STRYKER FRANCE SA,194693.36,,2026-06-01
FOURNITURE DE PROTHESES VASCULAIRES_LOT 4-5-6-7,GROUPE HOSPITALIER DE LA REGION DE MULHOUSE ET SUD ALSACE (HOPITAL DU HASENRAIN),GETINGE FRANCE,543894.02,,2026-06-01
IMPLANT INJECTABLE CORDES VOCALES,CENTRE HOSPITALIER UNIVERSITAIRE REIMS,MEDTRONIC FRANCE,47200.0,,2026-06-01
"FOURNITURE DE DISPOSITIFS MEDICAUX STERILES DE CORONAROGRAPHIE, D’ANGIOPLASTIE ET DE RYTHMOLOGIE - ENDOPROTHESE CORONAIRE COUVERTE",GROUPE HOSPITALIER SAINTES-SAINT-JEAN-D'ANGELY,BIOTRONIK FRANCE,36972.0,,2026-05-29
FOURNITURE D’IMPLANTS D’ORTHOPÉDIE - ORTHOCAT - PROTHÈSE GENOU,CENTRE HOSPITALIER UNIVERSITAIRE REIMS,STRYKER FRANCE SA,326749.45,,2026-05-28
XVASS - ENDOPROTHESE VASCULAIRE PERIPHERIQUE COUVERTE,CENTRE HOSPITALIER DE VALENCIENNES,GETINGE FRANCE,98577.6,,2026-05-27
XRADI - CATHETER PORTEUR DOUBLE LUMIERE A BALLONNET,CENTRE HOSPITALIER DE VALENCIENNES,MEDTRONIC FRANCE,476280.0,,2026-05-26
"XRADI - IMPLANT D’EMBOLISATION ARTERIELLE METALLIQUE POUSSE, ARTERES PERIPHERIQUES",CENTRE HOSPITALIER DE VALENCIENNES,BOSTON SCIENTIFIC,97392.0,,2026-05-26
XRADI - MICRO GUIDE POUR CATHETERISME DIFFICILE,CENTRE HOSPITALIER DE VALENCIENNES,STRYKER FRANCE SA,844800.0,,2026-05-26
XRADI - MICRO GUIDE POUR CATHETERISME DIFFICILE,CENTRE HOSPITALIER DE VALENCIENNES,BOSTON SCIENTIFIC,520320.0,,2026-05-26
XRADI - CATHETER DE DILATATION PERIPHERIQUE NON COMPLIANT ARTERIEL,CENTRE HOSPITALIER DE VALENCIENNES,BOSTON SCIENTIFIC,192000.0,,2026-05-26
XRADI - STENT CAROTIDIEN MONORAIL,CENTRE HOSPITALIER DE VALENCIENNES,BOSTON SCIENTIFIC,275105.16,,2026-05-26
XRADI - CATHETER DE THROMBOASPIRATION,CENTRE HOSPITALIER DE VALENCIENNES,STRYKER FRANCE SA,1906996.8,,2026-05-26
XRADI - MICRO CATHETER,CENTRE HOSPITALIER DE VALENCIENNES,BOSTON SCIENTIFIC,519480.0,,2026-05-26
XRADI-1 - IMPLANT D’EMBOLISATION LIQUIDE,CENTRE HOSPITALIER DE VALENCIENNES,MEDTRONIC FRANCE,108000.0,,2026-05-21
Cathéter pour IVUS,CENTRE HOSPITALIER D ANGOULEME,BOSTON SCIENTIFIC,45900.0,,2026-05-20
Endoprothèse coronaire avec libération de principe actif,CENTRE HOSPITALIER D ANGOULEME,BOSTON SCIENTIFIC,432696.0,,2026-05-20
Endoprothèse coronaire avec libération de principe actif,CENTRE HOSPITALIER D ANGOULEME,MEDTRONIC FRANCE,236016.0,,2026-05-20
Cathéter guide,CENTRE HOSPITALIER D ANGOULEME,MEDTRONIC FRANCE,68000.0,,2026-05-20
Endoprothèse coronaire avec libération de principe actif,CENTRE HOSPITALIER D ANGOULEME,ABBOTT MEDICAL FRANCE SAS,78672.0,,2026-05-20
"Fourniture de stents périphériques acier couvert PTFE artère viscérale pour les besoins du CH de Saint-Lô
",CENTRE HOSPITALIER UNIVERSITAIRE DE CAEN NORMANDIE,GETINGE FRANCE,95000.0,,2026-05-05
XORTO - IMPLANT ADAPTATIF DU SCAPHOIDE PROXIMAL,CENTRE HOSPITALIER DE VALENCIENNES,STRYKER FRANCE SA,117292.8,,2026-05-04
XORTO - PROTHESE DE COUDE,CENTRE HOSPITALIER DE VALENCIENNES,ZIMMER BIOMET FRANCE,183747.2,,2026-05-04
XORTO - IMPLANT TRAPEZO METACARPIEN,CENTRE HOSPITALIER DE VALENCIENNES,STRYKER FRANCE SA,176528.0,,2026-05-04
XORTO - IMPLANT ADAPTATIF DU SCAPHOIDE PROXIMAL POIGNET,CENTRE HOSPITALIER DE VALENCIENNES,STRYKER FRANCE SA,117292.8,,2026-05-04
XORTO - PROTHESE DE GENOU UNICOMPARTIMENTALE,CENTRE HOSPITALIER DE VALENCIENNES,ZIMMER BIOMET FRANCE,442400.0,,2026-05-04
XORTO - IMPLANT ARTICULAIRE TOTAL DE HANCHE Type ZWEIMULLER,CENTRE HOSPITALIER DE VALENCIENNES,ZIMMER BIOMET FRANCE,828678.4,,2026-05-04
XORTO - IMPLANT ARTICULAIRE DE HANCHE POUR FRACTURE,CENTRE HOSPITALIER DE VALENCIENNES,ZIMMER BIOMET FRANCE,221233.6,,2026-05-04
XORTO - PROTHESE TOTALE DE GENOU DE REPRISE,CENTRE HOSPITALIER DE VALENCIENNES,ZIMMER BIOMET FRANCE,819436.8,,2026-05-04
XORTO - PROTHESE DE CHEVILLE,CENTRE HOSPITALIER DE VALENCIENNES,STRYKER FRANCE SA,61397.6,,2026-05-04
XORTO - PROTHESE DE GENOU FEMORO-PATELLAIRE,CENTRE HOSPITALIER DE VALENCIENNES,ZIMMER BIOMET FRANCE,79044.8,,2026-05-04
XORTO - IMPLANT ARTICULAIRE D’EPAULE INVERSE,CENTRE HOSPITALIER DE VALENCIENNES,STRYKER FRANCE SA,557097.6,,2026-05-04
XORTO - PROTHESE DE TETE RADIALE,CENTRE HOSPITALIER DE VALENCIENNES,STRYKER FRANCE SA,138233.6,,2026-05-04
Ght_DMS_2025-160_AOO93 - IMPLANT DU RACHIS DE REMPLACEMENT OU DE RENFORT,CENTRE HOSPITALIER UNIVERSITAIRE,MEDTRONIC FRANCE,539404.17,,2026-05-01
XSTIM - Défibrillateur cardiaque implantable triple chambre,CENTRE HOSPITALIER DE VALENCIENNES,ABBOTT MEDICAL FRANCE SAS,6861004.0,,2026-04-27
XSTIM - Défibrillateur cardiaque implantable simple chambre,CENTRE HOSPITALIER DE VALENCIENNES,ABBOTT MEDICAL FRANCE SAS,2294417.28,,2026-04-27
XSTIM - Stimulateur cardiaque triple chambre,CENTRE HOSPITALIER DE VALENCIENNES,ABBOTT MEDICAL FRANCE SAS,848216.0,,2026-04-27
XSTIM - Stimulateur cardiaque double chambre asservi,CENTRE HOSPITALIER DE VALENCIENNES,BIOTRONIK FRANCE,7027563.2,,2026-04-27
XSTIM - Stimulateur cardiaque simple chambre asservi,CENTRE HOSPITALIER DE VALENCIENNES,BIOTRONIK FRANCE,1569126.4,,2026-04-27
XSTIM - Défibrillateur cardiaque implantable double chambre,CENTRE HOSPITALIER DE VALENCIENNES,ABBOTT MEDICAL FRANCE SAS,4521360.0,,2026-04-27
XSTIM - Défibrillateur sous-cutané,CENTRE HOSPITALIER DE VALENCIENNES,BOSTON SCIENTIFIC,4967632.0,,2026-04-27
XSTIM - Défibrillateur cardiaque implantable triple chambre,CENTRE HOSPITALIER DE VALENCIENNES,BIOTRONIK FRANCE,6568136.0,,2026-04-27
XSTIM - Défibrillateur cardiaque implantable simple chambre,CENTRE HOSPITALIER DE VALENCIENNES,BIOTRONIK FRANCE,2203211.52,,2026-04-27
XSTIM - Défibrillateur cardiaque implantable double chambre,CENTRE HOSPITALIER DE VALENCIENNES,BIOTRONIK FRANCE,4351161.6,,2026-04-27
"FOURNITURE DE DM PROTHESES ORTHOPEDIQUES, LIGAMENTOPLASTIE, MATERIEL D’OSTEOSYNTHESE ORTHOPEDIQUE ET MAXILLOFACIALE 2026/2030","CENTRE HOSPITALIER DE SAINT-BRIEUC, PAIMPOL ET TREGUIER",JOHNSON & JOHNSON MEDICAL SAS,16400.0,,2026-04-21
"FOURNITURE DE DM PROTHESES ORTHOPEDIQUES, LIGAMENTOPLASTIE, MATERIEL D’OSTEOSYNTHESE ORTHOPEDIQUE ET MAXILLOFACIALE 2026/2030","CENTRE HOSPITALIER DE SAINT-BRIEUC, PAIMPOL ET TREGUIER",ZIMMER BIOMET FRANCE,543800.0,,2026-04-21
"FOURNITURE DE DM PROTHESES ORTHOPEDIQUES, LIGAMENTOPLASTIE, MATERIEL D’OSTEOSYNTHESE ORTHOPEDIQUE ET MAXILLOFACIALE 2026/2030","CENTRE HOSPITALIER DE SAINT-BRIEUC, PAIMPOL ET TREGUIER",JOHNSON & JOHNSON MEDICAL SAS,78000.0,,2026-04-21
"FOURNITURE DE DM PROTHESES ORTHOPEDIQUES, LIGAMENTOPLASTIE, MATERIEL D’OSTEOSYNTHESE ORTHOPEDIQUE ET MAXILLOFACIALE 2026/2030","CENTRE HOSPITALIER DE SAINT-BRIEUC, PAIMPOL ET TREGUIER",ZIMMER BIOMET FRANCE,357600.0,,2026-04-21
"FOURNITURE DE DM PROTHESES ORTHOPEDIQUES, LIGAMENTOPLASTIE, MATERIEL D’OSTEOSYNTHESE ORTHOPEDIQUE ET MAXILLOFACIALE 2026/2030","CENTRE HOSPITALIER DE SAINT-BRIEUC, PAIMPOL ET TREGUIER",ZIMMER BIOMET FRANCE,76000.0,,2026-04-21
"FOURNITURE DE DM PROTHESES ORTHOPEDIQUES, LIGAMENTOPLASTIE, MATERIEL D’OSTEOSYNTHESE ORTHOPEDIQUE ET MAXILLOFACIALE 2026/2030","CENTRE HOSPITALIER DE SAINT-BRIEUC, PAIMPOL ET TREGUIER",ZIMMER BIOMET FRANCE,2000.0,,2026-04-21
"FOURNITURE DE DM PROTHESES ORTHOPEDIQUES, LIGAMENTOPLASTIE, MATERIEL D’OSTEOSYNTHESE ORTHOPEDIQUE ET MAXILLOFACIALE 2026/2030","CENTRE HOSPITALIER DE SAINT-BRIEUC, PAIMPOL ET TREGUIER",ZIMMER BIOMET FRANCE,76000.0,,2026-04-21
"FOURNITURE DE DM PROTHESES ORTHOPEDIQUES, LIGAMENTOPLASTIE, MATERIEL D’OSTEOSYNTHESE ORTHOPEDIQUE ET MAXILLOFACIALE 2026/2030","CENTRE HOSPITALIER DE SAINT-BRIEUC, PAIMPOL ET TREGUIER",STRYKER FRANCE SA,146400.0,,2026-04-21
"FOURNITURE DE DM PROTHESES ORTHOPEDIQUES, LIGAMENTOPLASTIE, MATERIEL D’OSTEOSYNTHESE ORTHOPEDIQUE ET MAXILLOFACIALE 2026/2030","CENTRE HOSPITALIER DE SAINT-BRIEUC, PAIMPOL ET TREGUIER",JOHNSON & JOHNSON MEDICAL SAS,16400.0,,2026-04-21
"Fourniture de DISPOSITIFS MEDICAUX CONSOMMABLES pour ORTHOPEDIE, TRAUMATOLOGIE & CHIRURGIE MAXILLO-FACIALE stériles et non stériles pour des établissements du GHT 72 - Prothèse totale du coude",HOPITAL LE MANS,ZIMMER BIOMET FRANCE,36750.0,,2026-04-20
"DMI26 - FOURNITURES DE STENTS VASCULAIRES CORONAIRES ET LEURS ACCESSOIRES DE POSE - DMI DIGESTIFS, URO-GYNECO, OPHTALMO ORL",CTRE HOSPITALIER INTERCOM ALPES DU SUD (SITE HOSPITALIER DE GAP),BOSTON SCIENTIFIC,48645.66,,2026-04-10
XVASS - ENDOPROTHESE VASCULAIRE PERIPHERIQUE,CENTRE HOSPITALIER DE VALENCIENNES,ABBOTT MEDICAL FRANCE SAS,640754.4,,2026-04-03
XVASS - ENDOPROTHESE VASCULAIRE PERIPHERIQUE,CENTRE HOSPITALIER DE VALENCIENNES,BOSTON SCIENTIFIC,246444.0,,2026-04-03
XVASS - ENDOPROTHESE VASCULAIRE PERIPHERIQUE,CENTRE HOSPITALIER DE VALENCIENNES,ABBOTT MEDICAL FRANCE SAS,2760172.8,,2026-04-03
"Fourniture d’implants cochléaires, de prothèses auditives et de dispositifs d’ORL - AO-2025-102",CENTRE HOSPITALIER UNIVERSITAIRE DE LILLE,MEDTRONIC FRANCE,158149.92,,2026-04-01
La présente consultation a pour objet la fourniture de dispositifs médicaux implantables - ORTHO-PROTHESES DE GENOU FEMORO-PATELLAIRES,GROUPE HOSPITALIER DU HAVRE (HOPITAL GUSTAVE FLAUBERT),ZIMMER BIOMET FRANCE,14962.5,,2026-04-01
FOURNITURE DE DISPOSITIFS MÉDICAUX STÉRILES : SYSTÈME DE CLIP PERCUTANÉ POUR TRAITEMENT DE LA RÉGURGITATION MITRALE PAR LA TECHNIQUE BORD A BORD : Cathéter à ballonnet de valvuloplastie - Cathéter à ballonnet de valvuloplastie pour traitement de la régurgitation mitrale par la technique bord à bord,CTRE HOSPITALIER UNIVERS PONTCHAILLOU,ABBOTT MEDICAL FRANCE SAS,2800000.0,,2026-04-01
La présente consultation a pour objet la fourniture de dispositifs médicaux implantables - OSTEOSYNTHESE-BROCHES STERILES ET NON STERILES,GROUPE HOSPITALIER DU HAVRE (HOPITAL GUSTAVE FLAUBERT),JOHNSON & JOHNSON MEDICAL SAS,241549.5,,2026-04-01
"Fourniture d’implants cochléaires, de prothèses auditives et de dispositifs d’ORL - AO-2025-102",CENTRE HOSPITALIER UNIVERSITAIRE DE LILLE,MEDTRONIC FRANCE,158149.92,,2026-04-01
FOURNITURE DE DISPOSITIFS MEDICAUX SPECIFIQUES A LA NEUROCHIRURGIE ET AUX IMPLANTS RACHIDIENS AO-2023-054,CENTRE HOSPITALIER UNIVERSITAIRE DE LILLE,STRYKER FRANCE SA,261611.52,,2026-03-27
KIT POUR INTRODUCTION DE SONDES DE STIMULATION CARDIAQUES ET CATHETERS,CENTRE HOSPITALIER UNIVERSITAIRE REIMS,ABBOTT MEDICAL FRANCE SAS,269280.0,,2026-03-23
2025-0796  FOURNITURE DE DISPOSITIF MEDICAUX IMPLANTABLES POUR ORTHOPEDIE ET OSTEOSYNTHESE - AO2ORT (2026-2029),CENTRE HOSPITALIER REGIONAL DE MARSEILLE (ASSISTANCE PUBLIQUE-HOPITAUX MARSEILLE),JOHNSON & JOHNSON MEDICAL SAS,2975539.6,,2026-03-23
2025-0796  FOURNITURE DE DISPOSITIF MEDICAUX IMPLANTABLES POUR ORTHOPEDIE ET OSTEOSYNTHESE - AO2ORT (2026-2029),CENTRE HOSPITALIER REGIONAL DE MARSEILLE (ASSISTANCE PUBLIQUE-HOPITAUX MARSEILLE),JOHNSON & JOHNSON MEDICAL SAS,2975539.6,,2026-03-23
RESAH ORTHOCAT Implant Rachis MEDTRONIC ou équivalent,CTRE HOSPITALIER VILLEFRANCHE S SAONE,MEDTRONIC FRANCE,2404630.0,,2026-03-23
"Fourniture d¿implants d¿orthopédie, pour prothèses articulaires, pour ostéosynthèse, pour ligamentoplastie, de ciment orthopédique et prêt des ancillaires associés",CTRE HOSPITALIER VILLEFRANCHE S SAONE,STRYKER FRANCE SA,91539.54,,2026-03-20
"Fourniture d¿implants d¿orthopédie, pour prothèses articulaires, pour ostéosynthèse, pour ligamentoplastie, de ciment orthopédique et prêt des ancillaires associés",CTRE HOSPITALIER VILLEFRANCHE S SAONE,STRYKER FRANCE SA,418786.3,,2026-03-20
XCARD - ENDOPROTHESE CORONAIRE ACTIVE,CENTRE HOSPITALIER DE VALENCIENNES,ABBOTT MEDICAL FRANCE SAS,10748808.0,,2026-03-19
XCARD - DISPOSITIF DE POSE INTRAVASCULAIRE POUR IMPLANT D’OCCLUSION,CENTRE HOSPITALIER DE VALENCIENNES,ABBOTT MEDICAL FRANCE SAS,96000.0,,2026-03-19
FOURNITURE DE DISPOSITIFS MEDICAUX SPECIFIQUES A LA NEUROCHIRURGIE ET AUX IMPLANTS RACHIDIENS AO-2023-054,CENTRE HOSPITALIER UNIVERSITAIRE DE LILLE,MEDTRONIC FRANCE,260953.44,,2026-03-19
"Fourniture d’implants maxillo-faciaux, implants mammaires, dispositifs de lipostructure, implants de fermeture crânienne et implants dentaires - AH - Plancher orbitaire résorbable",CENTRE HOSPITALIER REGIONAL UNIVERSITAIRE DE TOURS (CHRU TROUSSEAU CHAMBRAY),JOHNSON & JOHNSON MEDICAL SAS,225000.0,,2026-03-01
"Fourniture d’implants maxillo-faciaux, implants mammaires, dispositifs de lipostructure, implants de fermeture crânienne et implants dentaires - FA - Ciment phosphate de calcium injectable",CENTRE HOSPITALIER REGIONAL UNIVERSITAIRE DE TOURS (CHRU TROUSSEAU CHAMBRAY),STRYKER FRANCE SA,88311.6,,2026-03-01
"Fourniture d’implants maxillo-faciaux, implants mammaires, dispositifs de lipostructure, implants de fermeture crânienne et implants dentaires - GA - Ostéosynthèse crânienne stérile et/ou non stérile",CENTRE HOSPITALIER REGIONAL UNIVERSITAIRE DE TOURS (CHRU TROUSSEAU CHAMBRAY),STRYKER FRANCE SA,1004783.0,,2026-03-01
"Fourniture de dispositifs médicaux à usage unique chirurgie digestive, gynécologique urologique, thoracique et pédiatrique - agrafage et plaques pour les 5 établissements membres du GHT Normandie Centre  - IMPLANT INCONTINENCE URINAIRE POUR HOMME",CENTRE HOSPITALIER UNIVERSITAIRE DE CAEN NORMANDIE,BOSTON SCIENTIFIC,18000.0,,2026-03-01
RYT 24 - DEFIBRILLATEUR TRIPLE CHAMBRE,CENTRE HOSPITALIER UNIVERSITAIRE DE TOULOUSE (HOTEL DIEU SAINT JACQUES),BIOTRONIK FRANCE,2111374.0,,2026-02-27
RYT 24 - DEFIBRILLATEUR VDD,CENTRE HOSPITALIER UNIVERSITAIRE DE TOULOUSE (HOTEL DIEU SAINT JACQUES),BIOTRONIK FRANCE,184110.0,,2026-02-27
RYT 24 - DEFIBRILLATEUR DOUBLE CHAMBRE,CENTRE HOSPITALIER UNIVERSITAIRE DE TOULOUSE (HOTEL DIEU SAINT JACQUES),BIOTRONIK FRANCE,1433175.0,,2026-02-27
RYT 24 - DEFIBRILLATEUR SIMPLE CHAMBRE,CENTRE HOSPITALIER UNIVERSITAIRE DE TOULOUSE (HOTEL DIEU SAINT JACQUES),BIOTRONIK FRANCE,1228436.0,,2026-02-27
Ght_DMS_2025-224_AO095  - CATHETER DILATATION PERIPHERIQUE BALLONNET,CENTRE HOSPITALIER UNIVERSITAIRE,BOSTON SCIENTIFIC,13500.0,,2026-02-24
INTERV.RN. ENDOPROTHESE CAROT,CENTRE HOSPITALIER UNIVERSITAIRE DE TOULOUSE (HOTEL DIEU SAINT JACQUES),BOSTON SCIENTIFIC,184882.5,,2026-02-19
La présente consultation a pour objet la fourniture de dispositifs médicaux implantables - ORTHO-PROTHESES DE HANCHE DOUBLE MOBILITE,GROUPE HOSPITALIER DU HAVRE (HOPITAL GUSTAVE FLAUBERT),JOHNSON & JOHNSON MEDICAL SAS,341838.06,,2026-02-18
FOURNITURE D’IMPLANTS D’ORTHOPÉDIE - ORTCONC - RACHIS : CAGES INTERSOMATIQUES CERVICALES ET LOMBAIRES,CENTRE HOSPITALIER UNIVERSITAIRE REIMS,STRYKER FRANCE SA,410990.63,,2026-02-18
FOURNITURE D’IMPLANTS D’ORTHOPÉDIE - ORTHOCAT - IMPLANT RACHIS,CENTRE HOSPITALIER UNIVERSITAIRE REIMS,STRYKER FRANCE SA,1412777.1,,2026-02-18
La présente consultation a pour objet la fourniture de dispositifs médicaux implantables - DIG- PLAQUES HERNIES UNIVERSELLES POUR HERNIE INGUINALE AVEC BANDELETTES DE FIXATION,GROUPE HOSPITALIER DU HAVRE (HOPITAL GUSTAVE FLAUBERT),MEDTRONIC FRANCE,117483.33,,2026-02-17
La présente consultation a pour objet la fourniture de dispositifs médicaux implantables - ORTHO-IMPLANTS POUR GRIFFE D’ORTEIL EN NITINOL,GROUPE HOSPITALIER DU HAVRE (HOPITAL GUSTAVE FLAUBERT),STRYKER FRANCE SA,46880.92,,2026-02-17
La présente consultation a pour objet la fourniture de dispositifs médicaux implantables - ORTHO-PROTHESE GENOU TRI COMPARTIMENTALE ASYMETRIQUE,GROUPE HOSPITALIER DU HAVRE (HOPITAL GUSTAVE FLAUBERT),ZIMMER BIOMET FRANCE,2122319.0,,2026-02-16
FOURNITURE D’IMPLANTS D’ORTHOPÉDIE - ORTHOCAT - FIXATEUR EXTERNE,CENTRE HOSPITALIER UNIVERSITAIRE REIMS,STRYKER FRANCE SA,160083.76,,2026-02-13
"La présente consultation a pour objet la fourniture de dispositifs médicaux de sutures et de chirurgie digestive, nécessaires aux besoins des établissements du GH Rance Emeraude - Prothèse non résorbable synthétique abord direct retromusculaire",GROUPE HOSPITALIER RANCE EMERAUDE,JOHNSON & JOHNSON MEDICAL SAS,5174.0,,2026-02-12
"La présente consultation a pour objet la fourniture de dispositifs médicaux de sutures et de chirurgie digestive, nécessaires aux besoins des établissements du GH Rance Emeraude - Prothèse non résorbable synthétique abord direct intraperitonéal",GROUPE HOSPITALIER RANCE EMERAUDE,MEDTRONIC FRANCE,59985.0,,2026-02-12
FOURNITURE D’IMPLANTS D’ORTHOPÉDIE - ORTCONC - HANCHE : PROTHÈSE TOTALE HANCHE TOUS COUPLES DE FROTTEMENTS ET DOUBLE MOBILITÉ,CENTRE HOSPITALIER UNIVERSITAIRE REIMS,STRYKER FRANCE SA,4345590.61,,2026-02-05
Fourniture d’implants de réfection de paroi du tractus digestif et du système urogénital au profit des adhérents du GCS GRAPS Grand Est - Marché négocié - Renfort paroi non résorbable polypropylène pour hernie inguinale - Système 3 en 1,GCS GROUPEMENT REGIONAL D'ACHATS DE PRODUITS DE SANTE GRAND EST,JOHNSON & JOHNSON MEDICAL SAS,61123.0,,2026-02-04
RYT 24 - DEFIBRILLATEUR DOUBLE CHAMBRE,CENTRE HOSPITALIER UNIVERSITAIRE DE TOULOUSE (HOTEL DIEU SAINT JACQUES),MEDTRONIC FRANCE,1428000.0,,2026-02-03
RYT 24 - DEFIBRILLATEUR TRIPLE CHAMBRE,CENTRE HOSPITALIER UNIVERSITAIRE DE TOULOUSE (HOTEL DIEU SAINT JACQUES),MEDTRONIC FRANCE,2103750.0,,2026-02-03
RYT 24 - ENVELOPPE ANTIBACTERIENNE ABSORBABLE POUR DISPOSITIFS ELECTRONIQUES CARDIAQUES IMPLANTABLES,CENTRE HOSPITALIER UNIVERSITAIRE DE TOULOUSE (HOTEL DIEU SAINT JACQUES),MEDTRONIC FRANCE,811492.0,,2026-02-03
RYT 24 - DEFIBRILLATEUR SIMPLE CHAMBRE,CENTRE HOSPITALIER UNIVERSITAIRE DE TOULOUSE (HOTEL DIEU SAINT JACQUES),MEDTRONIC FRANCE,1227960.0,,2026-02-03
RYT 24 - HOLTER ECG IMPLANTABLE,CENTRE HOSPITALIER UNIVERSITAIRE DE TOULOUSE (HOTEL DIEU SAINT JACQUES),MEDTRONIC FRANCE,845263.0,,2026-02-03
Fourniture d’implants de réfection de paroi du tractus digestif et du système urogénital au profit des adhérents du GCS GRAPS Grand Est: Lot 42: Renfort paroi non résorbable polyester auto-adhésif pour hernie inguinale - Préformé et préfendu 2D,GCS GROUPEMENT REGIONAL D'ACHATS DE PRODUITS DE SANTE GRAND EST,MEDTRONIC FRANCE,305520.0,,2026-02-02
Fourniture d’implants de réfection de paroi du tractus digestif et du système urogénital au profit des adhérents du GCS GRAPS Grand Est: Lot 02: Renfort paroi résorbable synthétique,GCS GROUPEMENT REGIONAL D'ACHATS DE PRODUITS DE SANTE GRAND EST,JOHNSON & JOHNSON MEDICAL SAS,60156.0,,2026-02-02
Fourniture d’implants de réfection de paroi du tractus digestif et du système urogénital au profit des adhérents du GCS GRAPS Grand Est: Lot 33: Renfort paroi biface semi-résorbable polyester pour hernie ombilicale,GCS GROUPEMENT REGIONAL D'ACHATS DE PRODUITS DE SANTE GRAND EST,MEDTRONIC FRANCE,85440.0,,2026-02-02
Fourniture d’implants de réfection de paroi du tractus digestif et du système urogénital au profit des adhérents du GCS GRAPS Grand Est: Lot 18: Renfort paroi non résorbable polypropylène pour hernie inguinale,GCS GROUPEMENT REGIONAL D'ACHATS DE PRODUITS DE SANTE GRAND EST,JOHNSON & JOHNSON MEDICAL SAS,11583.0,,2026-02-02
Fourniture d’implants de réfection de paroi du tractus digestif et du système urogénital au profit des adhérents du GCS GRAPS Grand Est: Lot 17: Renfort paroi non résorbable polyester auto-adhésif pour hernie inguinale,GCS GROUPEMENT REGIONAL D'ACHATS DE PRODUITS DE SANTE GRAND EST,MEDTRONIC FRANCE,121800.0,,2026-02-02
Fourniture d’implants de réfection de paroi du tractus digestif et du système urogénital au profit des adhérents du GCS GRAPS Grand Est: Lot 16: Renfort paroi non résorbable polyester pour hernie inguinale,GCS GROUPEMENT REGIONAL D'ACHATS DE PRODUITS DE SANTE GRAND EST,MEDTRONIC FRANCE,11280.0,,2026-02-02
Fourniture d’implants de réfection de paroi du tractus digestif et du système urogénital au profit des adhérents du GCS GRAPS Grand Est: Lot 09: Renfort paroi non résorbable polyester pour éventration,GCS GROUPEMENT REGIONAL D'ACHATS DE PRODUITS DE SANTE GRAND EST,MEDTRONIC FRANCE,1300.0,,2026-02-02
Fourniture d’implants de réfection de paroi du tractus digestif et du système urogénital au profit des adhérents du GCS GRAPS Grand Est: Lot 06: Renfort paroi biface semi-résorbable polyester pour éventration,GCS GROUPEMENT REGIONAL D'ACHATS DE PRODUITS DE SANTE GRAND EST,MEDTRONIC FRANCE,575416.0,,2026-02-02
Fourniture d’implants de réfection de paroi du tractus digestif et du système urogénital au profit des adhérents du GCS GRAPS Grand Est: Lot 01: Renfort paroi résorbable biologique,GCS GROUPEMENT REGIONAL D'ACHATS DE PRODUITS DE SANTE GRAND EST,MEDTRONIC FRANCE,20960.0,,2026-02-02
Fourniture d’implants de réfection de paroi du tractus digestif et du système urogénital au profit des adhérents du GCS GRAPS Grand Est: Lot 43: Renfort paroi non résorbable polypropylène pour hernie inguinale - Préformé anatomique 2D,GCS GROUPEMENT REGIONAL D'ACHATS DE PRODUITS DE SANTE GRAND EST,MEDTRONIC FRANCE,48280.0,,2026-02-02
XCARD - CATHETER ULTRA SONS IVUS,CENTRE HOSPITALIER DE VALENCIENNES,BOSTON SCIENTIFIC,1092000.0,,2026-01-26
Lot 6 : CATHETER D’HEMODIALYSE TUNNELLISE DOUBLE VOIE 14FR 70CM - Fourniture de dispositifs médicaux d’épuration extra rénale (2026/2029),CENTRE HOSPITALIER DE COLMAR (CENTRE HOSPITALIER LOUIS PASTEUR),MEDTRONIC FRANCE,1520.0,,2026-01-19
Lot 1 : CATHETER DE DIALYSE PERITONEALE - Fourniture de dispositifs médicaux d’épuration extra rénale (2026/2029),CENTRE HOSPITALIER DE COLMAR (CENTRE HOSPITALIER LOUIS PASTEUR),MEDTRONIC FRANCE,11595.0,,2026-01-19
"GCS UniHA - Fourniture de robots d’assistance à la chirurgie orthopédique robotisée, avec les instruments, les implants, consommables et services associés, associant une approche d’achat par la valeur. - Robot d’assistance à la chirurgie orthopédique pour le genou et la hanche",GROUPEMENT COOPERATION SANITAIRE - UNION DES HOPITAUX POUR LES ACHATS,STRYKER FRANCE SA,90000000.0,,2026-01-13
"GCS UniHA - Fourniture de robots d’assistance à la chirurgie orthopédique robotisée, avec les instruments, les implants, consommables et services associés, associant une approche d’achat par la valeur. - Robot d’assistance à la chirurgie orthopédique fonctionnant avec imagerie pré-opératoire",GROUPEMENT COOPERATION SANITAIRE - UNION DES HOPITAUX POUR LES ACHATS,STRYKER FRANCE SA,83000000.0,,2026-01-13
"GCS UniHA - Fourniture de robots d’assistance à la chirurgie orthopédique robotisée, avec les instruments, les implants, consommables et services associés, associant une approche d’achat par la valeur. - Robot d’assistance à la chirurgie orthopédique fonctionnant sans imagerie pré-opératoire",GROUPEMENT COOPERATION SANITAIRE - UNION DES HOPITAUX POUR LES ACHATS,JOHNSON & JOHNSON MEDICAL SAS,75000000.0,,2026-01-13
2025-0619 FOURNITURE DE DISPOSITIFS MEDICAUX IMPLANTABLES ET STERILES A USAGE UNIQUE : GYNECOLOGIE - ORTHOPEDIE - ODONTOLOGIE - MAXILLO FACIAL ET OPHTALMOLOGIE - AO2IOD25 (2025-2029),CENTRE HOSPITALIER REGIONAL DE MARSEILLE (ASSISTANCE PUBLIQUE-HOPITAUX MARSEILLE),STRYKER FRANCE SA,27821.67,,2026-01-05
2025-0619 FOURNITURE DE DISPOSITIFS MEDICAUX IMPLANTABLES ET STERILES A USAGE UNIQUE : GYNECOLOGIE - ORTHOPEDIE - ODONTOLOGIE - MAXILLO FACIAL ET OPHTALMOLOGIE - AO2IOD25 (2025-2029),CENTRE HOSPITALIER REGIONAL DE MARSEILLE (ASSISTANCE PUBLIQUE-HOPITAUX MARSEILLE),STRYKER FRANCE SA,27821.67,,2026-01-05
Le présent marché a pour objet la fourniture de dispositifs médicaux pour endoscopie pulmonaire et digestive pour le CHU Rouen Normandie - FIL GUIDE POUR CATHETERISME  BILIAIRE AVEC  EXTREMITE HYDROPHILE,CENTRE HOSPITALIER UNIVERSITAIRE ROUEN (HOPITAL CHARLES NICOLLE CHU ROUEN),BOSTON SCIENTIFIC,78760.0,,2026-01-02
Le présent marché a pour objet la fourniture de dispositifs médicaux pour endoscopie pulmonaire et digestive pour le CHU Rouen Normandie - ENDOPROTHESE  EN PLASTIQUE POUR DRAINAGE DE COLLECTION,CENTRE HOSPITALIER UNIVERSITAIRE ROUEN (HOPITAL CHARLES NICOLLE CHU ROUEN),BOSTON SCIENTIFIC,11623.0,,2026-01-02
Le présent marché a pour objet la fourniture de dispositifs médicaux pour endoscopie pulmonaire et digestive pour le CHU Rouen Normandie - PROTHESE ENDOBRONCHIQUE  (TRACHEALE ET BRONCHIQUE) - METALLIQUE - DROITE - PARTIELLEMENT COUVERTE,CENTRE HOSPITALIER UNIVERSITAIRE ROUEN (HOPITAL CHARLES NICOLLE CHU ROUEN),BOSTON SCIENTIFIC,47717.4,,2026-01-02
Le présent marché a pour objet la fourniture de dispositifs médicaux pour endoscopie pulmonaire et digestive pour le CHU Rouen Normandie - ENDOPROTHESE BILIAIRE EN PLASTIQUE,CENTRE HOSPITALIER UNIVERSITAIRE ROUEN (HOPITAL CHARLES NICOLLE CHU ROUEN),BOSTON SCIENTIFIC,15498.0,,2026-01-02
Le présent marché a pour objet la fourniture de dispositifs médicaux pour endoscopie pulmonaire et digestive pour le CHU Rouen Normandie - CATHETER D’OPACIFICATION DES VOIES BILIAIRES A TRIPLE LUMIERE,CENTRE HOSPITALIER UNIVERSITAIRE ROUEN (HOPITAL CHARLES NICOLLE CHU ROUEN),BOSTON SCIENTIFIC,2340.0,,2026-01-02
Le présent marché a pour objet la fourniture de dispositifs médicaux pour endoscopie pulmonaire et digestive pour le CHU Rouen Normandie - ENDOPROTHESE  PANCREATIQUE EN PLASTIQUE prévention des pancréatites,CENTRE HOSPITALIER UNIVERSITAIRE ROUEN (HOPITAL CHARLES NICOLLE CHU ROUEN),BOSTON SCIENTIFIC,9686.0,,2026-01-02
Le présent marché a pour objet la fourniture de dispositifs médicaux pour endoscopie pulmonaire et digestive pour le CHU Rouen Normandie - ENDOPROTHESE BILIAIRE - METALLIQUE - COUVERTE (LONGUE DUREE),CENTRE HOSPITALIER UNIVERSITAIRE ROUEN (HOPITAL CHARLES NICOLLE CHU ROUEN),BOSTON SCIENTIFIC,159058.0,,2026-01-02
Le présent marché a pour objet la fourniture de dispositifs médicaux pour endoscopie pulmonaire et digestive pour le CHU Rouen Normandie - ENDOPROTHESE BILIAIRE - METALLIQUE - NON COUVERTE (LONGUE DUREE),CENTRE HOSPITALIER UNIVERSITAIRE ROUEN (HOPITAL CHARLES NICOLLE CHU ROUEN),BOSTON SCIENTIFIC,38174.0,,2026-01-02
Le présent marché a pour objet la fourniture de dispositifs médicaux pour endoscopie pulmonaire et digestive pour le CHU Rouen Normandie - PROTHESE (STENT) OESOPHAGIENNE  POUR STENOSE TUMORALE- PARTIELLEMENT COUVERTE,CENTRE HOSPITALIER UNIVERSITAIRE ROUEN (HOPITAL CHARLES NICOLLE CHU ROUEN),BOSTON SCIENTIFIC,31812.0,,2026-01-02
Le présent marché a pour objet la fourniture de dispositifs médicaux pour endoscopie pulmonaire et digestive pour le CHU Rouen Normandie - PROTHESE D’APPOSITION METALLIQUE COUVERTE POUR NECROSECTOMIE PANCREATIQUE,CENTRE HOSPITALIER UNIVERSITAIRE ROUEN (HOPITAL CHARLES NICOLLE CHU ROUEN),BOSTON SCIENTIFIC,320000.0,,2026-01-01
Ght_DMS_2025-160_AOO93 - IMPLANT D’APPOSITION BILIOPANCREATIQUE LUMINAL,CENTRE HOSPITALIER UNIVERSITAIRE,BOSTON SCIENTIFIC,420000.0,,2026-01-01
Ght_DMS_2025-160_AOO93 - IMPLANT CRANIO MAXILLO FACIAL PLAQUE ALVEOLEE DE SURFACAGE,CENTRE HOSPITALIER UNIVERSITAIRE,STRYKER FRANCE SA,20476.8,,2026-01-01
Ght_DMS_2025-160_AOO93 - IMPLANT EXOVASCULAIRE DE FERMETURE DE L’APPENDICE AURICULAIRE GAUCHE,CENTRE HOSPITALIER UNIVERSITAIRE,ABBOTT MEDICAL FRANCE SAS,96976.2,,2026-01-01
"Ght_DMS_2025-160_AOO93 - EXTENSION DE CATHETER GUIDE A ECHANGE RAPIDE ""MOTHER AND CHILD""",CENTRE HOSPITALIER UNIVERSITAIRE,BOSTON SCIENTIFIC,117000.0,,2026-01-01
Ght_DMS_2025-160_AOO93 - CATHETER DILATATION CORONAIRE BALLONNET,CENTRE HOSPITALIER UNIVERSITAIRE,BOSTON SCIENTIFIC,7000.0,,2026-01-01
Ght_DMS_2025-160_AOO93 - CATHETER DE DILATATION PERIPHERIQUE BALLONNET ACTIF A ELUTION DE PACLITAXEL,CENTRE HOSPITALIER UNIVERSITAIRE,MEDTRONIC FRANCE,7760.0,,2026-01-01
"Fourniture de dispositifs médicaux du domaine de la cardiologie interventionnelle, de l’abord vasculaire périphérique, de la radiologie interventionnelle, des endoprothèses, de la neuroradiologie et de la radiologie AO-2024-177",CENTRE HOSPITALIER UNIVERSITAIRE DE LILLE,ABBOTT MEDICAL FRANCE SAS,3328860.0,,2025-12-30
RESAH ORTHOCAT Implant fixation ligamentaire STRYKER ou équivalent,CTRE HOSPITALIER VILLEFRANCHE S SAONE,STRYKER FRANCE SA,838754.58,,2025-12-30
ORTHOCAT - IMPLANT FIXATION LIGAMENTAIRE,CENTRE HOSPITALIER UNIVERSITAIRE REIMS,STRYKER FRANCE SA,87300.0,,2025-12-23
2025-0647 FOURNITURE DE DISPOSITIF MEDICAUX IMPLANTABLES POUR ORTHOPEDIE ET OSTEOSYNTHESE - SOORT26 - (2026-2029),CENTRE HOSPITALIER REGIONAL DE MARSEILLE (ASSISTANCE PUBLIQUE-HOPITAUX MARSEILLE),STRYKER FRANCE SA,110020.0,,2025-12-23
Cathéters d’électroporation de type ballon pour les besoins du CHU de Caen,CENTRE HOSPITALIER UNIVERSITAIRE DE CAEN NORMANDIE,ABBOTT MEDICAL FRANCE SAS,33470.0,,2025-12-19
Fourniture de Dispositifs Médicaux Implantables: Prothèse totale de genou première intention,CENTRE HOSPITALIER VERDUN SAINT MIHIEL,STRYKER FRANCE SA,404378.0,,2025-12-18
2025-0393  FOURNITURE DE DISPOSITIF MEDICAUX IMPLANTABLES POUR ORTHOPEDIE ET OSTEOSYNTHESE - ORT26 - AO (2026-2029),CENTRE HOSPITALIER REGIONAL DE MARSEILLE (ASSISTANCE PUBLIQUE-HOPITAUX MARSEILLE),JOHNSON & JOHNSON MEDICAL SAS,4093212.0,,2025-12-17
2025-0393  FOURNITURE DE DISPOSITIF MEDICAUX IMPLANTABLES POUR ORTHOPEDIE ET OSTEOSYNTHESE - ORT26 - AO (2026-2029),CENTRE HOSPITALIER REGIONAL DE MARSEILLE (ASSISTANCE PUBLIQUE-HOPITAUX MARSEILLE),STRYKER FRANCE SA,662880.0,,2025-12-17
2025-0393  FOURNITURE DE DISPOSITIF MEDICAUX IMPLANTABLES POUR ORTHOPEDIE ET OSTEOSYNTHESE - ORT26 - AO (2026-2029),CENTRE HOSPITALIER REGIONAL DE MARSEILLE (ASSISTANCE PUBLIQUE-HOPITAUX MARSEILLE),STRYKER FRANCE SA,662880.0,,2025-12-17
2025-0393  FOURNITURE DE DISPOSITIF MEDICAUX IMPLANTABLES POUR ORTHOPEDIE ET OSTEOSYNTHESE - ORT26 - AO (2026-2029),CENTRE HOSPITALIER REGIONAL DE MARSEILLE (ASSISTANCE PUBLIQUE-HOPITAUX MARSEILLE),ZIMMER BIOMET FRANCE,44060.0,,2025-12-17
"Fourniture de dispositifs médicaux du domaine de la cardiologie interventionnelle, de l’abord vasculaire périphérique, de la radiologie interventionnelle, des endoprothèses, de la neuroradiologie et de la radiologie AO-2024-177",CENTRE HOSPITALIER UNIVERSITAIRE DE LILLE,STRYKER FRANCE SA,2368080.0,,2025-12-16
"Fourniture de dispositifs médicaux du domaine de la cardiologie interventionnelle, de l’abord vasculaire périphérique, de la radiologie interventionnelle, des endoprothèses, de la neuroradiologie et de la radiologie AO-2024-177",CENTRE HOSPITALIER UNIVERSITAIRE DE LILLE,MEDTRONIC FRANCE,3528432.0,,2025-12-16
"Fourniture de dispositifs médicaux du domaine de la cardiologie interventionnelle, de l’abord vasculaire périphérique, de la radiologie interventionnelle, des endoprothèses, de la neuroradiologie et de la radiologie AO-2024-177",CENTRE HOSPITALIER UNIVERSITAIRE DE LILLE,BOSTON SCIENTIFIC,52500.0,,2025-12-16
"Fourniture de dispositifs médicaux du domaine de la cardiologie interventionnelle, de l’abord vasculaire périphérique, de la radiologie interventionnelle, des endoprothèses, de la neuroradiologie et de la radiologie AO-2024-177",CENTRE HOSPITALIER UNIVERSITAIRE DE LILLE,ABBOTT MEDICAL FRANCE SAS,580375.62,,2025-12-16
2025-0393  FOURNITURE DE DISPOSITIF MEDICAUX IMPLANTABLES POUR ORTHOPEDIE ET OSTEOSYNTHESE - ORT26 - AO (2026-2029),CENTRE HOSPITALIER REGIONAL DE MARSEILLE (ASSISTANCE PUBLIQUE-HOPITAUX MARSEILLE),STRYKER FRANCE SA,18176592.0,,2025-12-12
2025-0393  FOURNITURE DE DISPOSITIF MEDICAUX IMPLANTABLES POUR ORTHOPEDIE ET OSTEOSYNTHESE - ORT26 - AO (2026-2029),CENTRE HOSPITALIER REGIONAL DE MARSEILLE (ASSISTANCE PUBLIQUE-HOPITAUX MARSEILLE),STRYKER FRANCE SA,18176592.0,,2025-12-12
2025-0393  FOURNITURE DE DISPOSITIF MEDICAUX IMPLANTABLES POUR ORTHOPEDIE ET OSTEOSYNTHESE - ORT26 - AO (2026-2029),CENTRE HOSPITALIER REGIONAL DE MARSEILLE (ASSISTANCE PUBLIQUE-HOPITAUX MARSEILLE),ZIMMER BIOMET FRANCE,67920.0,,2025-12-09
2025-0393  FOURNITURE DE DISPOSITIF MEDICAUX IMPLANTABLES POUR ORTHOPEDIE ET OSTEOSYNTHESE - ORT26 - AO (2026-2029),CENTRE HOSPITALIER REGIONAL DE MARSEILLE (ASSISTANCE PUBLIQUE-HOPITAUX MARSEILLE),ZIMMER BIOMET FRANCE,27026280.0,,2025-12-09
2025-0393  FOURNITURE DE DISPOSITIF MEDICAUX IMPLANTABLES POUR ORTHOPEDIE ET OSTEOSYNTHESE - ORT26 - AO (2026-2029),CENTRE HOSPITALIER REGIONAL DE MARSEILLE (ASSISTANCE PUBLIQUE-HOPITAUX MARSEILLE),ZIMMER BIOMET FRANCE,27026280.0,,2025-12-09
2025-0393  FOURNITURE DE DISPOSITIF MEDICAUX IMPLANTABLES POUR ORTHOPEDIE ET OSTEOSYNTHESE - ORT26 - AO (2026-2029),CENTRE HOSPITALIER REGIONAL DE MARSEILLE (ASSISTANCE PUBLIQUE-HOPITAUX MARSEILLE),ZIMMER BIOMET FRANCE,67920.0,,2025-12-09
"FOURNITURE D’IMPLANTS D’ORTHOPÉDIE - ORTCONC - CLOU CENTRO-MÉDULLAIRE VERROUILLÉ FÉMORAL FRACTURE PÉRI- ET SOUS-TROCHANTÉRIENNE, STÉRILE",CENTRE HOSPITALIER UNIVERSITAIRE REIMS,STRYKER FRANCE SA,826079.82,,2025-12-03
 2025-0631 - FOURNITURE DE DISPOSITIFS MEDICAUX IMPLANTABLES - AO2ICA25 (2025-2028),CENTRE HOSPITALIER REGIONAL DE MARSEILLE (ASSISTANCE PUBLIQUE-HOPITAUX MARSEILLE),BOSTON SCIENTIFIC,2262424.5,,2025-12-02
 2025-0631 - FOURNITURE DE DISPOSITIFS MEDICAUX IMPLANTABLES - AO2ICA25 (2025-2028),CENTRE HOSPITALIER REGIONAL DE MARSEILLE (ASSISTANCE PUBLIQUE-HOPITAUX MARSEILLE),BIOTRONIK FRANCE,2262424.5,,2025-12-02
XCARD - CATHETER POUR CARTOGRAPHIE ABLATION FA,CENTRE HOSPITALIER DE VALENCIENNES,ABBOTT MEDICAL FRANCE SAS,1282832.0,,2025-12-01
"HCL FOURNITURE DE STENTS CORONAIRES, BALLONS ACTIFS, CATHETERS DE DILATATION ET SERVICES ASSOCIES",CTRE HOSPITALIER VILLEFRANCHE S SAONE,MEDTRONIC FRANCE,16890984.0,,2025-11-28
"HCL FOURNITURE DE STENTS CORONAIRES, BALLONS ACTIFS, CATHETERS DE DILATATION ET SERVICES ASSOCIES",CTRE HOSPITALIER VILLEFRANCHE S SAONE,BOSTON SCIENTIFIC,426540.0,,2025-11-28
"La présente consultation a pour objet la fourniture de dispositifs médicaux pour neurochirurgie, neurostimulation et chirurgie du rachis pour le CHU Rouen Normandie - IMPLANT POUR CORPORECTOMIE LOMBAIRE",CENTRE HOSPITALIER UNIVERSITAIRE ROUEN (HOPITAL CHARLES NICOLLE CHU ROUEN),STRYKER FRANCE SA,36922.4,,2025-11-27
"FOURNITURE DE DISPOSITIFS MEDICAUX STERILES DE CORONAROGRAPHIE, D’ANGIOPLASTIE ET DE RYTHMOLOGIE - Microcathéter à double lumière",GROUPE HOSPITALIER SAINTES-SAINT-JEAN-D'ANGELY,BIOTRONIK FRANCE,23400.0,,2025-11-25
"La présente consultation a pour objet la fourniture de dispositifs médicaux pour neurochirurgie, neurostimulation et chirurgie du rachis pour le CHU Rouen Normandie - SYSTEME IMPLANTABLE ET PROGRAMMABLE POUR ADMINISTRATION INTRA-THECALE DE MEDICAMENT",CENTRE HOSPITALIER UNIVERSITAIRE ROUEN (HOPITAL CHARLES NICOLLE CHU ROUEN),MEDTRONIC FRANCE,88201.0,,2025-11-24
"FOURNITURE D’IMPLANTS D’ORTHOPÉDIE - ORTCONC - CLOU CENTRO-MÉDULLAIRE VERROUILLÉ FÉMORAL ET TIBIAL FRACTURE, STÉRILE",CENTRE HOSPITALIER UNIVERSITAIRE REIMS,STRYKER FRANCE SA,681136.12,,2025-11-24
FOURNITURE DE DISPOSITIFS MEDICAUX PROTHETIQUES IMPLANTABLES : MN AP CARDIO - MN APICA25 (2025-2028),CENTRE HOSPITALIER REGIONAL DE MARSEILLE (ASSISTANCE PUBLIQUE-HOPITAUX MARSEILLE),ABBOTT MEDICAL FRANCE SAS,11205000.0,,2025-11-17
"STM25 FOURNITURE DE DISPOSITIFS MEDICAUX STERILES ET DISPOSITIFS MEDICAUX IMPLANTABLES, DE RYTHMOLOGIE ET D¿ELECTROPHYSIOLOGIE",CTRE HOSPITALIER INTERCOM ALPES DU SUD (SITE HOSPITALIER DE GAP),ABBOTT MEDICAL FRANCE SAS,412460.56,,2025-11-13
RESAH ORTHOCAT Implant fixation ligamentaire JOHNSON ET JOHNSON  ou équivalent,CTRE HOSPITALIER VILLEFRANCHE S SAONE,JOHNSON & JOHNSON MEDICAL SAS,475499.23,,2025-11-06
RESAH ORTHOCAT Prothèse Coude/Doigt/Poignet/Main STRYKER ou équivalent,CTRE HOSPITALIER VILLEFRANCHE S SAONE,STRYKER FRANCE SA,171370.89,,2025-11-06
Prothèse Hanche ZIMMER BIOMET ou équivalent,RESEAU DES ACHETEURS HOSPITALIERS,ZIMMER BIOMET FRANCE,90700.0,,2025-11-01
Dispositifs médicaux stériles d’électrophysiologie pour diagnostic et ablation - Lot 2 - Cathéter ablation 4mm non irrigué,CENTRE HOSPITALIER D ANGOULEME,ABBOTT MEDICAL FRANCE SAS,42360.0,,2025-10-31
Dispositifs médicaux stériles d’électrophysiologie pour diagnostic et ablation - Lot 8 - Cathéter diagnostique décapolaire,CENTRE HOSPITALIER D ANGOULEME,ABBOTT MEDICAL FRANCE SAS,54075.0,,2025-10-31
2025-0589 FOURNITURE DE DISPOSITIFS MEDICAUX IMPLANTABLES : CARDIOLOGIE - MN SPICA25 (2025-2028),CENTRE HOSPITALIER REGIONAL DE MARSEILLE (ASSISTANCE PUBLIQUE-HOPITAUX MARSEILLE),BOSTON SCIENTIFIC,166320.0,,2025-10-24
2025-0589 FOURNITURE DE DISPOSITIFS MEDICAUX IMPLANTABLES : CARDIOLOGIE - MN SPICA25 (2025-2028),CENTRE HOSPITALIER REGIONAL DE MARSEILLE (ASSISTANCE PUBLIQUE-HOPITAUX MARSEILLE),ABBOTT MEDICAL FRANCE SAS,2687175.0,,2025-10-24
2025-0589 FOURNITURE DE DISPOSITIFS MEDICAUX IMPLANTABLES : CARDIOLOGIE - MN SPICA25 (2025-2028),CENTRE HOSPITALIER REGIONAL DE MARSEILLE (ASSISTANCE PUBLIQUE-HOPITAUX MARSEILLE),ABBOTT MEDICAL FRANCE SAS,2687175.0,,2025-10-24
2025-0589 FOURNITURE DE DISPOSITIFS MEDICAUX IMPLANTABLES : CARDIOLOGIE - MN SPICA25 (2025-2028),CENTRE HOSPITALIER REGIONAL DE MARSEILLE (ASSISTANCE PUBLIQUE-HOPITAUX MARSEILLE),BOSTON SCIENTIFIC,166320.0,,2025-10-24
"Fourniture de dispositifs médicaux stériles, implantables ou non, consommables stériles associés et ancillaires de pose nécessaires à l’activité des établissements membres du GHT Vendée. - SUTURE ANTIBACTERIENNE",CHD LA ROCHE SUR YON LUCON MONTAIGU (CHD-VENDEE),JOHNSON & JOHNSON MEDICAL SAS,68362.67,,2025-10-16
"Fourniture de dispositifs médicaux stériles, implantables ou non, consommables stériles associés et ancillaires de pose nécessaires à l’activité des établissements membres du GHT Vendée. - KIT ACCES VASCULAIRE",CHD LA ROCHE SUR YON LUCON MONTAIGU (CHD-VENDEE),MEDTRONIC FRANCE,12675.0,,2025-10-15
"Fourniture de dispositifs médicaux stériles, implantables ou non, consommables stériles associés et ancillaires de pose nécessaires à l’activité des établissements membres du GHT Vendée. - ELECTRODE RESTERILISABLE POUR RHIZOLYSE",CHD LA ROCHE SUR YON LUCON MONTAIGU (CHD-VENDEE),STRYKER FRANCE SA,157081.17,,2025-10-15
"Fourniture de dispositifs médicaux stériles, implantables ou non, consommables stériles associés et ancillaires de pose nécessaires à l’activité des établissements membres du GHT Vendée. - PROTHESE CHEVILLE",CHD LA ROCHE SUR YON LUCON MONTAIGU (CHD-VENDEE),STRYKER FRANCE SA,18892.45,,2025-10-15
"Fourniture de dispositifs médicaux stériles, implantables ou non, consommables stériles associés et ancillaires de pose nécessaires à l’activité des établissements membres du GHT Vendée. - COIL EMBOLISATION POUSSABLE",CHD LA ROCHE SUR YON LUCON MONTAIGU (CHD-VENDEE),BOSTON SCIENTIFIC,8048.37,,2025-10-15
"Fourniture de dispositifs médicaux stériles, implantables ou non, consommables stériles associés et ancillaires de pose nécessaires à l’activité des établissements membres du GHT Vendée. - CATHETER DE DENERVATION RENALE",CHD LA ROCHE SUR YON LUCON MONTAIGU (CHD-VENDEE),MEDTRONIC FRANCE,38805.0,,2025-10-15
"Fourniture de dispositifs médicaux stériles, implantables ou non, consommables stériles associés et ancillaires de pose nécessaires à l’activité des établissements membres du GHT Vendée. - AGENT EMBOLISATION LIQUIDE",CHD LA ROCHE SUR YON LUCON MONTAIGU (CHD-VENDEE),MEDTRONIC FRANCE,218599.03,,2025-10-15
"Fourniture de dispositifs médicaux stériles, implantables ou non, consommables stériles associés et ancillaires de pose nécessaires à l’activité des établissements membres du GHT Vendée. - PLAQUE OSTEOSYNTHESE",CHD LA ROCHE SUR YON LUCON MONTAIGU (CHD-VENDEE),STRYKER FRANCE SA,58380.83,,2025-10-15
FOURNITURES DE DISPOSITIFS MEDICAUX POUR LA CARDIOLOGIE INTERVENTIONNELLE POUR LE CHU ROUEN NORMANDIE - ENDOPROTHESE (STENT) CORONAIRE COUVERT PRE-SERTI (lot9),CENTRE HOSPITALIER UNIVERSITAIRE ROUEN (HOPITAL CHARLES NICOLLE CHU ROUEN),BIOTRONIK FRANCE,42015.0,,2025-10-08
Dispositifs médicaux à usage unique de cardiologie pour le groupement de commandes coordonné par le CHU Caen Normandie  - RELANCE des lots sans suite AO PHARMA2024121 - Prothèse vasculaire droite polyester PTFE non renforcée paroi mince,CENTRE HOSPITALIER UNIVERSITAIRE DE CAEN NORMANDIE,GETINGE FRANCE,80619.84,,2025-10-01
Dispositifs médicaux à usage unique de cardiologie pour le groupement de commandes coordonné par le CHU Caen Normandie  - RELANCE des lots sans suite AO PHARMA2024121 - Cathéters dilatation périphérique actif compatible 0.018,CENTRE HOSPITALIER UNIVERSITAIRE DE CAEN NORMANDIE,BOSTON SCIENTIFIC,112762.5,,2025-10-01
Dispositifs médicaux à usage unique de cardiologie pour le groupement de commandes coordonné par le CHU Caen Normandie  - RELANCE des lots sans suite AO PHARMA2024121 - Cathéters dilatation périphérique non compliant,CENTRE HOSPITALIER UNIVERSITAIRE DE CAEN NORMANDIE,BOSTON SCIENTIFIC,24800.0,,2025-10-01
Dispositifs médicaux à usage unique de cardiologie pour le groupement de commandes coordonné par le CHU Caen Normandie  - RELANCE des lots sans suite AO PHARMA2024121 - Prothèse vasculaire droite polyester PTFE renforcée paroi mince,CENTRE HOSPITALIER UNIVERSITAIRE DE CAEN NORMANDIE,GETINGE FRANCE,80619.84,,2025-10-01
FOURNITURES DE DISPOSITIFS MEDICAUX POUR LA CARDIOLOGIE INTERVENTIONNELLE POUR LE CHU ROUEN NORMANDIE - SYSTEME POUR IMPLANTATION DE BIOPROTHESE VALVULAIRE COMPRENANT UNE BIOPROTHESE VALVULAIRE PERCUTANEE AUTO-EXPANSIBLE (lot1),CENTRE HOSPITALIER UNIVERSITAIRE ROUEN (HOPITAL CHARLES NICOLLE CHU ROUEN),MEDTRONIC FRANCE,23184000.0,suspect,2025-10-01
Dispositifs médicaux à usage unique de cardiologie pour le groupement de commandes coordonné par le CHU Caen Normandie  - RELANCE des lots sans suite AO PHARMA2024121 - Prothèse vasculaire fistule 4/7mm,CENTRE HOSPITALIER UNIVERSITAIRE DE CAEN NORMANDIE,GETINGE FRANCE,29478.93,,2025-10-01
FOURNITURES DE DISPOSITIFS MEDICAUX POUR LA CARDIOLOGIE INTERVENTIONNELLE POUR LE CHU ROUEN NORMANDIE - CATHETER POUR ECHOGRAPHIE INTRA-CORONAIRE (lot49),CENTRE HOSPITALIER UNIVERSITAIRE ROUEN (HOPITAL CHARLES NICOLLE CHU ROUEN),BOSTON SCIENTIFIC,84000.0,,2025-10-01
FOURNITURES DE DISPOSITIFS MEDICAUX POUR LA CARDIOLOGIE INTERVENTIONNELLE POUR LE CHU ROUEN NORMANDIE - CATHETER DE MESURE DE PRESSION DE LA RESERVE CORONAIRE (FFR) (lot59),CENTRE HOSPITALIER UNIVERSITAIRE ROUEN (HOPITAL CHARLES NICOLLE CHU ROUEN),ABBOTT MEDICAL FRANCE SAS,599940.0,,2025-10-01
FOURNITURES DE DISPOSITIFS MEDICAUX POUR LA CARDIOLOGIE INTERVENTIONNELLE POUR LE CHU ROUEN NORMANDIE - CATHETER POUR IMAGERIE INTRA-CORONAIRE PAR TOMOGRAPHIE PAR COHERENCE OPTIQUE (OCT) (lot48),CENTRE HOSPITALIER UNIVERSITAIRE ROUEN (HOPITAL CHARLES NICOLLE CHU ROUEN),ABBOTT MEDICAL FRANCE SAS,108000.0,,2025-10-01
FOURNITURES DE DISPOSITIFS MEDICAUX POUR LA CARDIOLOGIE INTERVENTIONNELLE POUR LE CHU ROUEN NORMANDIE - CATHETER A BALLONNET NON COMPLIANT POUR ANGIOPLASTIE CORONAIRE COURANTE (lot14),CENTRE HOSPITALIER UNIVERSITAIRE ROUEN (HOPITAL CHARLES NICOLLE CHU ROUEN),ABBOTT MEDICAL FRANCE SAS,308880.0,,2025-10-01
FOURNITURES DE DISPOSITIFS MEDICAUX POUR LA CARDIOLOGIE INTERVENTIONNELLE POUR LE CHU ROUEN NORMANDIE - CATHETER A BALLONNET NON COMPLIANT POUR ANGIOPLASTIE CORONAIRE COURANTE (lot14),CENTRE HOSPITALIER UNIVERSITAIRE ROUEN (HOPITAL CHARLES NICOLLE CHU ROUEN),MEDTRONIC FRANCE,264000.0,,2025-10-01
FOURNITURES DE DISPOSITIFS MEDICAUX POUR LA CARDIOLOGIE INTERVENTIONNELLE POUR LE CHU ROUEN NORMANDIE - ENDOPROTHESE (STENT) CORONAIRE A LIBERATION CONTROLEE DE PRINCIPE ACTIF EPAISSEUR DE LA MAILLE  DU STENT ? 80µm (lot7),CENTRE HOSPITALIER UNIVERSITAIRE ROUEN (HOPITAL CHARLES NICOLLE CHU ROUEN),ABBOTT MEDICAL FRANCE SAS,1467360.0,,2025-10-01
FOURNITURES DE DISPOSITIFS MEDICAUX POUR LA CARDIOLOGIE INTERVENTIONNELLE POUR LE CHU ROUEN NORMANDIE - CATHETER GUIDE POUR ANGIOPLASTIE CORONAIRE de 5F A 8F (lot19),CENTRE HOSPITALIER UNIVERSITAIRE ROUEN (HOPITAL CHARLES NICOLLE CHU ROUEN),MEDTRONIC FRANCE,720000.0,,2025-10-01
FOURNITURES DE DISPOSITIFS MEDICAUX POUR LA CARDIOLOGIE INTERVENTIONNELLE POUR LE CHU ROUEN NORMANDIE - SYSTEME POUR IMPLANTATION DE BIOPROTHESE VALVULAIRE COMPRENANT UNE BIOPROTHESE VALVULAIRE PERCUTANEE REPOSITIONNABLE COMPOSEE DE PERICARDE BOVIN (lot2),CENTRE HOSPITALIER UNIVERSITAIRE ROUEN (HOPITAL CHARLES NICOLLE CHU ROUEN),ABBOTT MEDICAL FRANCE SAS,1380000.0,,2025-10-01
Dispositifs médicaux à usage unique de cardiologie pour le groupement de commandes coordonné par le CHU Caen Normandie  - RELANCE des lots sans suite AO PHARMA2024121 - Prothèse vasculaire polyester tricote avec collagène et acétate argent,CENTRE HOSPITALIER UNIVERSITAIRE DE CAEN NORMANDIE,GETINGE FRANCE,230900.4,,2025-10-01
Dispositifs médicaux à usage unique de cardiologie pour le groupement de commandes coordonné par le CHU Caen Normandie  - RELANCE des lots sans suite AO PHARMA2024121 - Stent retriever d5mm et d6mm,CENTRE HOSPITALIER UNIVERSITAIRE DE CAEN NORMANDIE,JOHNSON & JOHNSON MEDICAL SAS,294756.0,,2025-10-01
FOURNITURE DE DISPOSITIFS MEDICAUX STERILES POUR ABORD UROLOGIQUE DIGESTIF GYNECOLOGIQUE DE BASE ET CHIRURGICAL - LOT 11 Implant de renforcement tissulaire treillis résorbable,CTRE HOSPITALIER UNIVERS PONTCHAILLOU,JOHNSON & JOHNSON MEDICAL SAS,30182.64,,2025-10-01
FOURNITURE DE DISPOSITIFS MEDICAUX STERILES POUR ABORD UROLOGIQUE DIGESTIF GYNECOLOGIQUE DE BASE ET CHIRURGICAL - LOT 12 Implant de renfort pariétal biface polyester,CTRE HOSPITALIER UNIVERS PONTCHAILLOU,MEDTRONIC FRANCE,19200.0,,2025-10-01
FOURNITURE DE DISPOSITIFS MEDICAUX STERILES POUR ABORD UROLOGIQUE DIGESTIF GYNECOLOGIQUE DE BASE ET CHIRURGICAL - LOT 64 Implant pénien,CTRE HOSPITALIER UNIVERS PONTCHAILLOU,BOSTON SCIENTIFIC,27635.9,,2025-10-01
FOURNITURE DE DISPOSITIFS MEDICAUX STERILES POUR ABORD UROLOGIQUE DIGESTIF GYNECOLOGIQUE DE BASE ET CHIRURGICAL - LOT 65 Implant sphinctérien,CTRE HOSPITALIER UNIVERS PONTCHAILLOU,BOSTON SCIENTIFIC,691600.0,,2025-10-01
Dispositifs médicaux à usage unique de cardiologie pour le groupement de commandes coordonné par le CHU Caen Normandie  - RELANCE des lots sans suite AO PHARMA2024121 - Cathéters porteur 6f 90cm avec flexibilité distale,CENTRE HOSPITALIER UNIVERSITAIRE DE CAEN NORMANDIE,STRYKER FRANCE SA,21312.5,,2025-10-01
"STM25 FOURNITURE DE DISPOSITIFS MEDICAUX STERILES ET DISPOSITIFS MEDICAUX IMPLANTABLES, DE RYTHMOLOGIE ET D¿ELECTROPHYSIOLOGIE",CTRE HOSPITALIER INTERCOM ALPES DU SUD (SITE HOSPITALIER DE GAP),MEDTRONIC FRANCE,602429.84,,2025-09-30
 FOURNITURE DE DISPOSITIFS MEDICAUX IMPLANTABLES - AO CARDIO - ICA25 (2025-2028),CENTRE HOSPITALIER REGIONAL DE MARSEILLE (ASSISTANCE PUBLIQUE-HOPITAUX MARSEILLE),BOSTON SCIENTIFIC,466200.0,,2025-09-26
 FOURNITURE DE DISPOSITIFS MEDICAUX IMPLANTABLES - AO CARDIO - ICA25 (2025-2028),CENTRE HOSPITALIER REGIONAL DE MARSEILLE (ASSISTANCE PUBLIQUE-HOPITAUX MARSEILLE),BOSTON SCIENTIFIC,2364714.0,,2025-09-26
 FOURNITURE DE DISPOSITIFS MEDICAUX IMPLANTABLES - AO CARDIO - ICA25 (2025-2028),CENTRE HOSPITALIER REGIONAL DE MARSEILLE (ASSISTANCE PUBLIQUE-HOPITAUX MARSEILLE),MEDTRONIC FRANCE,2015766.0,,2025-09-26
INTERV.R. CATHETER ANGIOPLASTIE PERIPH. 0.035 DIAM 5 à 12 MM,CENTRE HOSPITALIER UNIVERSITAIRE DE TOULOUSE (HOTEL DIEU SAINT JACQUES),BOSTON SCIENTIFIC,704005.0,,2025-09-26
 FOURNITURE DE DISPOSITIFS MEDICAUX IMPLANTABLES - AO CARDIO - ICA25 (2025-2028),CENTRE HOSPITALIER REGIONAL DE MARSEILLE (ASSISTANCE PUBLIQUE-HOPITAUX MARSEILLE),MEDTRONIC FRANCE,2015766.0,,2025-09-26
 FOURNITURE DE DISPOSITIFS MEDICAUX IMPLANTABLES - AO CARDIO - ICA25 (2025-2028),CENTRE HOSPITALIER REGIONAL DE MARSEILLE (ASSISTANCE PUBLIQUE-HOPITAUX MARSEILLE),BOSTON SCIENTIFIC,1227600.0,,2025-09-26
INTERV.R. ENDOPROTHESE ANGIOPLASTIE 0.035 AUTOEXPANSIBLE FEMORALE,CENTRE HOSPITALIER UNIVERSITAIRE DE TOULOUSE (HOTEL DIEU SAINT JACQUES),ABBOTT MEDICAL FRANCE SAS,232005.0,,2025-09-25
"Fourniture de dispositifs médicaux du domaine de la cardiologie interventionnelle, de l’abord vasculaire périphérique, de la radiologie interventionnelle, des endoprothèses, de la neuroradiologie et de la radiologie AO-2024-177",CENTRE HOSPITALIER UNIVERSITAIRE DE LILLE,JOHNSON & JOHNSON MEDICAL SAS,2072550.0,,2025-09-24
 FOURNITURE DE DISPOSITIFS MEDICAUX IMPLANTABLES - AO CARDIO - ICA25 (2025-2028),CENTRE HOSPITALIER REGIONAL DE MARSEILLE (ASSISTANCE PUBLIQUE-HOPITAUX MARSEILLE),JOHNSON & JOHNSON MEDICAL SAS,824850.0,,2025-09-16
 FOURNITURE DE DISPOSITIFS MEDICAUX IMPLANTABLES - AO CARDIO - ICA25 (2025-2028),CENTRE HOSPITALIER REGIONAL DE MARSEILLE (ASSISTANCE PUBLIQUE-HOPITAUX MARSEILLE),ABBOTT MEDICAL FRANCE SAS,3132756.0,,2025-09-16
 FOURNITURE DE DISPOSITIFS MEDICAUX IMPLANTABLES - AO CARDIO - ICA25 (2025-2028),CENTRE HOSPITALIER REGIONAL DE MARSEILLE (ASSISTANCE PUBLIQUE-HOPITAUX MARSEILLE),GETINGE FRANCE,3880035.0,,2025-09-16
 FOURNITURE DE DISPOSITIFS MEDICAUX IMPLANTABLES - AO CARDIO - ICA25 (2025-2028),CENTRE HOSPITALIER REGIONAL DE MARSEILLE (ASSISTANCE PUBLIQUE-HOPITAUX MARSEILLE),STRYKER FRANCE SA,469980.0,,2025-09-16
 FOURNITURE DE DISPOSITIFS MEDICAUX IMPLANTABLES - AO CARDIO - ICA25 (2025-2028),CENTRE HOSPITALIER REGIONAL DE MARSEILLE (ASSISTANCE PUBLIQUE-HOPITAUX MARSEILLE),STRYKER FRANCE SA,2199600.0,,2025-09-16
 FOURNITURE DE DISPOSITIFS MEDICAUX IMPLANTABLES - AO CARDIO - ICA25 (2025-2028),CENTRE HOSPITALIER REGIONAL DE MARSEILLE (ASSISTANCE PUBLIQUE-HOPITAUX MARSEILLE),STRYKER FRANCE SA,469980.0,,2025-09-16
 FOURNITURE DE DISPOSITIFS MEDICAUX IMPLANTABLES - AO CARDIO - ICA25 (2025-2028),CENTRE HOSPITALIER REGIONAL DE MARSEILLE (ASSISTANCE PUBLIQUE-HOPITAUX MARSEILLE),ABBOTT MEDICAL FRANCE SAS,3132756.0,,2025-09-16
 FOURNITURE DE DISPOSITIFS MEDICAUX IMPLANTABLES - AO CARDIO - ICA25 (2025-2028),CENTRE HOSPITALIER REGIONAL DE MARSEILLE (ASSISTANCE PUBLIQUE-HOPITAUX MARSEILLE),STRYKER FRANCE SA,2199600.0,,2025-09-16
"Fourniture de dispositifs médicaux du domaine de la cardiologie interventionnelle, de l’abord vasculaire périphérique, de la radiologie interventionnelle, des endoprothèses, de la neuroradiologie et de la radiologie AO-2024-177",CENTRE HOSPITALIER UNIVERSITAIRE DE LILLE,ABBOTT MEDICAL FRANCE SAS,67500.0,,2025-09-02
"Fourniture de dispositifs médicaux du domaine de la cardiologie interventionnelle, de l’abord vasculaire périphérique, de la radiologie interventionnelle, des endoprothèses, de la neuroradiologie et de la radiologie AO-2024-177",CENTRE HOSPITALIER UNIVERSITAIRE DE LILLE,ABBOTT MEDICAL FRANCE SAS,38280.0,,2025-09-02
"Fourniture de dispositifs médicaux du domaine de la cardiologie interventionnelle, de l’abord vasculaire périphérique, de la radiologie interventionnelle, des endoprothèses, de la neuroradiologie et de la radiologie AO-2024-177",CENTRE HOSPITALIER UNIVERSITAIRE DE LILLE,ABBOTT MEDICAL FRANCE SAS,22080.0,,2025-09-02
 FOURNITURE DE DISPOSITIFS MEDICAUX IMPLANTABLES - AO CARDIO - ICA25 (2025-2028),CENTRE HOSPITALIER REGIONAL DE MARSEILLE (ASSISTANCE PUBLIQUE-HOPITAUX MARSEILLE),ABBOTT MEDICAL FRANCE SAS,12599999.98,,2025-09-01
 FOURNITURE DE DISPOSITIFS MEDICAUX IMPLANTABLES - AO CARDIO - ICA25 (2025-2028),CENTRE HOSPITALIER REGIONAL DE MARSEILLE (ASSISTANCE PUBLIQUE-HOPITAUX MARSEILLE),ABBOTT MEDICAL FRANCE SAS,475200.0,,2025-09-01
 FOURNITURE DE DISPOSITIFS MEDICAUX IMPLANTABLES - AO CARDIO - ICA25 (2025-2028),CENTRE HOSPITALIER REGIONAL DE MARSEILLE (ASSISTANCE PUBLIQUE-HOPITAUX MARSEILLE),ABBOTT MEDICAL FRANCE SAS,12599999.98,,2025-09-01
 FOURNITURE DE DISPOSITIFS MEDICAUX IMPLANTABLES - AO CARDIO - ICA25 (2025-2028),CENTRE HOSPITALIER REGIONAL DE MARSEILLE (ASSISTANCE PUBLIQUE-HOPITAUX MARSEILLE),ABBOTT MEDICAL FRANCE SAS,475200.0,,2025-09-01
 FOURNITURE DE DISPOSITIFS MEDICAUX IMPLANTABLES - AO CARDIO - ICA25 (2025-2028),CENTRE HOSPITALIER REGIONAL DE MARSEILLE (ASSISTANCE PUBLIQUE-HOPITAUX MARSEILLE),MEDTRONIC FRANCE,3297240.0,,2025-08-29
 FOURNITURE DE DISPOSITIFS MEDICAUX IMPLANTABLES - AO CARDIO - ICA25 (2025-2028),CENTRE HOSPITALIER REGIONAL DE MARSEILLE (ASSISTANCE PUBLIQUE-HOPITAUX MARSEILLE),BIOTRONIK FRANCE,3304800.0,,2025-08-29
 FOURNITURE DE DISPOSITIFS MEDICAUX IMPLANTABLES - AO CARDIO - ICA25 (2025-2028),CENTRE HOSPITALIER REGIONAL DE MARSEILLE (ASSISTANCE PUBLIQUE-HOPITAUX MARSEILLE),BIOTRONIK FRANCE,324000.0,,2025-08-29
 FOURNITURE DE DISPOSITIFS MEDICAUX IMPLANTABLES - AO CARDIO - ICA25 (2025-2028),CENTRE HOSPITALIER REGIONAL DE MARSEILLE (ASSISTANCE PUBLIQUE-HOPITAUX MARSEILLE),MEDTRONIC FRANCE,1565190.0,,2025-08-29
"Fourniture de dispositifs médicaux du domaine de la cardiologie interventionnelle, de l’abord vasculaire périphérique, de la radiologie interventionnelle, des endoprothèses, de la neuroradiologie et de la radiologie AO-2024-177",CENTRE HOSPITALIER UNIVERSITAIRE DE LILLE,BOSTON SCIENTIFIC,265272.0,,2025-08-27
"Fourniture de dispositifs médicaux du domaine de la cardiologie interventionnelle, de l’abord vasculaire périphérique, de la radiologie interventionnelle, des endoprothèses, de la neuroradiologie et de la radiologie AO-2024-177",CENTRE HOSPITALIER UNIVERSITAIRE DE LILLE,STRYKER FRANCE SA,1766793.6,,2025-08-27
"Fourniture de dispositifs médicaux du domaine de la cardiologie interventionnelle, de l’abord vasculaire périphérique, de la radiologie interventionnelle, des endoprothèses, de la neuroradiologie et de la radiologie AO-2024-177",CENTRE HOSPITALIER UNIVERSITAIRE DE LILLE,BOSTON SCIENTIFIC,39060.0,,2025-08-27
"Fourniture de dispositifs médicaux du domaine de la cardiologie interventionnelle, de l’abord vasculaire périphérique, de la radiologie interventionnelle, des endoprothèses, de la neuroradiologie et de la radiologie AO-2024-177",CENTRE HOSPITALIER UNIVERSITAIRE DE LILLE,MEDTRONIC FRANCE,118140.0,,2025-08-27
"Fourniture de dispositifs médicaux du domaine de la cardiologie interventionnelle, de l’abord vasculaire périphérique, de la radiologie interventionnelle, des endoprothèses, de la neuroradiologie et de la radiologie AO-2024-177",CENTRE HOSPITALIER UNIVERSITAIRE DE LILLE,MEDTRONIC FRANCE,342367.2,,2025-08-27
"Fourniture de dispositifs médicaux du domaine de la cardiologie interventionnelle, de l’abord vasculaire périphérique, de la radiologie interventionnelle, des endoprothèses, de la neuroradiologie et de la radiologie AO-2024-177",CENTRE HOSPITALIER UNIVERSITAIRE DE LILLE,GETINGE FRANCE,1075556.4,,2025-08-27
FOURNITURE DE DISPOSITIFS MEDICAUX PROTHETIQUES IMPLANTABLES : FAMILLES DIVERSES - MN APFAMDIV (2025-2029),CENTRE HOSPITALIER REGIONAL DE MARSEILLE (ASSISTANCE PUBLIQUE-HOPITAUX MARSEILLE),BOSTON SCIENTIFIC,960000.0,,2025-08-18
P - FOURNITURE DE DISPOSITIFS MEDICAUX IMPLANTABLES ET STERILES A USAGE UNIQUE ET DE MEDICAMENTS: INSTRUMENTATION-ODONTOLOGIE - AOIOD25 (2025-2029),CENTRE HOSPITALIER REGIONAL DE MARSEILLE (ASSISTANCE PUBLIQUE-HOPITAUX MARSEILLE),JOHNSON & JOHNSON MEDICAL SAS,168000.0,,2025-08-18
P - FOURNITURE DE DISPOSITIFS MEDICAUX IMPLANTABLES ET STERILES A USAGE UNIQUE ET DE MEDICAMENTS: INSTRUMENTATION-ODONTOLOGIE - AOIOD25 (2025-2029),CENTRE HOSPITALIER REGIONAL DE MARSEILLE (ASSISTANCE PUBLIQUE-HOPITAUX MARSEILLE),JOHNSON & JOHNSON MEDICAL SAS,168000.0,,2025-08-18
FOURNITURE DE DISPOSITIFS MEDICAUX PROTHETIQUES IMPLANTABLES : FAMILLES DIVERSES - MN APFAMDIV (2025-2029),CENTRE HOSPITALIER REGIONAL DE MARSEILLE (ASSISTANCE PUBLIQUE-HOPITAUX MARSEILLE),BOSTON SCIENTIFIC,960000.0,,2025-08-18
P - FOURNITURE DE DISPOSITIFS MEDICAUX IMPLANTABLES ET STERILES A USAGE UNIQUE ET DE MEDICAMENTS: INSTRUMENTATION-ODONTOLOGIE - AOIOD25 (2025-2029),CENTRE HOSPITALIER REGIONAL DE MARSEILLE (ASSISTANCE PUBLIQUE-HOPITAUX MARSEILLE),ZIMMER BIOMET FRANCE,28640.0,,2025-08-18
"2024-0352 FOURNITURE DE DISPOSITIFS MEDICAUX PROTHETIQUES IMPLANTABLES : FAMILLES ENDOSCOPIE DIGESTIVE, CHIRURGIE PLASTIQUE ET REPARATRICE, ORL, PNEUMOLOGIE, UROLOGIE, GYNECOLOGIE - FAMDIV (2025-2029)",CENTRE HOSPITALIER REGIONAL DE MARSEILLE (ASSISTANCE PUBLIQUE-HOPITAUX MARSEILLE),MEDTRONIC FRANCE,1600000.0,,2025-08-18
"2024-0352 FOURNITURE DE DISPOSITIFS MEDICAUX PROTHETIQUES IMPLANTABLES : FAMILLES ENDOSCOPIE DIGESTIVE, CHIRURGIE PLASTIQUE ET REPARATRICE, ORL, PNEUMOLOGIE, UROLOGIE, GYNECOLOGIE - FAMDIV (2025-2029)",CENTRE HOSPITALIER REGIONAL DE MARSEILLE (ASSISTANCE PUBLIQUE-HOPITAUX MARSEILLE),MEDTRONIC FRANCE,1600000.0,,2025-08-18
"2024-0352 FOURNITURE DE DISPOSITIFS MEDICAUX PROTHETIQUES IMPLANTABLES : FAMILLES ENDOSCOPIE DIGESTIVE, CHIRURGIE PLASTIQUE ET REPARATRICE, ORL, PNEUMOLOGIE, UROLOGIE, GYNECOLOGIE - FAMDIV (2025-2029)",CENTRE HOSPITALIER REGIONAL DE MARSEILLE (ASSISTANCE PUBLIQUE-HOPITAUX MARSEILLE),BOSTON SCIENTIFIC,1400000.0,,2025-08-18
"2024-0352 FOURNITURE DE DISPOSITIFS MEDICAUX PROTHETIQUES IMPLANTABLES : FAMILLES ENDOSCOPIE DIGESTIVE, CHIRURGIE PLASTIQUE ET REPARATRICE, ORL, PNEUMOLOGIE, UROLOGIE, GYNECOLOGIE - FAMDIV (2025-2029)",CENTRE HOSPITALIER REGIONAL DE MARSEILLE (ASSISTANCE PUBLIQUE-HOPITAUX MARSEILLE),BOSTON SCIENTIFIC,1400000.0,,2025-08-18
P - FOURNITURE DE DISPOSITIFS MEDICAUX IMPLANTABLES ET STERILES A USAGE UNIQUE ET DE MEDICAMENTS: INSTRUMENTATION-ODONTOLOGIE - AOIOD25 (2025-2029),CENTRE HOSPITALIER REGIONAL DE MARSEILLE (ASSISTANCE PUBLIQUE-HOPITAUX MARSEILLE),ZIMMER BIOMET FRANCE,28640.0,,2025-08-18
Fourniture de dispositifs médicaux implantables pour Stimulation & Défibrillation cardiaque - INTRODUCTEUR A GAINE PELABLE POUR MISE EN PLACE DE SONDES DE STIMULATION,CTRE HOSPITALIER UNIVERS PONTCHAILLOU,BIOTRONIK FRANCE,35490.0,,2025-08-14
"Système de guidage multimodal AVVIGO PLUS et ses accessoires : cathéter, poche stérile avec mise à disposition d’une console.",CHD LA ROCHE SUR YON LUCON MONTAIGU (CHD-VENDEE),BOSTON SCIENTIFIC,27475.0,,2025-08-07
P - FOURNITURE DE DISPOSITIFS MEDICAUX IMPLANTABLES ET STERILES A USAGE UNIQUE ET DE MEDICAMENTS: INSTRUMENTATION-ODONTOLOGIE - AOIOD25 (2025-2029),CENTRE HOSPITALIER REGIONAL DE MARSEILLE (ASSISTANCE PUBLIQUE-HOPITAUX MARSEILLE),STRYKER FRANCE SA,550000.0,,2025-08-06
P - FOURNITURE DE DISPOSITIFS MEDICAUX IMPLANTABLES ET STERILES A USAGE UNIQUE ET DE MEDICAMENTS: INSTRUMENTATION-ODONTOLOGIE - AOIOD25 (2025-2029),CENTRE HOSPITALIER REGIONAL DE MARSEILLE (ASSISTANCE PUBLIQUE-HOPITAUX MARSEILLE),STRYKER FRANCE SA,550000.0,,2025-08-06
XCARD - ENDOPROTHESE CORONAIRE ACTIVE,CENTRE HOSPITALIER DE VALENCIENNES,BOSTON SCIENTIFIC,4187968.8,,2025-08-06
Lot 13 - Prothèse anatomique pour cure de hernie inguinale en coeliochirurgie - GAPSCA - Dispositifs médicaux de chirurgie digestive (2025/2028),CENTRE HOSPITALIER DE COLMAR (CENTRE HOSPITALIER LOUIS PASTEUR),MEDTRONIC FRANCE,81900.0,,2025-08-01
P - FOURNITURE DE DISPOSITIFS MEDICAUX IMPLANTABLES ET STERILES A USAGE UNIQUE ET DE MEDICAMENTS: INSTRUMENTATION-ODONTOLOGIE - AOIOD25 (2025-2029),CENTRE HOSPITALIER REGIONAL DE MARSEILLE (ASSISTANCE PUBLIQUE-HOPITAUX MARSEILLE),MEDTRONIC FRANCE,1021780.0,,2025-07-31
P - FOURNITURE DE DISPOSITIFS MEDICAUX IMPLANTABLES ET STERILES A USAGE UNIQUE ET DE MEDICAMENTS: INSTRUMENTATION-ODONTOLOGIE - AOIOD25 (2025-2029),CENTRE HOSPITALIER REGIONAL DE MARSEILLE (ASSISTANCE PUBLIQUE-HOPITAUX MARSEILLE),MEDTRONIC FRANCE,1021780.0,,2025-07-31
"FOURNITURE, MISE EN SERVICE ET MAINTENANCE DE DEFIBRILLATEURS - Fourniture de défibrillateurs semi-automatique pour les services de soins",RESEAU DES ACHETEURS HOSPITALIERS,STRYKER FRANCE SA,1200000.0,,2025-07-31
"FOURNITURE, MISE EN SERVICE ET MAINTENANCE DE DEFIBRILLATEURS - Fourniture de défibrillateur semi-automatique adapté aux secouristes",RESEAU DES ACHETEURS HOSPITALIERS,STRYKER FRANCE SA,1200000.0,,2025-07-31
"FOURNITURE, MISE EN SERVICE ET MAINTENANCE DE DEFIBRILLATEURS - Fourniture de défibrillateur – moniteur",RESEAU DES ACHETEURS HOSPITALIERS,STRYKER FRANCE SA,4800000.0,,2025-07-31
"DMS 2024-02 AO 092 fourniture de Dispositifs Médicaux Stériles à usage unique 
*Casaque, drapage opératoire, compresse, instrument, cupule, tampon, set, pansement tous types, thérapie par pression négative, brosse chirurgicale, immobilisation, contention / compression, maintien.
*Dialyse, aphérèse, immunophérèse
*Biberon, lacs suspenseurs, dispositifs médicaux non implantables : médecine, chirurgie, électrophysiologie, radiologie, angioplastie, coronarographie.
*Dispositifs médicaux implantables toutes spécialités  - PROTHESE MAXILLO-FACIALE SUR MESURE DE REMPLACEMENT DE L’ARTICULATION TEMPORO-MANDIBULAIRE",CENTRE HOSPITALIER UNIVERSITAIRE,ZIMMER BIOMET FRANCE,95992.0,,2025-07-27
XVASS - PROTHESE VASCULAIRE POUR CANULATION,CENTRE HOSPITALIER DE VALENCIENNES,GETINGE FRANCE,62844.8,,2025-07-21
XVASS - ENDOPROTHESE AORTIQUE THORACIQUE,CENTRE HOSPITALIER DE VALENCIENNES,MEDTRONIC FRANCE,1481187.2,,2025-07-21
XVASS - ENDOPROTHESE VASCULAIRE A ELIMINATION DE PRINCIPE ACTIF,CENTRE HOSPITALIER DE VALENCIENNES,BOSTON SCIENTIFIC,436384.0,,2025-07-21
XVASS - ENDOPROTHESE VASCULAIRE PERIPHERIQUE CAROTIDIENNE,CENTRE HOSPITALIER DE VALENCIENNES,ABBOTT MEDICAL FRANCE SAS,236649.6,,2025-07-21
XVASS - PROTHESE VASCULAIRE IMPREGNEE ARGENT,CENTRE HOSPITALIER DE VALENCIENNES,GETINGE FRANCE,129704.0,,2025-07-21
XVASS - PROTHESE VASCULAIRE POLYESTER,CENTRE HOSPITALIER DE VALENCIENNES,GETINGE FRANCE,620262.4,,2025-07-21
RYT 24 - STIMULATEUR CARDIAQUE SANS SONDE,CENTRE HOSPITALIER UNIVERSITAIRE DE TOULOUSE (HOTEL DIEU SAINT JACQUES),ABBOTT MEDICAL FRANCE SAS,1791468.0,,2025-07-17
"FOURNITURES DE DISPOSITIFS MEDICAUX POUR LA NEURORADIOLOGIE INTERVENTIONNELLE POUR LE CHU ROUEN NORMANDIE - Lot 2: Stent intracranien autoexpansible tressé en chrome cobalt à largage contrôlé recouvert d’un revêtement de type polymère de phosphorylcholine de D de 2,5 à 6mm et L de 10 à 50mm et son microcathéter simple lumière &lt; = 0,027"" compatible",CENTRE HOSPITALIER UNIVERSITAIRE ROUEN (HOPITAL CHARLES NICOLLE CHU ROUEN),MEDTRONIC FRANCE,1031533.0,,2025-07-16
FOURNITURES DE DISPOSITIFS MEDICAUX POUR LA NEURORADIOLOGIE INTERVENTIONNELLE POUR LE CHU ROUEN NORMANDIE - Lot 57: Cathéter porteur intracranien d’accès distal simple lumière avec lumière interne de diamètre 4 à 6 F muni d’un revêtement de type PTFE toutes longueurs,CENTRE HOSPITALIER UNIVERSITAIRE ROUEN (HOPITAL CHARLES NICOLLE CHU ROUEN),MEDTRONIC FRANCE,61600.0,,2025-07-16
"FOURNITURES DE DISPOSITIFS MEDICAUX POUR LA NEURORADIOLOGIE INTERVENTIONNELLE POUR LE CHU ROUEN NORMANDIE - Lot 27: Dispositif de thrombectomie mécanique: stent en nitinol auto-expansible avec des motifs à 3 cellules fermées de D jusqu’à 6,5mm et L jusqu’à 57mm",CENTRE HOSPITALIER UNIVERSITAIRE ROUEN (HOPITAL CHARLES NICOLLE CHU ROUEN),JOHNSON & JOHNSON MEDICAL SAS,70400.0,,2025-07-16
FOURNITURES DE DISPOSITIFS MEDICAUX POUR LA NEURORADIOLOGIE INTERVENTIONNELLE POUR LE CHU ROUEN NORMANDIE - Lot 28: Dispositif de thrombectomie mécanique: stent en nitinol avec une partie distale en forme de cylindre et une partie proximale en forme de spirale avec plusieurs points de pincement,CENTRE HOSPITALIER UNIVERSITAIRE ROUEN (HOPITAL CHARLES NICOLLE CHU ROUEN),JOHNSON & JOHNSON MEDICAL SAS,70400.0,,2025-07-16
FOURNITURES DE DISPOSITIFS MEDICAUX POUR LA NEURORADIOLOGIE INTERVENTIONNELLE POUR LE CHU ROUEN NORMANDIE - Lot 49: Cathéter guide neurovasculaire à accès distal 5 à 7 F toutes extremités et toutes longueurs  standard et support renforcé,CENTRE HOSPITALIER UNIVERSITAIRE ROUEN (HOPITAL CHARLES NICOLLE CHU ROUEN),JOHNSON & JOHNSON MEDICAL SAS,36877.0,,2025-07-16
"FOURNITURES DE DISPOSITIFS MEDICAUX POUR LA NEURORADIOLOGIE INTERVENTIONNELLE POUR LE CHU ROUEN NORMANDIE - Lot 3: Stent intracranien autoexpansible en chrome cobalt tressé 64 brins à largage contrôlé de D à 2,5 à 5 mm et L 12 à 40mm et le microcathéter simple lumière &lt; = 0,027"" compatible",CENTRE HOSPITALIER UNIVERSITAIRE ROUEN (HOPITAL CHARLES NICOLLE CHU ROUEN),STRYKER FRANCE SA,678307.0,,2025-07-16
"FOURNITURES DE DISPOSITIFS MEDICAUX POUR LA NEURORADIOLOGIE INTERVENTIONNELLE POUR LE CHU ROUEN NORMANDIE - Lot 43: Cathéter à ballonnet neurovasculaire simple lumière coaxiale compatible sur un microguide 0,010"" pour occlusion temporaire vasculaire",CENTRE HOSPITALIER UNIVERSITAIRE ROUEN (HOPITAL CHARLES NICOLLE CHU ROUEN),MEDTRONIC FRANCE,38000.0,,2025-07-16
"FOURNITURES DE DISPOSITIFS MEDICAUX POUR LA NEURORADIOLOGIE INTERVENTIONNELLE POUR LE CHU ROUEN NORMANDIE - Lot 19: Microcathéter neurovasculaires hydrophile armé simple lumière &lt; = 1,5F compatibles avec l’injection d’implant d’embolisation liquide",CENTRE HOSPITALIER UNIVERSITAIRE ROUEN (HOPITAL CHARLES NICOLLE CHU ROUEN),MEDTRONIC FRANCE,36240.0,,2025-07-16
"FOURNITURES DE DISPOSITIFS MEDICAUX POUR LA NEURORADIOLOGIE INTERVENTIONNELLE POUR LE CHU ROUEN NORMANDIE - Lot 48: Cathéter guide neurovasculaire à accès radial de 5,5 à 7F toutes extrémités et toutes longueures",CENTRE HOSPITALIER UNIVERSITAIRE ROUEN (HOPITAL CHARLES NICOLLE CHU ROUEN),MEDTRONIC FRANCE,13280.0,,2025-07-16
FOURNITURES DE DISPOSITIFS MEDICAUX POUR LA NEURORADIOLOGIE INTERVENTIONNELLE POUR LE CHU ROUEN NORMANDIE - Lot 30: Stent intracranien auto-expansible en nitinol à détachement contrôlé électrolytique et accessoires liés à leur détachement,CENTRE HOSPITALIER UNIVERSITAIRE ROUEN (HOPITAL CHARLES NICOLLE CHU ROUEN),MEDTRONIC FRANCE,49000.0,,2025-07-16
"FOURNITURES DE DISPOSITIFS MEDICAUX POUR LA NEURORADIOLOGIE INTERVENTIONNELLE POUR LE CHU ROUEN NORMANDIE - Lot 24: Dispositif de thrombectomie mécanique: stent en nitinol autoexpansible fendu sur sa longueur de D 4 et 6 mm et L jusqu’à 40 mm et son microcathéter simple lumière &lt; = 0,021"" compatible",CENTRE HOSPITALIER UNIVERSITAIRE ROUEN (HOPITAL CHARLES NICOLLE CHU ROUEN),MEDTRONIC FRANCE,882400.0,,2025-07-16
"FOURNITURES DE DISPOSITIFS MEDICAUX POUR LA NEURORADIOLOGIE INTERVENTIONNELLE POUR LE CHU ROUEN NORMANDIE - Lot 20: Microcathéter neurovasculaires simple lumière &lt; =  0,017"" toutes courbures et longueurs et deux marqueurs radio-opaques compatibles avec l’injection d’implant d’embolisation liquide",CENTRE HOSPITALIER UNIVERSITAIRE ROUEN (HOPITAL CHARLES NICOLLE CHU ROUEN),MEDTRONIC FRANCE,36000.0,,2025-07-16
"FOURNITURES DE DISPOSITIFS MEDICAUX POUR LA NEURORADIOLOGIE INTERVENTIONNELLE POUR LE CHU ROUEN NORMANDIE - Lot 14: Stent intracrânien auto-expansible hybride en nitinol à  mailles ouvertes et de diamètre D 3 à 4,5 mm",CENTRE HOSPITALIER UNIVERSITAIRE ROUEN (HOPITAL CHARLES NICOLLE CHU ROUEN),STRYKER FRANCE SA,156682.0,,2025-07-16
"FOURNITURES DE DISPOSITIFS MEDICAUX POUR LA NEURORADIOLOGIE INTERVENTIONNELLE POUR LE CHU ROUEN NORMANDIE - Lot 21: Microcathéter neurovasculaire simple lumière &lt; = 0,027"" toutes longueurs et toutes courbures recouvert d’un revêtement de type Hydrolene ® compatibles avec la mise en place d’implants d’embolisation.",CENTRE HOSPITALIER UNIVERSITAIRE ROUEN (HOPITAL CHARLES NICOLLE CHU ROUEN),STRYKER FRANCE SA,51500.0,,2025-07-16
FOURNITURES DE DISPOSITIFS MEDICAUX POUR LA NEURORADIOLOGIE INTERVENTIONNELLE POUR LE CHU ROUEN NORMANDIE - Lot 7: Implants Microspires (coils) métalliques d’embolisation artérielle de forme simples et complexes à détachement contrôlé électrolytique dans les indications cranio-encéphaliques  et vertebro medullaires et accessoires liés à leur détachement,CENTRE HOSPITALIER UNIVERSITAIRE ROUEN (HOPITAL CHARLES NICOLLE CHU ROUEN),STRYKER FRANCE SA,355266.0,,2025-07-16
"FOURNITURES DE DISPOSITIFS MEDICAUX POUR LA NEURORADIOLOGIE INTERVENTIONNELLE POUR LE CHU ROUEN NORMANDIE - Lot 18: Microcathéter neurovasculaires simple lumière  &lt; = 1,9F avec partie distale détachable compatibles avec l’injection d’implant d’embolisation liquide",CENTRE HOSPITALIER UNIVERSITAIRE ROUEN (HOPITAL CHARLES NICOLLE CHU ROUEN),MEDTRONIC FRANCE,52808.0,,2025-07-16
FOURNITURES DE DISPOSITIFS MEDICAUX POUR LA NEURORADIOLOGIE INTERVENTIONNELLE POUR LE CHU ROUEN NORMANDIE - Lot 10: Implants d’embolisation liquide de viscosité 18 et pour malformations artérioveineuses cérébrales et fistules artérioveineuses avec mise à disposition d’accessoires.,CENTRE HOSPITALIER UNIVERSITAIRE ROUEN (HOPITAL CHARLES NICOLLE CHU ROUEN),MEDTRONIC FRANCE,132262.0,,2025-07-16
FOURNITURES DE DISPOSITIFS MEDICAUX POUR LA NEURORADIOLOGIE INTERVENTIONNELLE POUR LE CHU ROUEN NORMANDIE - Lot 26: Dispositif de thrombectomie mécanique: stent en nitinol autoexpansible de diamète D 3 à 6 mm  et marqueurs radio-opaque en platine.,CENTRE HOSPITALIER UNIVERSITAIRE ROUEN (HOPITAL CHARLES NICOLLE CHU ROUEN),STRYKER FRANCE SA,352000.0,,2025-07-16
"FOURNITURES DE DISPOSITIFS MEDICAUX POUR LA NEURORADIOLOGIE INTERVENTIONNELLE POUR LE CHU ROUEN NORMANDIE - Lot 32: Cathéter neurovasculaire de thrombo-aspiration simple lumière de D&lt; = 0,074"" toutes longueurs. Le cathéter de  thrombo-aspiration contient une valve hémostatique rotative, un introducteur et deux introducteurs à gaine pelable. MAD de la pompe et des consommables associés.",CENTRE HOSPITALIER UNIVERSITAIRE ROUEN (HOPITAL CHARLES NICOLLE CHU ROUEN),STRYKER FRANCE SA,240000.0,,2025-07-16
FOURNITURES DE DISPOSITIFS MEDICAUX POUR LA NEURORADIOLOGIE INTERVENTIONNELLE POUR LE CHU ROUEN NORMANDIE - Lot 40: Cathéter guide à ballonnet neurovasculaire simple lumière coaxiale à renforcement tressé et rigidité variable de 8 à 9F pour occlusion temporaire du flux vasculaire,CENTRE HOSPITALIER UNIVERSITAIRE ROUEN (HOPITAL CHARLES NICOLLE CHU ROUEN),STRYKER FRANCE SA,286000.0,,2025-07-16
FOURNITURE DE DISPOSITIFS MEDICAUX POUR ENDOSCOPIE DIGESTIVE ET BRONCHIQUE - Endoprothèse oesophagienne métallique totalement couverte,CTRE HOSPITALIER UNIVERS PONTCHAILLOU,BOSTON SCIENTIFIC,38173.92,,2025-07-09
2025-0259 FOURNITURE DE DISPOSITIFS MEDICAUX PROTHETIQUES IMPLANTABLES : FAMILLES DIVERSES - MN SPFAMDIV (2025-2029),CENTRE HOSPITALIER REGIONAL DE MARSEILLE (ASSISTANCE PUBLIQUE-HOPITAUX MARSEILLE),BOSTON SCIENTIFIC,840000.0,,2025-07-03
2025-0259 FOURNITURE DE DISPOSITIFS MEDICAUX PROTHETIQUES IMPLANTABLES : FAMILLES DIVERSES - MN SPFAMDIV (2025-2029),CENTRE HOSPITALIER REGIONAL DE MARSEILLE (ASSISTANCE PUBLIQUE-HOPITAUX MARSEILLE),BOSTON SCIENTIFIC,840000.0,,2025-07-03
Fourniture de produits pharmaceutiques : DMS (229 lots) au groupement GAULoYS - CATHETER HEMODIALYSE HAUT DEBIT 11F - 2 VOIES - STERILE,CTRE HOSPITALIER INTERCOMMUNAL AGGLOMERATION DE NEVERS,MEDTRONIC FRANCE,3360.0,,2025-07-01
"DMS 2024-02 AO 092 fourniture de Dispositifs Médicaux Stériles à usage unique 
*Casaque, drapage opératoire, compresse, instrument, cupule, tampon, set, pansement tous types, thérapie par pression négative, brosse chirurgicale, immobilisation, contention / compression, maintien.
*Dialyse, aphérèse, immunophérèse
*Biberon, lacs suspenseurs, dispositifs médicaux non implantables : médecine, chirurgie, électrophysiologie, radiologie, angioplastie, coronarographie.
*Dispositifs médicaux implantables toutes spécialités  - THERAPIE PAR PRESSION NEGATIVE MANUELLE ENDOLUMINALE DES FUITES ANASTOMOTIQUES",CENTRE HOSPITALIER UNIVERSITAIRE,BOSTON SCIENTIFIC,25377.92,,2025-07-01
FOURNITURE DE DISPOSITIFS MEDICAUX ET DISPOSITIFS MEDICAUX IMPLANTABLES DE CARDIOLOGIE ET CHIRURGIE CARDIAQUE,HOSPICES CIVILS DE LYON (SIEGE ADMINISTRATIF),ABBOTT MEDICAL FRANCE SAS,9500000.0,,2025-07-01
2025-0259 FOURNITURE DE DISPOSITIFS MEDICAUX PROTHETIQUES IMPLANTABLES : FAMILLES DIVERSES - MN SPFAMDIV (2025-2029),CENTRE HOSPITALIER REGIONAL DE MARSEILLE (ASSISTANCE PUBLIQUE-HOPITAUX MARSEILLE),MEDTRONIC FRANCE,600000.0,,2025-06-30
La présente consultation a pour objet la fourniture de prothèses orthopédiques internes et consommables associés pour le centre hospitalier de Mâcon. - VIS et CONTRE-VIS,CENTRE HOSPITALIER LES CHANAUX,ZIMMER BIOMET FRANCE,8016.0,,2025-06-24
La présente consultation a pour objet la fourniture de prothèses orthopédiques internes et consommables associés pour le centre hospitalier de Mâcon. - IMPLANTS POUR CHIRURGIE DES EXTREMITES DES MEMBRES (mains et pieds),CENTRE HOSPITALIER LES CHANAUX,STRYKER FRANCE SA,3781.2,,2025-06-24
La présente consultation a pour objet la fourniture de prothèses orthopédiques internes et consommables associés pour le centre hospitalier de Mâcon. - VIS et CONTRE-VIS,CENTRE HOSPITALIER LES CHANAUX,JOHNSON & JOHNSON MEDICAL SAS,1904.0,,2025-06-24
La présente consultation a pour objet la fourniture de prothèses orthopédiques internes et consommables associés pour le centre hospitalier de Mâcon. - SYSTÈME D’ANCRAGE TENDINEUX OU LIGAMENTAiRE,CENTRE HOSPITALIER LES CHANAUX,ZIMMER BIOMET FRANCE,20022.0,,2025-06-24
La présente consultation a pour objet la fourniture de prothèses orthopédiques internes et consommables associés pour le centre hospitalier de Mâcon. - SYSTÈME D’ANCRAGE TENDINEUX OU LIGAMENTAiRE,CENTRE HOSPITALIER LES CHANAUX,ZIMMER BIOMET FRANCE,10011.0,,2025-06-24
La présente consultation a pour objet la fourniture de prothèses orthopédiques internes et consommables associés pour le centre hospitalier de Mâcon. - IMPLANTS POUR CHIRURGIE DES EXTREMITES DES MEMBRES (mains et pieds),CENTRE HOSPITALIER LES CHANAUX,STRYKER FRANCE SA,91765.6,,2025-06-24
La présente consultation a pour objet la fourniture de prothèses orthopédiques internes et consommables associés pour le centre hospitalier de Mâcon. - VIS et CONTRE-VIS,CENTRE HOSPITALIER LES CHANAUX,STRYKER FRANCE SA,8053.2,,2025-06-24
La présente consultation a pour objet la fourniture de prothèses orthopédiques internes et consommables associés pour le centre hospitalier de Mâcon. - IMPLANTS POUR CHIRURGIE DES EXTREMITES DES MEMBRES (mains et pieds),CENTRE HOSPITALIER LES CHANAUX,STRYKER FRANCE SA,3781.2,,2025-06-24
La présente consultation a pour objet la fourniture de prothèses orthopédiques internes et consommables associés pour le centre hospitalier de Mâcon. - IMPLANTS POUR CHIRURGIE DES EXTREMITES DES MEMBRES (mains et pieds),CENTRE HOSPITALIER LES CHANAUX,STRYKER FRANCE SA,11343.6,,2025-06-24
La présente consultation a pour objet la fourniture de prothèses orthopédiques internes et consommables associés pour le centre hospitalier de Mâcon. - IMPLANTS POUR CHIRURGIE DES EXTREMITES DES MEMBRES (mains et pieds),CENTRE HOSPITALIER LES CHANAUX,STRYKER FRANCE SA,5034.8,,2025-06-24
La présente consultation a pour objet la fourniture de prothèses orthopédiques internes et consommables associés pour le centre hospitalier de Mâcon. - VIS et CONTRE-VIS,CENTRE HOSPITALIER LES CHANAUX,ZIMMER BIOMET FRANCE,8016.0,,2025-06-24
La présente consultation a pour objet la fourniture de prothèses orthopédiques internes et consommables associés pour le centre hospitalier de Mâcon. - IMPLANTS POUR CHIRURGIE DES EXTREMITES DES MEMBRES (mains et pieds),CENTRE HOSPITALIER LES CHANAUX,STRYKER FRANCE SA,14633.6,,2025-06-24
La présente consultation a pour objet la fourniture de prothèses orthopédiques internes et consommables associés pour le centre hospitalier de Mâcon. - CLOU CENTRO-MEDULLAIRE y compris les systèmes de verrouillage + vis + implant de fixation,CENTRE HOSPITALIER LES CHANAUX,STRYKER FRANCE SA,59515.8,,2025-06-24
La présente consultation a pour objet la fourniture de prothèses orthopédiques internes et consommables associés pour le centre hospitalier de Mâcon. - CLOU CENTRO-MEDULLAIRE y compris les systèmes de verrouillage + vis + implant de fixation,CENTRE HOSPITALIER LES CHANAUX,JOHNSON & JOHNSON MEDICAL SAS,5009.76,,2025-06-24
La présente consultation a pour objet la fourniture de prothèses orthopédiques internes et consommables associés pour le centre hospitalier de Mâcon. - VIS et CONTRE-VIS,CENTRE HOSPITALIER LES CHANAUX,JOHNSON & JOHNSON MEDICAL SAS,6616.0,,2025-06-24
La présente consultation a pour objet la fourniture de prothèses orthopédiques internes et consommables associés pour le centre hospitalier de Mâcon. - CLOU CENTRO-MEDULLAIRE y compris les systèmes de verrouillage + vis + implant de fixation,CENTRE HOSPITALIER LES CHANAUX,STRYKER FRANCE SA,27827.6,,2025-06-24
La présente consultation a pour objet la fourniture de prothèses orthopédiques internes et consommables associés pour le centre hospitalier de Mâcon. - CLOU CENTRO-MEDULLAIRE y compris les systèmes de verrouillage + vis + implant de fixation,CENTRE HOSPITALIER LES CHANAUX,STRYKER FRANCE SA,29294.8,,2025-06-24
La présente consultation a pour objet la fourniture de prothèses orthopédiques internes et consommables associés pour le centre hospitalier de Mâcon. - CLOU CENTRO-MEDULLAIRE y compris les systèmes de verrouillage + vis + implant de fixation,CENTRE HOSPITALIER LES CHANAUX,STRYKER FRANCE SA,45138.2,,2025-06-24
"Fourniture de dispositifs médicaux de chirurgie cardio vasculaire, exploration fonctionnelle cardiaque, neuroradiologie, radiologie interventionnelle et électrophysiologie. - G- ENDOPROTHESE AORTIQUE THORACIQUE VALIANT CAPTIVIA",CENTRE HOSPITALIER REGIONAL UNIVERSITAIRE DE TOURS (CHRU TROUSSEAU CHAMBRAY),MEDTRONIC FRANCE,586520.0,,2025-06-18
C-CATHETER A BALLONNET COUPANT OU A MODIFICATION DE PLAQUE RX POUR ANGIOPLASTIE CORONAIRE,CENTRE HOSPITALIER GENERAL,BOSTON SCIENTIFIC,25200.0,,2025-06-18
C-EXTENSION DE CATHETER GUIDE,CENTRE HOSPITALIER GENERAL,BOSTON SCIENTIFIC,84000.0,,2025-06-18
C-ENDOPROTHESE CrCo A POLYMERE RESORBABLE RECOUVERTE D’EVEROLIMUS,CENTRE HOSPITALIER GENERAL,BOSTON SCIENTIFIC,277154.4,,2025-06-18
FOURNITURE DE DISPOSITIFS MEDICAUX POUR ENDOSCOPIE DIGESTIVE ET BRONCHIQUE - Prothèse d’apposition pour anastomose sous écho-endoscopie,CTRE HOSPITALIER UNIVERS PONTCHAILLOU,BOSTON SCIENTIFIC,680000.0,,2025-06-17
C-ENDOPROTHESE CrCo A POLYMERE NON RESORBABLE RECOUVERTE D’EVEROLIMUS,CENTRE HOSPITALIER GENERAL,ABBOTT MEDICAL FRANCE SAS,684734.4,,2025-06-17
FOURNITURE DE DISPOSITIFS MEDICAUX POUR ENDOSCOPIE DIGESTIVE ET BRONCHIQUE - Endoprothèse biliaire,CTRE HOSPITALIER UNIVERS PONTCHAILLOU,BOSTON SCIENTIFIC,17047.36,,2025-06-17
P-ENDOPROTHESE PERIPHERIQUE  NUE MONTEE SUR BALLON,CENTRE HOSPITALIER GENERAL,ABBOTT MEDICAL FRANCE SAS,2644.44,,2025-06-17
FOURNITURE DE DISPOSITIFS MEDICAUX POUR ENDOSCOPIE DIGESTIVE ET BRONCHIQUE - Endoprothèse entérale métallique non couverte,CTRE HOSPITALIER UNIVERS PONTCHAILLOU,BOSTON SCIENTIFIC,19086.96,,2025-06-17
RYT 24 - DEFIBRILLATEUR TRIPLE CHAMBRE,CENTRE HOSPITALIER UNIVERSITAIRE DE TOULOUSE (HOTEL DIEU SAINT JACQUES),ABBOTT MEDICAL FRANCE SAS,2185500.0,,2025-06-17
C-CATHETER DE DILATATION  A BALLONNET SEMI-COMPLIANT POUR ANGIOPLASTIE CORONAIRE - SYSTEME MONORAIL,CENTRE HOSPITALIER GENERAL,ABBOTT MEDICAL FRANCE SAS,67080.0,,2025-06-17
C-CATHETER DE DILATATION A BALLONNET NON COMPLIANT POUR ANGIOPLASTIE CORONAIRE- SYSTEME MONORAIL,CENTRE HOSPITALIER GENERAL,ABBOTT MEDICAL FRANCE SAS,106600.0,,2025-06-17
P-CATHETER DE DILATATION A BALLONNET SEMI COMPLIANT POUR ANGIOPLASTIE PERIPHERIQUE,CENTRE HOSPITALIER GENERAL,ABBOTT MEDICAL FRANCE SAS,7653.32,,2025-06-17
C-CATHETER GUIDE POUR ANGIOPLASTIE CORONAIRE DROITE OU GAUCHE DE 5F à 8 F,CENTRE HOSPITALIER GENERAL,MEDTRONIC FRANCE,140400.0,,2025-06-17
P-ENDOPROTHESE PERIPHERIQUE NUE AUTO EXPANSIBLE EN NITINOL,CENTRE HOSPITALIER GENERAL,ABBOTT MEDICAL FRANCE SAS,36966.6,,2025-06-17
RYT 24 - DEFIBRILLATEUR SIMPLE CHAMBRE,CENTRE HOSPITALIER UNIVERSITAIRE DE TOULOUSE (HOTEL DIEU SAINT JACQUES),ABBOTT MEDICAL FRANCE SAS,1272000.0,,2025-06-17
Fourniture de dispositifs médicaux d’abord chirurgical pour le Centre hospitalier Bretagne Atlantique et le Centre hospitalier Alphonse Guérin - PROTHESE VASCULAIRE POLYESTER AVEC REVETEMENT ANTI-MICROBIEN,CENTRE HOSPITALIER BRETAGNE ATLANTIQUE (CENTRE HOSPITALIER CHUBERT),GETINGE FRANCE,10196.4,,2025-06-16
Fourniture de Cathéters artériectomie chirurgie vasculaire JETSTREAM pour les besoins du CHU de Caen Normandie,CENTRE HOSPITALIER UNIVERSITAIRE DE CAEN NORMANDIE,BOSTON SCIENTIFIC,216000.0,,2025-06-02
"Fourniture de DISPOSITIFS MEDICAUX CONSOMMABLES pour ORTHOPÉDIE, TRAUMATOLOGIE & CHIRURGIE MAXILLO-FACIALE STÉRILES ET NON STÉRILES (ORTHO) pour des établissements du GHT 72
(C.H. du Mans,  C.H. La Ferté Bernard, PSSL) - IMPLANTS DE CERCLAGE AVEC PLAQUES",HOPITAL LE MANS,ZIMMER BIOMET FRANCE,210000.0,,2025-06-02
"Fourniture de DISPOSITIFS MEDICAUX CONSOMMABLES pour ORTHOPÉDIE, TRAUMATOLOGIE & CHIRURGIE MAXILLO-FACIALE STÉRILES ET NON STÉRILES (ORTHO) pour des établissements du GHT 72
(C.H. du Mans,  C.H. La Ferté Bernard, PSSL) - PROTHESE DE GENOU UNICOMPARTIMENTALE A PLATEAU MOBILE.",HOPITAL LE MANS,ZIMMER BIOMET FRANCE,102900.0,,2025-06-02
"Fourniture de DISPOSITIFS MEDICAUX CONSOMMABLES pour ORTHOPÉDIE, TRAUMATOLOGIE & CHIRURGIE MAXILLO-FACIALE STÉRILES ET NON STÉRILES (ORTHO) pour des établissements du GHT 72
(C.H. du Mans,  C.H. La Ferté Bernard, PSSL) - PROTHESE DE RECONSTRUCTION ET/OU REVISION DE GENOU",HOPITAL LE MANS,ZIMMER BIOMET FRANCE,238000.0,,2025-06-02
"Fourniture de DISPOSITIFS MEDICAUX CONSOMMABLES pour ORTHOPÉDIE, TRAUMATOLOGIE & CHIRURGIE MAXILLO-FACIALE STÉRILES ET NON STÉRILES (ORTHO) pour des établissements du GHT 72
(C.H. du Mans,  C.H. La Ferté Bernard, PSSL) - PROTHESES DE HANCHE, PREMIERE INTENTION AVEC TIGE AUTOBLOQUANTE, AVEC OU SANS CIMENT",HOPITAL LE MANS,ZIMMER BIOMET FRANCE,694400.0,,2025-06-02
"FOURNITURE DE DISPOSITIFS MEDICAUX A VISEE VASCULAIRE INTERVENTIONNELLE - 37 - Endoprothèse périphérique alliage chrome cobalt 0.014"" monorail",CTRE HOSPITALIER UNIVERS PONTCHAILLOU,GETINGE FRANCE,23913.12,,2025-06-01
FOURNITURE DE DISPOSITIFS MEDICAUX A VISEE VASCULAIRE INTERVENTIONNELLE -  lot 27 - Endoprothèse aortique abdominale autoexpansible couverte,CTRE HOSPITALIER UNIVERS PONTCHAILLOU,MEDTRONIC FRANCE,507577.72,,2025-06-01
"FOURNITURE DE DISPOSITIFS MEDICAUX A VISEE VASCULAIRE INTERVENTIONNELLE -36 -  Endoprothèse périphérique acier 0.035"" coaxiale",CTRE HOSPITALIER UNIVERS PONTCHAILLOU,MEDTRONIC FRANCE,155259.72,,2025-06-01
"FOURNITURE DE DISPOSITIFS MEDICAUX A VISEE VASCULAIRE INTERVENTIONNELLE -  35 - Endoprothèse biliaire ou vasculaire autoexpansible 0.035"" nitinol",CTRE HOSPITALIER UNIVERS PONTCHAILLOU,ABBOTT MEDICAL FRANCE SAS,68388.21,,2025-06-01
"FOURNITURE DE DISPOSITIFS MEDICAUX A VISEE VASCULAIRE INTERVENTIONNELLE - 43 - Endoprothèse périphérique autoexpansible 0.018"" nitinol accès fémoral",CTRE HOSPITALIER UNIVERS PONTCHAILLOU,BIOTRONIK FRANCE,493350.0,,2025-06-01
"FOURNITURE DE DISPOSITIFS MEDICAUX A VISEE VASCULAIRE INTERVENTIONNELLE -38 -  Endoprothèse périphérique alliage chrome cobalt 0.035"" coaxiale",CTRE HOSPITALIER UNIVERS PONTCHAILLOU,GETINGE FRANCE,107609.04,,2025-06-01
"FOURNITURE DE DISPOSITIFS MEDICAUX A VISEE VASCULAIRE INTERVENTIONNELLE - Endoprothèse périphérique autoexpansible 0.014"" pour carotide",CTRE HOSPITALIER UNIVERS PONTCHAILLOU,BOSTON SCIENTIFIC,73431.93,,2025-06-01
FOURNITURE DE DISPOSITIFS MEDICAUX A VISEE VASCULAIRE INTERVENTIONNELLE - 41 - Endoprothèse périphérique autoexpansible 0.018 nitinol tressé,CTRE HOSPITALIER UNIVERS PONTCHAILLOU,ABBOTT MEDICAL FRANCE SAS,18483.3,,2025-06-01
FOURNITURE DE DISPOSITIFS MEDICAUX A VISEE VASCULAIRE INTERVENTIONNELLE -  26 - Cathéter de recanalisation vasculaire droit et angulé,CTRE HOSPITALIER UNIVERS PONTCHAILLOU,MEDTRONIC FRANCE,160336.5,,2025-06-01
"FOURNITURE DE DISPOSITIFS MEDICAUX A VISEE VASCULAIRE INTERVENTIONNELLE - 45 - Endoprothèse périphérique autoexpansible 0.035"" avec principe actif",CTRE HOSPITALIER UNIVERS PONTCHAILLOU,BOSTON SCIENTIFIC,67503.15,,2025-06-01
FOURNITURE DE DISPOSITIFS MEDICAUX A VISEE VASCULAIRE INTERVENTIONNELLE -  33 - Endoprothèse aortique thoracique autoexpansible couverte,CTRE HOSPITALIER UNIVERS PONTCHAILLOU,MEDTRONIC FRANCE,148559.59,,2025-06-01
FOURNITURE DE DISPOSITIFS MEDICAUX A VISEE VASCULAIRE INTERVENTIONNELLE - 14  -Endoprothèse coronaire couverte,CTRE HOSPITALIER UNIVERS PONTCHAILLOU,BIOTRONIK FRANCE,4201.44,,2025-06-01
"FOURNITURE DE DISPOSITIFS MEDICAUX A VISEE VASCULAIRE INTERVENTIONNELLE -  25 Cathéter d’angioplastie périphérique 0.035"" semi-compliant coaxial",CTRE HOSPITALIER UNIVERS PONTCHAILLOU,MEDTRONIC FRANCE,192040.2,,2025-06-01
"FOURNITURE DE DISPOSITIFS MEDICAUX A VISEE VASCULAIRE INTERVENTIONNELLE -  22 - Cathéter d’angioplastie périphérique 0.035"" avec principe actif",CTRE HOSPITALIER UNIVERS PONTCHAILLOU,MEDTRONIC FRANCE,154560.0,,2025-06-01
"FOURNITURE DE DISPOSITIFS MEDICAUX A VISEE VASCULAIRE INTERVENTIONNELLE - 21 - Cathéter d’angioplastie périphérique 0.018"" semi compliant coaxial",CTRE HOSPITALIER UNIVERS PONTCHAILLOU,MEDTRONIC FRANCE,194424.3,,2025-06-01
"FOURNITURE DE DISPOSITIFS MEDICAUX A VISEE VASCULAIRE INTERVENTIONNELLE -  20 - Cathéter d’angioplastie périphérique 0.018"" avec principe actif",CTRE HOSPITALIER UNIVERS PONTCHAILLOU,BOSTON SCIENTIFIC,102577.5,,2025-06-01
"FOURNITURE DE DISPOSITIFS MEDICAUX A VISEE VASCULAIRE INTERVENTIONNELLE -19-  Cathéter d’angioplastie périphérique 0.014"" monorail",CTRE HOSPITALIER UNIVERS PONTCHAILLOU,BOSTON SCIENTIFIC,14850.0,,2025-06-01
FOURNITURE DE DISPOSITIFS MEDICAUX A VISEE VASCULAIRE INTERVENTIONNELLE - 16 - Applicateur d’agrafe pour endoprothèse aortique,CTRE HOSPITALIER UNIVERS PONTCHAILLOU,MEDTRONIC FRANCE,121320.0,,2025-06-01
FOURNITURE DE DISPOSITIFS MEDICAUX A VISEE VASCULAIRE INTERVENTIONNELLE - 15 - Implant exovasculaire pour fermeture de malformations cardiaques,CTRE HOSPITALIER UNIVERS PONTCHAILLOU,ABBOTT MEDICAL FRANCE SAS,405271.08,,2025-06-01
"FOURNITURE DE DISPOSITIFS MEDICAUX A VISEE VASCULAIRE INTERVENTIONNELLE - 50 - Endoprothèse périphérique couverte 0.035"" coaxiale",CTRE HOSPITALIER UNIVERS PONTCHAILLOU,GETINGE FRANCE,260984.2,,2025-06-01
FOURNITURE DE DISPOSITIFS MEDICAUX A VISEE VASCULAIRE INTERVENTIONNELLE - Endoprothèse coronaire avec principe actif en alliage platine chrome,CTRE HOSPITALIER UNIVERS PONTCHAILLOU,BOSTON SCIENTIFIC,269002.8,,2025-06-01
FOURNITURE DE DISPOSITIFS MEDICAUX A VISEE VASCULAIRE INTERVENTIONNELLE - 11 - Endoprothèse coronaire avec principe actif en alliage chrome cobalt maille > ou = 75µ,CTRE HOSPITALIER UNIVERS PONTCHAILLOU,ABBOTT MEDICAL FRANCE SAS,312410.07,,2025-06-01
FOURNITURE DE DISPOSITIFS MEDICAUX A VISEE VASCULAIRE INTERVENTIONNELLE - 11 - Endoprothèse coronaire avec principe actif en alliage chrome cobalt maille > ou = 75µ,CTRE HOSPITALIER UNIVERS PONTCHAILLOU,BIOTRONIK FRANCE,312410.07,,2025-06-01
FOURNITURE DE DISPOSITIFS MEDICAUX A VISEE VASCULAIRE INTERVENTIONNELLE - 9- Cathéter guide 6 et 7F,CTRE HOSPITALIER UNIVERS PONTCHAILLOU,MEDTRONIC FRANCE,172062.0,,2025-06-01
FOURNITURE DE DISPOSITIFS MEDICAUX A VISEE VASCULAIRE INTERVENTIONNELLE - Cathéter guide 5F,CTRE HOSPITALIER UNIVERS PONTCHAILLOU,MEDTRONIC FRANCE,46570.5,,2025-06-01
FOURNITURE DE DISPOSITIFS MEDICAUX A VISEE VASCULAIRE INTERVENTIONNELLE - Cathéter d’angioplastie coronaire non compliant,CTRE HOSPITALIER UNIVERS PONTCHAILLOU,BOSTON SCIENTIFIC,73332.0,,2025-06-01
"FOURNITURE DE DISPOSITIFS MEDICAUX A VISEE VASCULAIRE INTERVENTIONNELLE - 46 - Endoprothèse périphérique autoexpansible 0.035"" coaxiale",CTRE HOSPITALIER UNIVERS PONTCHAILLOU,MEDTRONIC FRANCE,790680.0,,2025-06-01
FOURNITURE DE DISPOSITIFS MEDICAUX A VISEE VASCULAIRE INTERVENTIONNELLE -54 -  Introducteur pour endoprothèse aortique < 30cm,CTRE HOSPITALIER UNIVERS PONTCHAILLOU,MEDTRONIC FRANCE,23235.0,,2025-06-01
FOURNITURE DE DISPOSITIFS MEDICAUX A VISEE VASCULAIRE INTERVENTIONNELLE - 58 - Cathéter guide périphérique,CTRE HOSPITALIER UNIVERS PONTCHAILLOU,BOSTON SCIENTIFIC,6840.0,,2025-06-01
FOURNITURE DE DISPOSITIFS MEDICAUX A VISEE VASCULAIRE INTERVENTIONNELLE - Implant d’embolisation artérielle métallique contrôlé,CTRE HOSPITALIER UNIVERS PONTCHAILLOU,MEDTRONIC FRANCE,36682.44,,2025-06-01
FOURNITURE DE DISPOSITIFS MEDICAUX A VISEE VASCULAIRE INTERVENTIONNELLE - 67 - Implant d’embolisation artérielle type plug métallique,CTRE HOSPITALIER UNIVERS PONTCHAILLOU,ABBOTT MEDICAL FRANCE SAS,107972.13,,2025-06-01
FOURNITURE DE DISPOSITIFS MEDICAUX A VISEE VASCULAIRE INTERVENTIONNELLE - 52 Introducteur orientable pour cathétérisme rénal,CTRE HOSPITALIER UNIVERS PONTCHAILLOU,MEDTRONIC FRANCE,42228.0,,2025-06-01
"Fourniture de DISPOSITIFS MEDICAUX CONSOMMABLES pour ORTHOPÉDIE, TRAUMATOLOGIE & CHIRURGIE MAXILLO-FACIALE STÉRILES ET NON STÉRILES (ORTHO) pour des établissements du GHT 72
(C.H. du Mans,  C.H. La Ferté Bernard, PSSL) - IMPLANT D’INTERPOSITION SCAPHO-TRAPEZ-TRAPEZOIDIENNE",HOPITAL LE MANS,STRYKER FRANCE SA,61600.0,,2025-05-30
"Fourniture de DISPOSITIFS MEDICAUX CONSOMMABLES pour ORTHOPÉDIE, TRAUMATOLOGIE & CHIRURGIE MAXILLO-FACIALE STÉRILES ET NON STÉRILES (ORTHO) pour des établissements du GHT 72
(C.H. du Mans,  C.H. La Ferté Bernard, PSSL) - PROTHESE PARTIELLE DU COUDE",HOPITAL LE MANS,STRYKER FRANCE SA,61600.0,,2025-05-30
"Fourniture de DISPOSITIFS MEDICAUX CONSOMMABLES pour ORTHOPÉDIE, TRAUMATOLOGIE & CHIRURGIE MAXILLO-FACIALE STÉRILES ET NON STÉRILES (ORTHO) pour des établissements du GHT 72
(C.H. du Mans,  C.H. La Ferté Bernard, PSSL) - IMPLANT D’ARTHRODESE POUR ORTEILS ET DOIGTS",HOPITAL LE MANS,STRYKER FRANCE SA,89600.0,,2025-05-30
"Fourniture de DISPOSITIFS MEDICAUX CONSOMMABLES pour ORTHOPÉDIE, TRAUMATOLOGIE & CHIRURGIE MAXILLO-FACIALE STÉRILES ET NON STÉRILES (ORTHO) pour des établissements du GHT 72
(C.H. du Mans,  C.H. La Ferté Bernard, PSSL) - IMPLANT INTRAVERTEBRAL POUR REDUCTION DE FRACTURES",HOPITAL LE MANS,STRYKER FRANCE SA,562800.0,,2025-05-30
"DMS 2024-02 AO 092 fourniture de Dispositifs Médicaux Stériles à usage unique 
*Casaque, drapage opératoire, compresse, instrument, cupule, tampon, set, pansement tous types, thérapie par pression négative, brosse chirurgicale, immobilisation, contention / compression, maintien.
*Dialyse, aphérèse, immunophérèse
*Biberon, lacs suspenseurs, dispositifs médicaux non implantables : médecine, chirurgie, électrophysiologie, radiologie, angioplastie, coronarographie.
*Dispositifs médicaux implantables toutes spécialités  - HOUSSE STERILE COMPATIBLE CAMERA FLUORESCENCE SPY-PHINOVADAQ HH9030 STRYKER",CENTRE HOSPITALIER UNIVERSITAIRE,STRYKER FRANCE SA,34475.0,,2025-05-27
"DMS 2024-02 AO 092 fourniture de Dispositifs Médicaux Stériles à usage unique 
*Casaque, drapage opératoire, compresse, instrument, cupule, tampon, set, pansement tous types, thérapie par pression négative, brosse chirurgicale, immobilisation, contention / compression, maintien.
*Dialyse, aphérèse, immunophérèse
*Biberon, lacs suspenseurs, dispositifs médicaux non implantables : médecine, chirurgie, électrophysiologie, radiologie, angioplastie, coronarographie.
*Dispositifs médicaux implantables toutes spécialités  - HOUSSE / GAINE STERILE POUR NASOFIBROSCOPE PEDIATRIQUE",CENTRE HOSPITALIER UNIVERSITAIRE,MEDTRONIC FRANCE,13244.0,,2025-05-27
"DMS 2024-02 AO 092 fourniture de Dispositifs Médicaux Stériles à usage unique 
*Casaque, drapage opératoire, compresse, instrument, cupule, tampon, set, pansement tous types, thérapie par pression négative, brosse chirurgicale, immobilisation, contention / compression, maintien.
*Dialyse, aphérèse, immunophérèse
*Biberon, lacs suspenseurs, dispositifs médicaux non implantables : médecine, chirurgie, électrophysiologie, radiologie, angioplastie, coronarographie.
*Dispositifs médicaux implantables toutes spécialités  - TAMPON PEROPERATOIRE POUR LE PHARYNX",CENTRE HOSPITALIER UNIVERSITAIRE,MEDTRONIC FRANCE,15290.0,,2025-05-27
"DMS 2024-02 AO 092 fourniture de Dispositifs Médicaux Stériles à usage unique 
*Casaque, drapage opératoire, compresse, instrument, cupule, tampon, set, pansement tous types, thérapie par pression négative, brosse chirurgicale, immobilisation, contention / compression, maintien.
*Dialyse, aphérèse, immunophérèse
*Biberon, lacs suspenseurs, dispositifs médicaux non implantables : médecine, chirurgie, électrophysiologie, radiologie, angioplastie, coronarographie.
*Dispositifs médicaux implantables toutes spécialités  - CATHETER DIALYSE PERITONEALE",CENTRE HOSPITALIER UNIVERSITAIRE,MEDTRONIC FRANCE,8640.0,,2025-05-27
"DMS 2024-02 AO 092 fourniture de Dispositifs Médicaux Stériles à usage unique 
*Casaque, drapage opératoire, compresse, instrument, cupule, tampon, set, pansement tous types, thérapie par pression négative, brosse chirurgicale, immobilisation, contention / compression, maintien.
*Dialyse, aphérèse, immunophérèse
*Biberon, lacs suspenseurs, dispositifs médicaux non implantables : médecine, chirurgie, électrophysiologie, radiologie, angioplastie, coronarographie.
*Dispositifs médicaux implantables toutes spécialités  - DEFIBRILATEUR CARDIAQUE SOUS CUTANE",CENTRE HOSPITALIER UNIVERSITAIRE,MEDTRONIC FRANCE,336000.0,,2025-05-27
"DMS 2024-02 AO 092 fourniture de Dispositifs Médicaux Stériles à usage unique 
*Casaque, drapage opératoire, compresse, instrument, cupule, tampon, set, pansement tous types, thérapie par pression négative, brosse chirurgicale, immobilisation, contention / compression, maintien.
*Dialyse, aphérèse, immunophérèse
*Biberon, lacs suspenseurs, dispositifs médicaux non implantables : médecine, chirurgie, électrophysiologie, radiologie, angioplastie, coronarographie.
*Dispositifs médicaux implantables toutes spécialités  - CATHETER CENTRAL HEMODIALYSE 2 VOIES 14,5F TYPE PALINDROME",CENTRE HOSPITALIER UNIVERSITAIRE,MEDTRONIC FRANCE,107200.0,,2025-05-22
Fourniture de dispositifs médicaux implantables et dispositifs médicaux spécialisés 2025,CENTRE HOSPITALIER UNIVERSITAIRE GRENOBLE ALPES (HOPITAL NORD),BIOTRONIK FRANCE,1666.6666666666667,aberrant,2025-05-20
"Fourniture de dispositifs médicaux implantables et
dispositifs médicaux spécialisés 2025",CENTRE HOSPITALIER UNIVERSITAIRE GRENOBLE ALPES (HOPITAL NORD),BOSTON SCIENTIFIC,1666.6666666666667,aberrant,2025-05-20
"Fourniture de dispositifs médicaux implantables et
dispositifs médicaux spécialisés 2025",CENTRE HOSPITALIER UNIVERSITAIRE GRENOBLE ALPES (HOPITAL NORD),BOSTON SCIENTIFIC,1666.6666666666667,aberrant,2025-05-20
XRNIE - PROTHESE AUTOAGRIPPANTE EN POLYPROPYLENE,CENTRE HOSPITALIER DE VALENCIENNES,MEDTRONIC FRANCE,403794.0,,2025-05-20
Fourniture de cathéter PulseSelect et de gaine FlexCath Contour 10Fr nécessaires pour l’ablation par électroporation Medtronic PulseSelect® pour le Département de Cardiologie Médicale du Groupe Hospitalier Pitié-Salpêtrière,ASSISTANCE PUBLIQUE HOPITAUX DE PARIS (GROUP HOSPIT PITIE SALPET),MEDTRONIC FRANCE,87680.0,,2025-05-15
"FOURNITURE DE DISPOSITIFS MEDICAUX STERILES DE CORONAROGRAPHIE, D’ANGIOPLASTIE ET DE RYTHMOLOGIE - Cathéter pour imagerie endovasculaire par infra rouge avec mise à disposition de l’équipement",GROUPE HOSPITALIER SAINTES-SAINT-JEAN-D'ANGELY,ABBOTT MEDICAL FRANCE SAS,208000.0,,2025-05-12
Lot 8 : Prothèse combinée antérieure/postérieure en polypropylène pour hernie  inguinale directe - GAPSCA - Dispositifs médicaux de chirurgie digestive (2025/2028),CENTRE HOSPITALIER DE COLMAR (CENTRE HOSPITALIER LOUIS PASTEUR),JOHNSON & JOHNSON MEDICAL SAS,1577.0,,2025-04-28
Lot 15 : Prothèse autoagrippante pour cure de hernie et éventration - GAPSCA - Dispositifs médicaux de chirurgie digestive (2025/2028),CENTRE HOSPITALIER DE COLMAR (CENTRE HOSPITALIER LOUIS PASTEUR),MEDTRONIC FRANCE,21930.0,,2025-04-28
Fourniture de stents coronaires,GROUPE HOSPITALIER DE LA REGION DE MULHOUSE ET SUD ALSACE (HOPITAL DU HASENRAIN),MEDTRONIC FRANCE,7336440.0,,2025-04-15
Fourniture de dispositifs médicaux stériles et/ou implantables de la société JOHNSON & JOHNSON,CENTRE HOSPITALIER REGIONAL UNIVERSITAIRE DE NANCY,JOHNSON & JOHNSON MEDICAL SAS,7980.0,,2025-04-11
Dispositifs médicaux à usage unique de cardiologie pour le groupement de commandes coordonné par le CHU Caen Normandie - CATHETER DILATATION PERIPHERIQUE ACTIF COMPATIBLE 0.035,CENTRE HOSPITALIER UNIVERSITAIRE DE CAEN NORMANDIE,MEDTRONIC FRANCE,242112.0,,2025-04-07
"DMS 2024-02 AO 092 fourniture de Dispositifs Médicaux Stériles à usage unique 
*Casaque, drapage opératoire, compresse, instrument, cupule, tampon, set, pansement tous types, thérapie par pression négative, brosse chirurgicale, immobilisation, contention / compression, maintien.
*Dialyse, aphérèse, immunophérèse
*Biberon, lacs suspenseurs, dispositifs médicaux non implantables : médecine, chirurgie, électrophysiologie, radiologie, angioplastie, coronarographie.
*Dispositifs médicaux implantables toutes spécialités  - GUIDE .018IN  ET 0.35 ANGIOPLASTIE",CENTRE HOSPITALIER UNIVERSITAIRE,ABBOTT MEDICAL FRANCE SAS,4313.0,,2025-04-07
Dispositifs médicaux à usage unique de cardiologie pour le groupement de commandes coordonné par le CHU Caen Normandie - STENT CORONAIRE ACTIF,CENTRE HOSPITALIER UNIVERSITAIRE DE CAEN NORMANDIE,ABBOTT MEDICAL FRANCE SAS,4695321.6,,2025-04-07
Dispositifs médicaux à usage unique de cardiologie pour le groupement de commandes coordonné par le CHU Caen Normandie - CATHETER ANGIOPLASTIE CORONAIRE MONORAIL SEMI COMPLIANT,CENTRE HOSPITALIER UNIVERSITAIRE DE CAEN NORMANDIE,MEDTRONIC FRANCE,1080000.0,,2025-04-07
"DMS 2024-02 AO 092 fourniture de Dispositifs Médicaux Stériles à usage unique 
*Casaque, drapage opératoire, compresse, instrument, cupule, tampon, set, pansement tous types, thérapie par pression négative, brosse chirurgicale, immobilisation, contention / compression, maintien.
*Dialyse, aphérèse, immunophérèse
*Biberon, lacs suspenseurs, dispositifs médicaux non implantables : médecine, chirurgie, électrophysiologie, radiologie, angioplastie, coronarographie.
*Dispositifs médicaux implantables toutes spécialités  - CATHETER DE DILATATION PERIPHERIQUE",CENTRE HOSPITALIER UNIVERSITAIRE,BOSTON SCIENTIFIC,10688.0,,2025-04-07
Dispositifs médicaux à usage unique de cardiologie pour le groupement de commandes coordonné par le CHU Caen Normandie - CATHETER DILATATION PERIPHERIQUE BAS PROFIL PETITS VAISSEAUX,CENTRE HOSPITALIER UNIVERSITAIRE DE CAEN NORMANDIE,ABBOTT MEDICAL FRANCE SAS,28500.0,,2025-04-07
Dispositifs médicaux à usage unique de cardiologie pour le groupement de commandes coordonné par le CHU Caen Normandie - CATHETER DILATATION PERIPHERIQUE BAS PROFIL PETITS VAISSEAUX,CENTRE HOSPITALIER UNIVERSITAIRE DE CAEN NORMANDIE,BIOTRONIK FRANCE,595680.0,,2025-04-07
"DMS 2024-02 AO 092 fourniture de Dispositifs Médicaux Stériles à usage unique 
*Casaque, drapage opératoire, compresse, instrument, cupule, tampon, set, pansement tous types, thérapie par pression négative, brosse chirurgicale, immobilisation, contention / compression, maintien.
*Dialyse, aphérèse, immunophérèse
*Biberon, lacs suspenseurs, dispositifs médicaux non implantables : médecine, chirurgie, électrophysiologie, radiologie, angioplastie, coronarographie.
*Dispositifs médicaux implantables toutes spécialités  - IMPLANT PREFORME EN 3 DIMENSIONS COMPOSITION :",CENTRE HOSPITALIER UNIVERSITAIRE,JOHNSON & JOHNSON MEDICAL SAS,4622.0,,2025-04-07
"DMS 2024-02 AO 092 fourniture de Dispositifs Médicaux Stériles à usage unique 
*Casaque, drapage opératoire, compresse, instrument, cupule, tampon, set, pansement tous types, thérapie par pression négative, brosse chirurgicale, immobilisation, contention / compression, maintien.
*Dialyse, aphérèse, immunophérèse
*Biberon, lacs suspenseurs, dispositifs médicaux non implantables : médecine, chirurgie, électrophysiologie, radiologie, angioplastie, coronarographie.
*Dispositifs médicaux implantables toutes spécialités  - IMPLANT SYNTHETIQUE TRICOTE OU TISSE RESORBABLE",CENTRE HOSPITALIER UNIVERSITAIRE,JOHNSON & JOHNSON MEDICAL SAS,18025.0,,2025-04-07
"DMS 2024-02 AO 092 fourniture de Dispositifs Médicaux Stériles à usage unique 
*Casaque, drapage opératoire, compresse, instrument, cupule, tampon, set, pansement tous types, thérapie par pression négative, brosse chirurgicale, immobilisation, contention / compression, maintien.
*Dialyse, aphérèse, immunophérèse
*Biberon, lacs suspenseurs, dispositifs médicaux non implantables : médecine, chirurgie, électrophysiologie, radiologie, angioplastie, coronarographie.
*Dispositifs médicaux implantables toutes spécialités  - POINTE SPATULEE INVERSEE 3/8 CERCLE DEC 0.4 DIAM",CENTRE HOSPITALIER UNIVERSITAIRE,JOHNSON & JOHNSON MEDICAL SAS,18153.0,,2025-04-07
"DMS 2024-02 AO 092 fourniture de Dispositifs Médicaux Stériles à usage unique 
*Casaque, drapage opératoire, compresse, instrument, cupule, tampon, set, pansement tous types, thérapie par pression négative, brosse chirurgicale, immobilisation, contention / compression, maintien.
*Dialyse, aphérèse, immunophérèse
*Biberon, lacs suspenseurs, dispositifs médicaux non implantables : médecine, chirurgie, électrophysiologie, radiologie, angioplastie, coronarographie.
*Dispositifs médicaux implantables toutes spécialités  - SILICONE POUR INJECTION INTRACORDALE",CENTRE HOSPITALIER UNIVERSITAIRE,MEDTRONIC FRANCE,3000.0,,2025-04-07
"DMS 2024-02 AO 092 fourniture de Dispositifs Médicaux Stériles à usage unique 
*Casaque, drapage opératoire, compresse, instrument, cupule, tampon, set, pansement tous types, thérapie par pression négative, brosse chirurgicale, immobilisation, contention / compression, maintien.
*Dialyse, aphérèse, immunophérèse
*Biberon, lacs suspenseurs, dispositifs médicaux non implantables : médecine, chirurgie, électrophysiologie, radiologie, angioplastie, coronarographie.
*Dispositifs médicaux implantables toutes spécialités  - MORCELLATEUR MECANIQUE HYSTEROSCOPIE INTERVENTIONNELLE",CENTRE HOSPITALIER UNIVERSITAIRE,MEDTRONIC FRANCE,154710.0,,2025-04-07
"DMS 2024-02 AO 092 fourniture de Dispositifs Médicaux Stériles à usage unique 
*Casaque, drapage opératoire, compresse, instrument, cupule, tampon, set, pansement tous types, thérapie par pression négative, brosse chirurgicale, immobilisation, contention / compression, maintien.
*Dialyse, aphérèse, immunophérèse
*Biberon, lacs suspenseurs, dispositifs médicaux non implantables : médecine, chirurgie, électrophysiologie, radiologie, angioplastie, coronarographie.
*Dispositifs médicaux implantables toutes spécialités  - IMPLANT ARTICULAIRE DE CHEVILLE PLATEAU MOBILE PREMIERE INTENTION ET REPRISE",CENTRE HOSPITALIER UNIVERSITAIRE,STRYKER FRANCE SA,61493.0,,2025-04-07
"DMS 2024-02 AO 092 fourniture de Dispositifs Médicaux Stériles à usage unique 
*Casaque, drapage opératoire, compresse, instrument, cupule, tampon, set, pansement tous types, thérapie par pression négative, brosse chirurgicale, immobilisation, contention / compression, maintien.
*Dialyse, aphérèse, immunophérèse
*Biberon, lacs suspenseurs, dispositifs médicaux non implantables : médecine, chirurgie, électrophysiologie, radiologie, angioplastie, coronarographie.
*Dispositifs médicaux implantables toutes spécialités  - VALVE HEMOSTATIQUE ROTATIVE",CENTRE HOSPITALIER UNIVERSITAIRE,ABBOTT MEDICAL FRANCE SAS,7500.0,,2025-04-07
"DMS 2024-02 AO 092 fourniture de Dispositifs Médicaux Stériles à usage unique 
*Casaque, drapage opératoire, compresse, instrument, cupule, tampon, set, pansement tous types, thérapie par pression négative, brosse chirurgicale, immobilisation, contention / compression, maintien.
*Dialyse, aphérèse, immunophérèse
*Biberon, lacs suspenseurs, dispositifs médicaux non implantables : médecine, chirurgie, électrophysiologie, radiologie, angioplastie, coronarographie.
*Dispositifs médicaux implantables toutes spécialités  - IMPLANT INTRAMEDULLAIRE MEMOIRE DE FORME",CENTRE HOSPITALIER UNIVERSITAIRE,STRYKER FRANCE SA,38434.0,,2025-04-07
"DMS 2024-02 AO 092 fourniture de Dispositifs Médicaux Stériles à usage unique 
*Casaque, drapage opératoire, compresse, instrument, cupule, tampon, set, pansement tous types, thérapie par pression négative, brosse chirurgicale, immobilisation, contention / compression, maintien.
*Dialyse, aphérèse, immunophérèse
*Biberon, lacs suspenseurs, dispositifs médicaux non implantables : médecine, chirurgie, électrophysiologie, radiologie, angioplastie, coronarographie.
*Dispositifs médicaux implantables toutes spécialités  - PROTHESE MAXILLO-FACIALE DE REMPLACEMENT DE L’ARTICULATION TEMPORO-MANDIBULAIRE",CENTRE HOSPITALIER UNIVERSITAIRE,ZIMMER BIOMET FRANCE,20917.0,,2025-04-07
Dispositifs médicaux à usage unique de cardiologie pour le groupement de commandes coordonné par le CHU Caen Normandie - CATHETER DILATATION PERIPHERIQUE MONORAIL ET OTW,CENTRE HOSPITALIER UNIVERSITAIRE DE CAEN NORMANDIE,BOSTON SCIENTIFIC,269730.0,,2025-04-07
Dispositifs médicaux à usage unique de cardiologie pour le groupement de commandes coordonné par le CHU Caen Normandie - STIMULATEUR CARDIAQUE,CENTRE HOSPITALIER UNIVERSITAIRE DE CAEN NORMANDIE,BOSTON SCIENTIFIC,12425215.0,,2025-04-07
Dispositifs médicaux à usage unique de cardiologie pour le groupement de commandes coordonné par le CHU Caen Normandie - STIMULATEUR CARDIAQUE,CENTRE HOSPITALIER UNIVERSITAIRE DE CAEN NORMANDIE,ABBOTT MEDICAL FRANCE SAS,12424375.0,,2025-04-07
Dispositifs médicaux à usage unique de cardiologie pour le groupement de commandes coordonné par le CHU Caen Normandie - CATHETER INFUSION,CENTRE HOSPITALIER UNIVERSITAIRE DE CAEN NORMANDIE,MEDTRONIC FRANCE,22464.0,,2025-04-07
Dispositifs médicaux à usage unique de cardiologie pour le groupement de commandes coordonné par le CHU Caen Normandie - STIMULATEUR CARDIAQUE,CENTRE HOSPITALIER UNIVERSITAIRE DE CAEN NORMANDIE,MEDTRONIC FRANCE,13480453.0,,2025-04-07
Dispositifs médicaux à usage unique de cardiologie pour le groupement de commandes coordonné par le CHU Caen Normandie - STENT CORONAIRE COUVERT,CENTRE HOSPITALIER UNIVERSITAIRE DE CAEN NORMANDIE,BIOTRONIK FRANCE,54618.72,,2025-04-07
Dispositifs médicaux à usage unique de cardiologie pour le groupement de commandes coordonné par le CHU Caen Normandie - CATHETER SUPPORT 4F 0.018 90CM,CENTRE HOSPITALIER UNIVERSITAIRE DE CAEN NORMANDIE,BOSTON SCIENTIFIC,44640.0,,2025-04-07
Dispositifs médicaux à usage unique de cardiologie pour le groupement de commandes coordonné par le CHU Caen Normandie - DEFIBRILLATEUR CARDIAQUE EXTRA VASCULAIRE,CENTRE HOSPITALIER UNIVERSITAIRE DE CAEN NORMANDIE,MEDTRONIC FRANCE,2304000.0,,2025-04-07
Dispositifs médicaux à usage unique de cardiologie pour le groupement de commandes coordonné par le CHU Caen Normandie - ENDOPROTHESE AORTE ABDOMINALE,CENTRE HOSPITALIER UNIVERSITAIRE DE CAEN NORMANDIE,MEDTRONIC FRANCE,805723.98,,2025-04-07
Dispositifs médicaux à usage unique de cardiologie pour le groupement de commandes coordonné par le CHU Caen Normandie - DEFIBRILLATEUR CARDIAQUE EXTRA VASCULAIRE,CENTRE HOSPITALIER UNIVERSITAIRE DE CAEN NORMANDIE,BOSTON SCIENTIFIC,5216014.0,,2025-04-07
Dispositifs médicaux à usage unique de cardiologie pour le groupement de commandes coordonné par le CHU Caen Normandie - ENDOPROTHESE THORACIQUE POUR AORTE DE PETIT DIAMETRE,CENTRE HOSPITALIER UNIVERSITAIRE DE CAEN NORMANDIE,MEDTRONIC FRANCE,1018577.52,,2025-04-07
Dispositifs médicaux à usage unique de cardiologie pour le groupement de commandes coordonné par le CHU Caen Normandie - DEFIBRILLATEUR CARDIAQUE IMPLANTABLE,CENTRE HOSPITALIER UNIVERSITAIRE DE CAEN NORMANDIE,BIOTRONIK FRANCE,4241587.0,,2025-04-07
Dispositifs médicaux à usage unique de cardiologie pour le groupement de commandes coordonné par le CHU Caen Normandie - DEFIBRILLATEUR CARDIAQUE IMPLANTABLE,CENTRE HOSPITALIER UNIVERSITAIRE DE CAEN NORMANDIE,MEDTRONIC FRANCE,6857274.0,,2025-04-07
Dispositifs médicaux à usage unique de cardiologie pour le groupement de commandes coordonné par le CHU Caen Normandie - CATHETER GUIDE FAISCEAU DE HIS,CENTRE HOSPITALIER UNIVERSITAIRE DE CAEN NORMANDIE,MEDTRONIC FRANCE,89088.0,,2025-04-07
Dispositifs médicaux à usage unique de cardiologie pour le groupement de commandes coordonné par le CHU Caen Normandie - ENVELOPPE ANTIBACTERIENNE RESORBABLE POUR DEFIBRILLATEUR CARDIAQUE,CENTRE HOSPITALIER UNIVERSITAIRE DE CAEN NORMANDIE,MEDTRONIC FRANCE,2077421.0,,2025-04-07
Dispositifs médicaux à usage unique de cardiologie pour le groupement de commandes coordonné par le CHU Caen Normandie - CATHETER GUIDE CORONAIRE,CENTRE HOSPITALIER UNIVERSITAIRE DE CAEN NORMANDIE,MEDTRONIC FRANCE,1719900.0,,2025-04-07
Dispositifs médicaux à usage unique de cardiologie pour le groupement de commandes coordonné par le CHU Caen Normandie - STIMULATEUR CARDIAQUE,CENTRE HOSPITALIER UNIVERSITAIRE DE CAEN NORMANDIE,BIOTRONIK FRANCE,12427495.0,,2025-04-07
Dispositifs médicaux à usage unique de cardiologie pour le groupement de commandes coordonné par le CHU Caen Normandie - CATHETER IMAGERIE IVUS MONORAIL,CENTRE HOSPITALIER UNIVERSITAIRE DE CAEN NORMANDIE,BOSTON SCIENTIFIC,119070.0,,2025-04-07
Dispositifs médicaux à usage unique de cardiologie pour le groupement de commandes coordonné par le CHU Caen Normandie - CATHETER DILATATION PERIPHERIQUE ACTIF COMPATIBLE 0.035,CENTRE HOSPITALIER UNIVERSITAIRE DE CAEN NORMANDIE,MEDTRONIC FRANCE,242112.0,,2025-04-07
Dispositifs médicaux à usage unique de cardiologie pour le groupement de commandes coordonné par le CHU Caen Normandie - MICROCATHETER REENTREE DOUBLE LUMIERE,CENTRE HOSPITALIER UNIVERSITAIRE DE CAEN NORMANDIE,BIOTRONIK FRANCE,15600.0,,2025-04-07
Dispositifs médicaux à usage unique de cardiologie pour le groupement de commandes coordonné par le CHU Caen Normandie - DEFIBRILLATEUR CARDIAQUE IMPLANTABLE,CENTRE HOSPITALIER UNIVERSITAIRE DE CAEN NORMANDIE,BOSTON SCIENTIFIC,3512529.0,,2025-04-07
Dispositifs médicaux à usage unique de cardiologie pour le groupement de commandes coordonné par le CHU Caen Normandie - DEFIBRILLATEUR CARDIAQUE IMPLANTABLE,CENTRE HOSPITALIER UNIVERSITAIRE DE CAEN NORMANDIE,ABBOTT MEDICAL FRANCE SAS,3080311.0,,2025-04-07
Dispositifs médicaux à usage unique de cardiologie pour le groupement de commandes coordonné par le CHU Caen Normandie - HOLTER IMPLANTABLE ECG,CENTRE HOSPITALIER UNIVERSITAIRE DE CAEN NORMANDIE,BIOTRONIK FRANCE,1281917.0,,2025-04-07
Dispositifs médicaux à usage unique de cardiologie pour le groupement de commandes coordonné par le CHU Caen Normandie - HOLTER IMPLANTABLE ECG,CENTRE HOSPITALIER UNIVERSITAIRE DE CAEN NORMANDIE,MEDTRONIC FRANCE,1281917.0,,2025-04-07
Dispositifs médicaux à usage unique de cardiologie pour le groupement de commandes coordonné par le CHU Caen Normandie - HOLTER IMPLANTABLE ECG,CENTRE HOSPITALIER UNIVERSITAIRE DE CAEN NORMANDIE,ABBOTT MEDICAL FRANCE SAS,1281917.0,,2025-04-07
Dispositifs médicaux à usage unique de cardiologie pour le groupement de commandes coordonné par le CHU Caen Normandie - PROTHESE FERMETURE AURICULE GAUCHE,CENTRE HOSPITALIER UNIVERSITAIRE DE CAEN NORMANDIE,BOSTON SCIENTIFIC,401971.0,,2025-04-07
Dispositifs médicaux à usage unique de cardiologie pour le groupement de commandes coordonné par le CHU Caen Normandie - STENT CORONAIRE ACTIF,CENTRE HOSPITALIER UNIVERSITAIRE DE CAEN NORMANDIE,MEDTRONIC FRANCE,3521491.2,,2025-04-07
Dispositifs médicaux à usage unique de cardiologie pour le groupement de commandes coordonné par le CHU Caen Normandie - CATHETER ANGIOPLASTIE CORONAIRE MONORAIL NON COMPLIANT,CENTRE HOSPITALIER UNIVERSITAIRE DE CAEN NORMANDIE,MEDTRONIC FRANCE,648000.0,,2025-04-07
Dispositifs médicaux à usage unique de cardiologie pour le groupement de commandes coordonné par le CHU Caen Normandie - PROTHESE FERMETURE AURICULE GAUCHE,CENTRE HOSPITALIER UNIVERSITAIRE DE CAEN NORMANDIE,ABBOTT MEDICAL FRANCE SAS,401971.0,,2025-04-07
Dispositifs médicaux à usage unique de cardiologie pour le groupement de commandes coordonné par le CHU Caen Normandie - CATHETER DILATATION VASCULAIRE SEMI COMPLIANT HAUTE PRESSION BAS PROFIL,CENTRE HOSPITALIER UNIVERSITAIRE DE CAEN NORMANDIE,ABBOTT MEDICAL FRANCE SAS,328320.0,,2025-04-07
DIG-CATHETER A BALLONNET OESOPHAGE-PYLORE-COLIQUE,CENTRE HOSPITALIER UNIVERSITAIRE DE TOULOUSE (HOTEL DIEU SAINT JACQUES),BOSTON SCIENTIFIC,162005.0,,2025-04-02
"2024-0352 FOURNITURE DE DISPOSITIFS MEDICAUX PROTHETIQUES IMPLANTABLES : FAMILLES ENDOSCOPIE DIGESTIVE, CHIRURGIE PLASTIQUE ET REPARATRICE, ORL, PNEUMOLOGIE, UROLOGIE, GYNECOLOGIE - FAMDIV (2025-2029)",CENTRE HOSPITALIER REGIONAL DE MARSEILLE (ASSISTANCE PUBLIQUE-HOPITAUX MARSEILLE),JOHNSON & JOHNSON MEDICAL SAS,232000.0,,2025-04-01
"STM25 FOURNITURE DE DISPOSITIFS MEDICAUX STERILES ET DISPOSITIFS MEDICAUX IMPLANTABLES, DE RYTHMOLOGIE ET D¿ELECTROPHYSIOLOGIE",CTRE HOSPITALIER INTERCOM ALPES DU SUD (SITE HOSPITALIER DE GAP),BOSTON SCIENTIFIC,80343.84,,2025-04-01
"2024-0352 FOURNITURE DE DISPOSITIFS MEDICAUX PROTHETIQUES IMPLANTABLES : FAMILLES ENDOSCOPIE DIGESTIVE, CHIRURGIE PLASTIQUE ET REPARATRICE, ORL, PNEUMOLOGIE, UROLOGIE, GYNECOLOGIE - FAMDIV (2025-2029)",CENTRE HOSPITALIER REGIONAL DE MARSEILLE (ASSISTANCE PUBLIQUE-HOPITAUX MARSEILLE),JOHNSON & JOHNSON MEDICAL SAS,232000.0,,2025-04-01
LGS25 FOURNITURE  DE LIGATURES ¿ AUTOSUTURES ¿ PROTHESES VISCERALES,CTRE HOSPITALIER INTERCOM ALPES DU SUD (SITE HOSPITALIER DE GAP),STRYKER FRANCE SA,173280.0,,2025-04-01
Fourniture de dispositifs médicaux stériles et/ou implantables de la société MEDTRONIC,CENTRE HOSPITALIER REGIONAL UNIVERSITAIRE DE NANCY,MEDTRONIC FRANCE,85172.0,,2025-03-31
Fourniture de dispositifs médicaux implantables pour Stimulation & Défibrillation cardiaque - DEFIBRILLATEUR TRIPLE CHAMBRE,CTRE HOSPITALIER UNIVERS PONTCHAILLOU,MEDTRONIC FRANCE,1029960.0,,2025-03-26
Fourniture de dispositifs médicaux implantables pour Stimulation & Défibrillation cardiaque - SONDE ATRIALE &amp; VENTRICULAIRE A FIXATION ACTIVE,CTRE HOSPITALIER UNIVERS PONTCHAILLOU,MEDTRONIC FRANCE,301507.92,,2025-03-26
Fourniture de dispositifs médicaux implantables pour Stimulation & Défibrillation cardiaque - STIMULATEUR CARDIAQUE DOUBLE CHAMBRE (DDDR),CTRE HOSPITALIER UNIVERS PONTCHAILLOU,MEDTRONIC FRANCE,711927.9,,2025-03-26
Fourniture de dispositifs médicaux implantables pour Stimulation & Défibrillation cardiaque - SONDE POUR STIMULATION VENTRICULAIRE GAUCHE,CTRE HOSPITALIER UNIVERS PONTCHAILLOU,MEDTRONIC FRANCE,59017.23,,2025-03-26
Fourniture de dispositifs médicaux implantables pour Stimulation & Défibrillation cardiaque - DEFIBRILLATEUR DOUBLE CHAMBRE,CTRE HOSPITALIER UNIVERS PONTCHAILLOU,MEDTRONIC FRANCE,327780.0,,2025-03-26
Fourniture de dispositifs médicaux implantables pour Stimulation & Défibrillation cardiaque - SONDE DE DEFIBRILLATION,CTRE HOSPITALIER UNIVERS PONTCHAILLOU,MEDTRONIC FRANCE,89788.91,,2025-03-26
Fourniture de dispositifs médicaux implantables pour Stimulation & Défibrillation cardiaque - DEFIBRILLATEUR SIMPLE CHAMBRE,CTRE HOSPITALIER UNIVERS PONTCHAILLOU,MEDTRONIC FRANCE,281745.0,,2025-03-26
Fourniture de dispositifs médicaux implantables pour Stimulation & Défibrillation cardiaque - STIMULATEUR CARDIAQUE TRIPLE CHAMBRE (CRT-P),CTRE HOSPITALIER UNIVERS PONTCHAILLOU,MEDTRONIC FRANCE,159241.74,,2025-03-26
Fourniture de dispositifs médicaux implantables pour Stimulation & Défibrillation cardiaque - SONDE EPICARDIQUE,CTRE HOSPITALIER UNIVERS PONTCHAILLOU,MEDTRONIC FRANCE,32460.48,,2025-03-26
Fourniture de dispositifs médicaux implantables pour Stimulation & Défibrillation cardiaque - DEFIBRILLATEUR AVEC SONDE SOUS STERNALE,CTRE HOSPITALIER UNIVERS PONTCHAILLOU,MEDTRONIC FRANCE,480000.0,,2025-03-26
Fourniture de dispositifs médicaux implantables pour Stimulation & Défibrillation cardiaque - ENVELOPPE ANTIBACTERIENNE,CTRE HOSPITALIER UNIVERS PONTCHAILLOU,MEDTRONIC FRANCE,324597.0,,2025-03-26
Fourniture de dispositifs médicaux implantables pour Stimulation & Défibrillation cardiaque - STIMULATEUR CARDIAQUE SIMPLE CHAMBRE (SSIR),CTRE HOSPITALIER UNIVERS PONTCHAILLOU,MEDTRONIC FRANCE,317046.24,,2025-03-26
"2024-0352 FOURNITURE DE DISPOSITIFS MEDICAUX PROTHETIQUES IMPLANTABLES : FAMILLES ENDOSCOPIE DIGESTIVE, CHIRURGIE PLASTIQUE ET REPARATRICE, ORL, PNEUMOLOGIE, UROLOGIE, GYNECOLOGIE - FAMDIV (2025-2029)",CENTRE HOSPITALIER REGIONAL DE MARSEILLE (ASSISTANCE PUBLIQUE-HOPITAUX MARSEILLE),BOSTON SCIENTIFIC,34000000.0,,2025-03-26
Fourniture de dispositifs médicaux implantables pour Stimulation & Défibrillation cardiaque - STIMULATEUR CARDIAQUE SANS SONDE AVEC SYSTEME DE POSE,CTRE HOSPITALIER UNIVERS PONTCHAILLOU,MEDTRONIC FRANCE,501611.04,,2025-03-26
Fourniture de dispositifs médicaux implantables pour Stimulation & Défibrillation cardiaque - MONITEUR ECG IMPLANTABLE,CTRE HOSPITALIER UNIVERS PONTCHAILLOU,MEDTRONIC FRANCE,1352400.0,,2025-03-26
Fourniture de dispositifs médicaux implantables pour Stimulation & Défibrillation cardiaque - SONDE DE DEFIBRILLATION,CTRE HOSPITALIER UNIVERS PONTCHAILLOU,BOSTON SCIENTIFIC,52073.35,,2025-03-25
Fourniture de dispositifs médicaux implantables pour Stimulation & Défibrillation cardiaque - SONDE POUR STIMULATION VENTRICULAIRE GAUCHE,CTRE HOSPITALIER UNIVERS PONTCHAILLOU,BOSTON SCIENTIFIC,19672.41,,2025-03-25
Fourniture de dispositifs médicaux implantables pour Stimulation & Défibrillation cardiaque - SONDE POUR STIMULATION VENTRICULAIRE GAUCHE,CTRE HOSPITALIER UNIVERS PONTCHAILLOU,ABBOTT MEDICAL FRANCE SAS,49181.03,,2025-03-25
Fourniture de dispositifs médicaux implantables pour Stimulation & Défibrillation cardiaque - SONDE POUR STIMULATION VENTRICULAIRE GAUCHE,CTRE HOSPITALIER UNIVERS PONTCHAILLOU,BIOTRONIK FRANCE,39344.82,,2025-03-25
Fourniture de dispositifs médicaux implantables pour Stimulation & Défibrillation cardiaque - MONITEUR ECG IMPLANTABLE,CTRE HOSPITALIER UNIVERS PONTCHAILLOU,ABBOTT MEDICAL FRANCE SAS,184275.54,,2025-03-25
Fourniture de dispositifs médicaux implantables pour Stimulation & Défibrillation cardiaque - SONDE DE DEFIBRILLATION,CTRE HOSPITALIER UNIVERS PONTCHAILLOU,ABBOTT MEDICAL FRANCE SAS,34715.57,,2025-03-25
Fourniture de dispositifs médicaux implantables pour Stimulation & Défibrillation cardiaque - SONDE DE DEFIBRILLATION,CTRE HOSPITALIER UNIVERS PONTCHAILLOU,BIOTRONIK FRANCE,104146.7,,2025-03-25
Fourniture de dispositifs médicaux implantables pour Stimulation & Défibrillation cardiaque - SONDE ATRIALE &amp; VENTRICULAIRE A FIXATION ACTIVE,CTRE HOSPITALIER UNIVERS PONTCHAILLOU,BOSTON SCIENTIFIC,8614.51,,2025-03-25
Fourniture de dispositifs médicaux implantables pour Stimulation & Défibrillation cardiaque - DEFIBRILLATEUR SOUS CUTANEE,CTRE HOSPITALIER UNIVERS PONTCHAILLOU,BOSTON SCIENTIFIC,1388103.75,,2025-03-25
Fourniture de dispositifs médicaux implantables pour Stimulation & Défibrillation cardiaque - MONITEUR ECG IMPLANTABLE,CTRE HOSPITALIER UNIVERS PONTCHAILLOU,BIOTRONIK FRANCE,92137.77,,2025-03-25
Fourniture de dispositifs médicaux implantables pour Stimulation & Défibrillation cardiaque - SONDE ATRIALE &amp; VENTRICULAIRE A FIXATION ACTIVE,CTRE HOSPITALIER UNIVERS PONTCHAILLOU,BIOTRONIK FRANCE,215362.8,,2025-03-25
Fourniture de dispositifs médicaux implantables pour Stimulation & Défibrillation cardiaque - STIMULATEUR CARDIAQUE SIMPLE CHAMBRE (SSIR),CTRE HOSPITALIER UNIVERS PONTCHAILLOU,ABBOTT MEDICAL FRANCE SAS,105680.08,,2025-03-25
Fourniture de dispositifs médicaux implantables pour Stimulation & Défibrillation cardiaque - DEFIBRILLATEUR TRIPLE CHAMBRE,CTRE HOSPITALIER UNIVERS PONTCHAILLOU,BIOTRONIK FRANCE,844549.8,,2025-03-25
Fourniture de dispositifs médicaux implantables pour Stimulation & Défibrillation cardiaque - STIMULATEUR CARDIAQUE SIMPLE CHAMBRE (SSIR),CTRE HOSPITALIER UNIVERS PONTCHAILLOU,BOSTON SCIENTIFIC,158523.12,,2025-03-25
Fourniture de dispositifs médicaux implantables pour Stimulation & Défibrillation cardiaque - STIMULATEUR CARDIAQUE TRIPLE CHAMBRE (CRT-P),CTRE HOSPITALIER UNIVERS PONTCHAILLOU,BIOTRONIK FRANCE,90995.28,,2025-03-25
Fourniture de dispositifs médicaux implantables pour Stimulation & Défibrillation cardiaque - STIMULATEUR CARDIAQUE SIMPLE CHAMBRE (SSIR),CTRE HOSPITALIER UNIVERS PONTCHAILLOU,BIOTRONIK FRANCE,264205.2,,2025-03-25
Fourniture de dispositifs médicaux implantables pour Stimulation & Défibrillation cardiaque - STIMULATEUR CARDIAQUE SANS SONDE AVEC SYSTEME DE POSE,CTRE HOSPITALIER UNIVERS PONTCHAILLOU,ABBOTT MEDICAL FRANCE SAS,214976.16,,2025-03-25
Fourniture de dispositifs médicaux implantables pour Stimulation & Défibrillation cardiaque - STIMULATEUR CARDIAQUE DOUBLE CHAMBRE (DDDR),CTRE HOSPITALIER UNIVERS PONTCHAILLOU,BOSTON SCIENTIFIC,320367.15,,2025-03-25
Fourniture de dispositifs médicaux implantables pour Stimulation & Défibrillation cardiaque - STIMULATEUR CARDIAQUE DOUBLE CHAMBRE (DDDR) ,CTRE HOSPITALIER UNIVERS PONTCHAILLOU,ABBOTT MEDICAL FRANCE SAS,237309.3,,2025-03-25
Fourniture de dispositifs médicaux implantables pour Stimulation & Défibrillation cardiaque - STIMULATEUR CARDIAQUE DOUBLE CHAMBRE (DDDR),CTRE HOSPITALIER UNIVERS PONTCHAILLOU,BIOTRONIK FRANCE,593273.25,,2025-03-25
Fourniture de dispositifs médicaux implantables pour Stimulation & Défibrillation cardiaque - STIMULATEUR CARDIAQUE TRIPLE CHAMBRE (CRT-P),CTRE HOSPITALIER UNIVERS PONTCHAILLOU,BOSTON SCIENTIFIC,68246.46,,2025-03-25
Fourniture de dispositifs médicaux implantables pour Stimulation & Défibrillation cardiaque - DEFIBRILLATEUR TRIPLE CHAMBRE,CTRE HOSPITALIER UNIVERS PONTCHAILLOU,ABBOTT MEDICAL FRANCE SAS,696000.0,,2025-03-25
Fourniture de dispositifs médicaux implantables pour Stimulation & Défibrillation cardiaque - STIMULATEUR CARDIAQUE TRIPLE CHAMBRE (CRT-P) ,CTRE HOSPITALIER UNIVERS PONTCHAILLOU,ABBOTT MEDICAL FRANCE SAS,136492.92,,2025-03-25
Fourniture de dispositifs médicaux implantables pour Stimulation & Défibrillation cardiaque - DEFIBRILLATEUR SIMPLE CHAMBRE,CTRE HOSPITALIER UNIVERS PONTCHAILLOU,BOSTON SCIENTIFIC,383745.6,,2025-03-25
Fourniture de dispositifs médicaux implantables pour Stimulation & Défibrillation cardiaque - DEFIBRILLATEUR SIMPLE CHAMBRE,CTRE HOSPITALIER UNIVERS PONTCHAILLOU,ABBOTT MEDICAL FRANCE SAS,189000.0,,2025-03-25
Fourniture de dispositifs médicaux implantables pour Stimulation & Défibrillation cardiaque - DEFIBRILLATEUR SIMPLE CHAMBRE,CTRE HOSPITALIER UNIVERS PONTCHAILLOU,BIOTRONIK FRANCE,460663.65,,2025-03-25
STIMULATEUR CARDIAQUE SIMPLE CHAMBRE,CENTRE HOSPITALIER DE VALENCIENNES,MEDTRONIC FRANCE,142220.4,,2025-03-25
Fourniture de dispositifs médicaux implantables pour Stimulation & Défibrillation cardiaque - DEFIBRILLATEUR DOUBLE CHAMBRE,CTRE HOSPITALIER UNIVERS PONTCHAILLOU,BOSTON SCIENTIFIC,115497.9,,2025-03-25
Fourniture de dispositifs médicaux implantables pour Stimulation & Défibrillation cardiaque - DEFIBRILLATEUR DOUBLE CHAMBRE,CTRE HOSPITALIER UNIVERS PONTCHAILLOU,ABBOTT MEDICAL FRANCE SAS,167400.0,,2025-03-25
Fourniture de dispositifs médicaux implantables pour Stimulation & Défibrillation cardiaque - DEFIBRILLATEUR DOUBLE CHAMBRE,CTRE HOSPITALIER UNIVERS PONTCHAILLOU,BIOTRONIK FRANCE,268720.43,,2025-03-25
Fourniture de dispositifs médicaux implantables pour Stimulation & Défibrillation cardiaque - DEFIBRILLATEUR TRIPLE CHAMBRE,CTRE HOSPITALIER UNIVERS PONTCHAILLOU,BOSTON SCIENTIFIC,355509.12,,2025-03-25
Fourniture de dispositifs médicaux implantables pour Stimulation & Défibrillation cardiaque - SONDE ATRIALE &amp; VENTRICULAIRE A FIXATION ACTIVE,CTRE HOSPITALIER UNIVERS PONTCHAILLOU,ABBOTT MEDICAL FRANCE SAS,258435.36,,2025-03-25
"2024-0352 FOURNITURE DE DISPOSITIFS MEDICAUX PROTHETIQUES IMPLANTABLES : FAMILLES ENDOSCOPIE DIGESTIVE, CHIRURGIE PLASTIQUE ET REPARATRICE, ORL, PNEUMOLOGIE, UROLOGIE, GYNECOLOGIE - FAMDIV (2025-2029)",CENTRE HOSPITALIER REGIONAL DE MARSEILLE (ASSISTANCE PUBLIQUE-HOPITAUX MARSEILLE),ABBOTT MEDICAL FRANCE SAS,4000000.0,,2025-03-24
"2024-0352 FOURNITURE DE DISPOSITIFS MEDICAUX PROTHETIQUES IMPLANTABLES : FAMILLES ENDOSCOPIE DIGESTIVE, CHIRURGIE PLASTIQUE ET REPARATRICE, ORL, PNEUMOLOGIE, UROLOGIE, GYNECOLOGIE - FAMDIV (2025-2029)",CENTRE HOSPITALIER REGIONAL DE MARSEILLE (ASSISTANCE PUBLIQUE-HOPITAUX MARSEILLE),ABBOTT MEDICAL FRANCE SAS,4000000.0,,2025-03-24
"2024-0352 FOURNITURE DE DISPOSITIFS MEDICAUX PROTHETIQUES IMPLANTABLES : FAMILLES ENDOSCOPIE DIGESTIVE, CHIRURGIE PLASTIQUE ET REPARATRICE, ORL, PNEUMOLOGIE, UROLOGIE, GYNECOLOGIE - FAMDIV (2025-2029)",CENTRE HOSPITALIER REGIONAL DE MARSEILLE (ASSISTANCE PUBLIQUE-HOPITAUX MARSEILLE),MEDTRONIC FRANCE,36000000.0,,2025-03-24
"2024-0352 FOURNITURE DE DISPOSITIFS MEDICAUX PROTHETIQUES IMPLANTABLES : FAMILLES ENDOSCOPIE DIGESTIVE, CHIRURGIE PLASTIQUE ET REPARATRICE, ORL, PNEUMOLOGIE, UROLOGIE, GYNECOLOGIE - FAMDIV (2025-2029)",CENTRE HOSPITALIER REGIONAL DE MARSEILLE (ASSISTANCE PUBLIQUE-HOPITAUX MARSEILLE),STRYKER FRANCE SA,5200000.0,,2025-03-24
"2024-0352 FOURNITURE DE DISPOSITIFS MEDICAUX PROTHETIQUES IMPLANTABLES : FAMILLES ENDOSCOPIE DIGESTIVE, CHIRURGIE PLASTIQUE ET REPARATRICE, ORL, PNEUMOLOGIE, UROLOGIE, GYNECOLOGIE - FAMDIV (2025-2029)",CENTRE HOSPITALIER REGIONAL DE MARSEILLE (ASSISTANCE PUBLIQUE-HOPITAUX MARSEILLE),STRYKER FRANCE SA,5200000.0,,2025-03-24
"MISE A DISPOSITION DE ROBOTS DE CHIRURGIE ORTHOPEDIQUE MAKO, (LOCATION TEMPORAIRE DE ROBOTS MAKO3), FOUNITURE DE CONSOMMABLES CAPTIFS DONT IMPLANTS (PTH, PUC, PTG), ACCESSOIRES ET PIECES DETACHEES, PRESTATIONS DE MAINTENANCE ET FORMATION",HOSPICES CIVILS DE LYON (SIEGE ADMINISTRATIF),STRYKER FRANCE SA,35000000.0,,2025-03-24
fourniture de consommables pour stimulateur cardiaque ventriculaire sans sonde AVEIR VR,CENTRE HOSPITALIER UNIVERSITAIRE ROUEN (HOPITAL CHARLES NICOLLE CHU ROUEN),ABBOTT MEDICAL FRANCE SAS,500000.0,,2025-03-19
FOURNITURE D’IMPLANTS D’ORTHOPÉDIE - ORTCONC - CLOU CENTRO-MÉDULLAIRE VERROUILLÉ POUR FRACTURE/ARTHRODÈSE SUBTALAIRE,CENTRE HOSPITALIER UNIVERSITAIRE REIMS,STRYKER FRANCE SA,226827.38,,2025-03-19
La fourniture de dispositifs médicaux implantables Heart Mate,HOSPICES CIVILS DE LYON (SIEGE ADMINISTRATIF),ABBOTT MEDICAL FRANCE SAS,5972000.0,,2025-03-01
"Fourniture de matériel d’ostéosynthèse (implants d’enclouage, plaques, vis, broches, thorax, implants de ligamentoplastie, arthroscopie, rachis et fixateurs externes), accessoires de moteurs d’orthopédie et moteur Shaver Microspeed, tubulure de pulse lavage et prothèse de doigt pour le GHT Touraine Val de Loire - FA - Ancre",CENTRE HOSPITALIER REGIONAL UNIVERSITAIRE DE TOURS (CHRU TROUSSEAU CHAMBRAY),JOHNSON & JOHNSON MEDICAL SAS,765209.18,,2025-03-01
"Fourniture de matériel d’ostéosynthèse (implants d’enclouage, plaques, vis, broches, thorax, implants de ligamentoplastie, arthroscopie, rachis et fixateurs externes), accessoires de moteurs d’orthopédie et moteur Shaver Microspeed, tubulure de pulse lavage et prothèse de doigt pour le GHT Touraine Val de Loire - GC - ""Ost Rach type Horizon""",CENTRE HOSPITALIER REGIONAL UNIVERSITAIRE DE TOURS (CHRU TROUSSEAU CHAMBRAY),MEDTRONIC FRANCE,301943.0,,2025-03-01
"Fourniture de matériel d’ostéosynthèse (implants d’enclouage, plaques, vis, broches, thorax, implants de ligamentoplastie, arthroscopie, rachis et fixateurs externes), accessoires de moteurs d’orthopédie et moteur Shaver Microspeed, tubulure de pulse lavage et prothèse de doigt pour le GHT Touraine Val de Loire - GE - Ostéosynthèse rachis lombaire thoracique sacré",CENTRE HOSPITALIER REGIONAL UNIVERSITAIRE DE TOURS (CHRU TROUSSEAU CHAMBRAY),MEDTRONIC FRANCE,72333.3,,2025-03-01
"Fourniture de matériel d’ostéosynthèse (implants d’enclouage, plaques, vis, broches, thorax, implants de ligamentoplastie, arthroscopie, rachis et fixateurs externes), accessoires de moteurs d’orthopédie et moteur Shaver Microspeed, tubulure de pulse lavage et prothèse de doigt pour le GHT Touraine Val de Loire - AA - Clou verrouillé fémur + tibia",CENTRE HOSPITALIER REGIONAL UNIVERSITAIRE DE TOURS (CHRU TROUSSEAU CHAMBRAY),STRYKER FRANCE SA,156690.0,,2025-03-01
"Fourniture de matériel d’ostéosynthèse (implants d’enclouage, plaques, vis, broches, thorax, implants de ligamentoplastie, arthroscopie, rachis et fixateurs externes), accessoires de moteurs d’orthopédie et moteur Shaver Microspeed, tubulure de pulse lavage et prothèse de doigt pour le GHT Touraine Val de Loire - AB - Clou endomédullaire",CENTRE HOSPITALIER REGIONAL UNIVERSITAIRE DE TOURS (CHRU TROUSSEAU CHAMBRAY),STRYKER FRANCE SA,600934.85,,2025-03-01
"Fourniture de matériel d’ostéosynthèse (implants d’enclouage, plaques, vis, broches, thorax, implants de ligamentoplastie, arthroscopie, rachis et fixateurs externes), accessoires de moteurs d’orthopédie et moteur Shaver Microspeed, tubulure de pulse lavage et prothèse de doigt pour le GHT Touraine Val de Loire - CA - Vis canulée Ø 4, 5, 6,5 et 8mm environ",CENTRE HOSPITALIER REGIONAL UNIVERSITAIRE DE TOURS (CHRU TROUSSEAU CHAMBRAY),STRYKER FRANCE SA,86746.43,,2025-03-01
"Fourniture de matériel d’ostéosynthèse (implants d’enclouage, plaques, vis, broches, thorax, implants de ligamentoplastie, arthroscopie, rachis et fixateurs externes), accessoires de moteurs d’orthopédie et moteur Shaver Microspeed, tubulure de pulse lavage et prothèse de doigt pour le GHT Touraine Val de Loire - GL - Ostéosynthèse thoraco-lombaire avec tige alliage titane Æ 5,5mm",CENTRE HOSPITALIER REGIONAL UNIVERSITAIRE DE TOURS (CHRU TROUSSEAU CHAMBRAY),STRYKER FRANCE SA,95730.42,,2025-03-01
"Fourniture de matériel d’ostéosynthèse (implants d’enclouage, plaques, vis, broches, thorax, implants de ligamentoplastie, arthroscopie, rachis et fixateurs externes), accessoires de moteurs d’orthopédie et moteur Shaver Microspeed, tubulure de pulse lavage et prothèse de doigt pour le GHT Touraine Val de Loire - HA - Ostéosynthèse thorax mini invasive",CENTRE HOSPITALIER REGIONAL UNIVERSITAIRE DE TOURS (CHRU TROUSSEAU CHAMBRAY),STRYKER FRANCE SA,325950.0,,2025-03-01
"Fourniture de matériel d’ostéosynthèse (implants d’enclouage, plaques, vis, broches, thorax, implants de ligamentoplastie, arthroscopie, rachis et fixateurs externes), accessoires de moteurs d’orthopédie et moteur Shaver Microspeed, tubulure de pulse lavage et prothèse de doigt pour le GHT Touraine Val de Loire - JA - Couteau pour Shaver",CENTRE HOSPITALIER REGIONAL UNIVERSITAIRE DE TOURS (CHRU TROUSSEAU CHAMBRAY),STRYKER FRANCE SA,102916.75,,2025-03-01
"Fourniture de matériel d’ostéosynthèse (implants d’enclouage, plaques, vis, broches, thorax, implants de ligamentoplastie, arthroscopie, rachis et fixateurs externes), accessoires de moteurs d’orthopédie et moteur Shaver Microspeed, tubulure de pulse lavage et prothèse de doigt pour le GHT Touraine Val de Loire - BB - Plaque inférieure humérus",CENTRE HOSPITALIER REGIONAL UNIVERSITAIRE DE TOURS (CHRU TROUSSEAU CHAMBRAY),STRYKER FRANCE SA,86746.43,,2025-03-01
"Fourniture de matériel d’ostéosynthèse (implants d’enclouage, plaques, vis, broches, thorax, implants de ligamentoplastie, arthroscopie, rachis et fixateurs externes), accessoires de moteurs d’orthopédie et moteur Shaver Microspeed, tubulure de pulse lavage et prothèse de doigt pour le GHT Touraine Val de Loire - FG - Système fémoro-tibial",CENTRE HOSPITALIER REGIONAL UNIVERSITAIRE DE TOURS (CHRU TROUSSEAU CHAMBRAY),JOHNSON & JOHNSON MEDICAL SAS,65514.82,,2025-03-01
"Fourniture de matériel d’ostéosynthèse (implants d’enclouage, plaques, vis, broches, thorax, implants de ligamentoplastie, arthroscopie, rachis et fixateurs externes), accessoires de moteurs d’orthopédie et moteur Shaver Microspeed, tubulure de pulse lavage et prothèse de doigt pour le GHT Touraine Val de Loire - BD - Plaque petit et gros fragment standard et à vis verrouillables",CENTRE HOSPITALIER REGIONAL UNIVERSITAIRE DE TOURS (CHRU TROUSSEAU CHAMBRAY),JOHNSON & JOHNSON MEDICAL SAS,765209.18,,2025-03-01
"Fourniture de Dispositifs Médicaux stériles: Valves aortiques pour implantation percutanée (TAVI) -
lot 2 - TAVI auto expandable",CTRE HOSPITALIER UNIVERS PONTCHAILLOU,MEDTRONIC FRANCE,12575250.0,,2025-02-18
"Fourniture de Dispositifs Médicaux stériles: Valves aortiques pour implantation percutanée (TAVI)
LOT 2  - TAVI auto expandable",CTRE HOSPITALIER UNIVERS PONTCHAILLOU,ABBOTT MEDICAL FRANCE SAS,3493125.0,,2025-02-17
"Fourniture de Dispositifs Médicaux stériles: Valves aortiques pour implantation percutanée (TAVI) 
lot 1 - Guide préformé double courbure",CTRE HOSPITALIER UNIVERS PONTCHAILLOU,BOSTON SCIENTIFIC,693000.0,,2025-02-17
" Fourniture de DISPOSITIFS MEDICAUX CONSOMMABLES pour RYTHMOLOGIE et ANGIOGRAPHIE PÉRIPHÉRIQUE de RADIOLOGIE INTERVENTIONNELLE pour CHIRURGIE VASCULAIRE (CARD 3) 
pour le CENTRE HOSPITALIER DU MANS
(dans le cadre du GHT 72) - Cathéter a échange rapide pour angioplastie périphérique, 4F, diamètres 1 à 8 mm  - Guide 0.014  ",HOPITAL LE MANS,BOSTON SCIENTIFIC,15000.0,,2025-01-31
" Fourniture de DISPOSITIFS MEDICAUX CONSOMMABLES pour RYTHMOLOGIE et ANGIOGRAPHIE PÉRIPHÉRIQUE de RADIOLOGIE INTERVENTIONNELLE pour CHIRURGIE VASCULAIRE (CARD 3) 
pour le CENTRE HOSPITALIER DU MANS
(dans le cadre du GHT 72) - Cathéter a échange rapide pour angioplastie périphérique, 4F, diamètres 1 à 8 mm  - Guide 0.018",HOPITAL LE MANS,BOSTON SCIENTIFIC,65000.0,,2025-01-31
Fourniture de Dispositifs Médicaux Implantables: Prothèse totale de genou première intention,CENTRE HOSPITALIER VERDUN SAINT MIHIEL,STRYKER FRANCE SA,205776.0,,2025-01-27
"FOURNITURE DE DISPOSITIFS MEDICAUX STERILES
POUR OSTEOSYNTHESE DES MEMBRES / LOT 80 IMPLANT POLYMERIQUE DE RECONSTRUCTION MAXILLO-FACIALE",CTRE HOSPITALIER UNIVERS PONTCHAILLOU,STRYKER FRANCE SA,14247.6,,2025-01-24
"FOURNITURE DE DISPOSITIFS MEDICAUX STERILES
POUR OSTEOSYNTHESE DES MEMBRES / LOT 11 IMPLANT SOUS-TALIEN CONIQUE",CTRE HOSPITALIER UNIVERS PONTCHAILLOU,STRYKER FRANCE SA,6483.5,,2025-01-24
"Fourniture d¿implants d¿orthopédie, pour prothèses articulaires, pour ostéosynthèse, pour ligamentoplastie, de ciment orthopédique et prêt des ancillaires associés",CTRE HOSPITALIER VILLEFRANCHE S SAONE,STRYKER FRANCE SA,67415.3,,2025-01-22
Fourniture de prothèses chirurgicales et dispositifs médicaux  2022chro0014 - STIMULATEUR CARDIAQUE DOUBLE CHAMBRE marché n° 232-036,CENTRE HOSPITALIER UNIVERSITAIRE D ORLEANS (HOPITAL MADELEINE ORLEANS),MEDTRONIC FRANCE,373284.0,,2025-01-20
"DMS 2024-01 AO091 Dispositifs Médicaux Stériles à usage unique pour : Angioplastie, radiologie, cardiologie, Implants toutes spécialités et ostéosynthèse, Sutures manuelles et mécaniques, Dispositifs non implantables, housses microscope et microsponges - CATHETER GUIDE TOUTES DIMENSIONS  ET TOUTES COURBURES",CENTRE HOSPITALIER UNIVERSITAIRE,MEDTRONIC FRANCE,475200.0,,2025-01-01
"DMS 2024-01 AO091 Dispositifs Médicaux Stériles à usage unique pour : Angioplastie, radiologie, cardiologie, Implants toutes spécialités et ostéosynthèse, Sutures manuelles et mécaniques, Dispositifs non implantables, housses microscope et microsponges - DISPOSITIF POUR DISCECTOMIE",CENTRE HOSPITALIER UNIVERSITAIRE,STRYKER FRANCE SA,11000.0,,2025-01-01
"DMS 2024-01 AO091 Dispositifs Médicaux Stériles à usage unique pour : Angioplastie, radiologie, cardiologie, Implants toutes spécialités et ostéosynthèse, Sutures manuelles et mécaniques, Dispositifs non implantables, housses microscope et microsponges - ENDOPROTHESE CAROTIDIENNE",CENTRE HOSPITALIER UNIVERSITAIRE,BOSTON SCIENTIFIC,8874.0,,2025-01-01
"DMS 2024-01 AO091 Dispositifs Médicaux Stériles à usage unique pour : Angioplastie, radiologie, cardiologie, Implants toutes spécialités et ostéosynthèse, Sutures manuelles et mécaniques, Dispositifs non implantables, housses microscope et microsponges - ENDOPROTHESE CAROTIDIENNE",CENTRE HOSPITALIER UNIVERSITAIRE,MEDTRONIC FRANCE,44372.0,,2025-01-01
"DMS 2024-01 AO091 Dispositifs Médicaux Stériles à usage unique pour : Angioplastie, radiologie, cardiologie, Implants toutes spécialités et ostéosynthèse, Sutures manuelles et mécaniques, Dispositifs non implantables, housses microscope et microsponges - IMPLANT ENDOVASCULAIRE ACIER COUVERT POLYTETRAFLUOROETHYLENE EXPANSIBLE PAR BALLONNET",CENTRE HOSPITALIER UNIVERSITAIRE,GETINGE FRANCE,202084.0,,2025-01-01
"DMS 2024-01 AO091 Dispositifs Médicaux Stériles à usage unique pour : Angioplastie, radiologie, cardiologie, Implants toutes spécialités et ostéosynthèse, Sutures manuelles et mécaniques, Dispositifs non implantables, housses microscope et microsponges - ENDOPROTHESE AORTIQUE COUVERTE POLYESTER AUTO EXPANSIBLE",CENTRE HOSPITALIER UNIVERSITAIRE,MEDTRONIC FRANCE,886390.0,,2025-01-01
"DMS 2024-01 AO091 Dispositifs Médicaux Stériles à usage unique pour : Angioplastie, radiologie, cardiologie, Implants toutes spécialités et ostéosynthèse, Sutures manuelles et mécaniques, Dispositifs non implantables, housses microscope et microsponges - IMPLANT MENISCAL",CENTRE HOSPITALIER UNIVERSITAIRE,STRYKER FRANCE SA,250146.0,,2025-01-01
"DMS 2024-01 AO091 Dispositifs Médicaux Stériles à usage unique pour : Angioplastie, radiologie, cardiologie, Implants toutes spécialités et ostéosynthèse, Sutures manuelles et mécaniques, Dispositifs non implantables, housses microscope et microsponges - MICROCATHETER DIAMETRE DISTAL 2F A 2,8F",CENTRE HOSPITALIER UNIVERSITAIRE,BOSTON SCIENTIFIC,72400.0,,2025-01-01
"DMS 2024-01 AO091 Dispositifs Médicaux Stériles à usage unique pour : Angioplastie, radiologie, cardiologie, Implants toutes spécialités et ostéosynthèse, Sutures manuelles et mécaniques, Dispositifs non implantables, housses microscope et microsponges - GUIDE AMPLATZ SUPERSTIFF DROIT .035",CENTRE HOSPITALIER UNIVERSITAIRE,BOSTON SCIENTIFIC,12200.0,,2025-01-01
"DMS 2024-01 AO091 Dispositifs Médicaux Stériles à usage unique pour : Angioplastie, radiologie, cardiologie, Implants toutes spécialités et ostéosynthèse, Sutures manuelles et mécaniques, Dispositifs non implantables, housses microscope et microsponges - MICROGUIDE REVETEMENT HYDROPHILE",CENTRE HOSPITALIER UNIVERSITAIRE,STRYKER FRANCE SA,93864.0,,2025-01-01
"DMS 2024-01 AO091 Dispositifs Médicaux Stériles à usage unique pour : Angioplastie, radiologie, cardiologie, Implants toutes spécialités et ostéosynthèse, Sutures manuelles et mécaniques, Dispositifs non implantables, housses microscope et microsponges - GUIDE HYDROPHILE POUR URETEROSCOPIE",CENTRE HOSPITALIER UNIVERSITAIRE,BOSTON SCIENTIFIC,4989.6,,2025-01-01
"DMS 2024-01 AO091 Dispositifs Médicaux Stériles à usage unique pour : Angioplastie, radiologie, cardiologie, Implants toutes spécialités et ostéosynthèse, Sutures manuelles et mécaniques, Dispositifs non implantables, housses microscope et microsponges - GUIDE J 3MM et 6MM diamètr.018 à .038",CENTRE HOSPITALIER UNIVERSITAIRE,BOSTON SCIENTIFIC,188820.0,,2025-01-01
"DMS 2024-01 AO091 Dispositifs Médicaux Stériles à usage unique pour : Angioplastie, radiologie, cardiologie, Implants toutes spécialités et ostéosynthèse, Sutures manuelles et mécaniques, Dispositifs non implantables, housses microscope et microsponges - GUIDE DROIT . 018 à .038 IN AME FIXE",CENTRE HOSPITALIER UNIVERSITAIRE,BOSTON SCIENTIFIC,7740.0,,2025-01-01
"DMS 2024-01 AO091 Dispositifs Médicaux Stériles à usage unique pour : Angioplastie, radiologie, cardiologie, Implants toutes spécialités et ostéosynthèse, Sutures manuelles et mécaniques, Dispositifs non implantables, housses microscope et microsponges - INTRODUCTEUR SANS VALVE 5F A 9F GAINE PELABLE",CENTRE HOSPITALIER UNIVERSITAIRE,BOSTON SCIENTIFIC,94400.0,,2025-01-01
"DMS 2024-01 AO091 Dispositifs Médicaux Stériles à usage unique pour : Angioplastie, radiologie, cardiologie, Implants toutes spécialités et ostéosynthèse, Sutures manuelles et mécaniques, Dispositifs non implantables, housses microscope et microsponges - SYSTÈME ATHERECTOMIE ROTATIONNELLE",CENTRE HOSPITALIER UNIVERSITAIRE,BOSTON SCIENTIFIC,134040.0,,2025-01-01
"DMS 2024-01 AO091 Dispositifs Médicaux Stériles à usage unique pour : Angioplastie, radiologie, cardiologie, Implants toutes spécialités et ostéosynthèse, Sutures manuelles et mécaniques, Dispositifs non implantables, housses microscope et microsponges - CATHETER D’OCCLUSION 7F A LARGE BALLONNET",CENTRE HOSPITALIER UNIVERSITAIRE,BOSTON SCIENTIFIC,16400.0,,2025-01-01
"DMS 2024-01 AO091 Dispositifs Médicaux Stériles à usage unique pour : Angioplastie, radiologie, cardiologie, Implants toutes spécialités et ostéosynthèse, Sutures manuelles et mécaniques, Dispositifs non implantables, housses microscope et microsponges - SYSTEME DE PROTECTION CEREBRALE",CENTRE HOSPITALIER UNIVERSITAIRE,MEDTRONIC FRANCE,8268.0,,2025-01-01
"DMS 2024-01 AO091 Dispositifs Médicaux Stériles à usage unique pour : Angioplastie, radiologie, cardiologie, Implants toutes spécialités et ostéosynthèse, Sutures manuelles et mécaniques, Dispositifs non implantables, housses microscope et microsponges - IMPLANT ENDOVASCULAIRE PERIPHERIQUE NU",CENTRE HOSPITALIER UNIVERSITAIRE,GETINGE FRANCE,187296.0,,2025-01-01
"DMS 2024-01 AO091 Dispositifs Médicaux Stériles à usage unique pour : Angioplastie, radiologie, cardiologie, Implants toutes spécialités et ostéosynthèse, Sutures manuelles et mécaniques, Dispositifs non implantables, housses microscope et microsponges - IMPLANT ENDOVASCULAIRE PERIPHERIQUE NU",CENTRE HOSPITALIER UNIVERSITAIRE,BOSTON SCIENTIFIC,24644.0,,2025-01-01
"DMS 2024-01 AO091 Dispositifs Médicaux Stériles à usage unique pour : Angioplastie, radiologie, cardiologie, Implants toutes spécialités et ostéosynthèse, Sutures manuelles et mécaniques, Dispositifs non implantables, housses microscope et microsponges - POMPE IMPLANTABLE PROGRAMMABLE A DEBIT VARIABLE",CENTRE HOSPITALIER UNIVERSITAIRE,MEDTRONIC FRANCE,388776.0,,2025-01-01
"DMS 2024-01 AO091 Dispositifs Médicaux Stériles à usage unique pour : Angioplastie, radiologie, cardiologie, Implants toutes spécialités et ostéosynthèse, Sutures manuelles et mécaniques, Dispositifs non implantables, housses microscope et microsponges - NEUROSTIMULATEUR MEDULLAIRE IMPLANTABLE",CENTRE HOSPITALIER UNIVERSITAIRE,MEDTRONIC FRANCE,483466.96,,2025-01-01
"DMS 2024-01 AO091 Dispositifs Médicaux Stériles à usage unique pour : Angioplastie, radiologie, cardiologie, Implants toutes spécialités et ostéosynthèse, Sutures manuelles et mécaniques, Dispositifs non implantables, housses microscope et microsponges - IMPLANT OSSEUX SUR MESURE, RECONSTRUCTION VOÛTE CRÂNIENNE",CENTRE HOSPITALIER UNIVERSITAIRE,STRYKER FRANCE SA,218010.0,,2025-01-01
"DMS 2024-01 AO091 Dispositifs Médicaux Stériles à usage unique pour : Angioplastie, radiologie, cardiologie, Implants toutes spécialités et ostéosynthèse, Sutures manuelles et mécaniques, Dispositifs non implantables, housses microscope et microsponges - SYSTEME POUR EMBOLISATION",CENTRE HOSPITALIER UNIVERSITAIRE,MEDTRONIC FRANCE,104807.0,,2025-01-01
"DMS 2024-01 AO091 Dispositifs Médicaux Stériles à usage unique pour : Angioplastie, radiologie, cardiologie, Implants toutes spécialités et ostéosynthèse, Sutures manuelles et mécaniques, Dispositifs non implantables, housses microscope et microsponges - MICROCATHETER ARME SOUPLESSE PROGRESSIVE",CENTRE HOSPITALIER UNIVERSITAIRE,STRYKER FRANCE SA,56000.0,,2025-01-01
"DMS 2024-01 AO091 Dispositifs Médicaux Stériles à usage unique pour : Angioplastie, radiologie, cardiologie, Implants toutes spécialités et ostéosynthèse, Sutures manuelles et mécaniques, Dispositifs non implantables, housses microscope et microsponges - SYSTÈME INTRACRANIEN DE THROMBECTOMIE MECANIQUE",CENTRE HOSPITALIER UNIVERSITAIRE,MEDTRONIC FRANCE,232320.0,,2025-01-01
"DMS 2024-01 AO091 Dispositifs Médicaux Stériles à usage unique pour : Angioplastie, radiologie, cardiologie, Implants toutes spécialités et ostéosynthèse, Sutures manuelles et mécaniques, Dispositifs non implantables, housses microscope et microsponges - SYSTÈME INTRACRANIEN DE THROMBECTOMIE MECANIQUE",CENTRE HOSPITALIER UNIVERSITAIRE,STRYKER FRANCE SA,232320.0,,2025-01-01
"DMS 2024-01 AO091 Dispositifs Médicaux Stériles à usage unique pour : Angioplastie, radiologie, cardiologie, Implants toutes spécialités et ostéosynthèse, Sutures manuelles et mécaniques, Dispositifs non implantables, housses microscope et microsponges - SYSTEME INTRACRANIEN DE THROMBECTOMIE MECANIQUE",CENTRE HOSPITALIER UNIVERSITAIRE,JOHNSON & JOHNSON MEDICAL SAS,69696.0,,2025-01-01
"DMS 2024-01 AO091 Dispositifs Médicaux Stériles à usage unique pour : Angioplastie, radiologie, cardiologie, Implants toutes spécialités et ostéosynthèse, Sutures manuelles et mécaniques, Dispositifs non implantables, housses microscope et microsponges - SYSTÈME INTRACRANIEN DE THROMBECTOMIE PAR ASPIRATION",CENTRE HOSPITALIER UNIVERSITAIRE,STRYKER FRANCE SA,79461.9,,2025-01-01
"DMS 2024-01 AO091 Dispositifs Médicaux Stériles à usage unique pour : Angioplastie, radiologie, cardiologie, Implants toutes spécialités et ostéosynthèse, Sutures manuelles et mécaniques, Dispositifs non implantables, housses microscope et microsponges - SYSTÈME INTRACRANIEN DE THROMBECTOMIE PAR ASPIRATION",CENTRE HOSPITALIER UNIVERSITAIRE,JOHNSON & JOHNSON MEDICAL SAS,159600.0,,2025-01-01
"DMS 2024-01 AO091 Dispositifs Médicaux Stériles à usage unique pour : Angioplastie, radiologie, cardiologie, Implants toutes spécialités et ostéosynthèse, Sutures manuelles et mécaniques, Dispositifs non implantables, housses microscope et microsponges - ENDOPROTHESE EMBOLISATION ARTERE DEVIATEUR DE FLUX SANGUIN INTRACRANIEN",CENTRE HOSPITALIER UNIVERSITAIRE,MEDTRONIC FRANCE,366914.0,,2025-01-01
"DMS 2024-01 AO091 Dispositifs Médicaux Stériles à usage unique pour : Angioplastie, radiologie, cardiologie, Implants toutes spécialités et ostéosynthèse, Sutures manuelles et mécaniques, Dispositifs non implantables, housses microscope et microsponges - MICROSPIRE D’EMBOLISATION D’ANEVRISME ARTERIEL",CENTRE HOSPITALIER UNIVERSITAIRE,STRYKER FRANCE SA,286914.0,,2025-01-01
"DMS 2024-01 AO091 Dispositifs Médicaux Stériles à usage unique pour : Angioplastie, radiologie, cardiologie, Implants toutes spécialités et ostéosynthèse, Sutures manuelles et mécaniques, Dispositifs non implantables, housses microscope et microsponges - CATHETER GUIDE ARME 5F-6F ET 7F 90-100 cm",CENTRE HOSPITALIER UNIVERSITAIRE,JOHNSON & JOHNSON MEDICAL SAS,4160.0,,2025-01-01
"DMS 2024-01 AO091 Dispositifs Médicaux Stériles à usage unique pour : Angioplastie, radiologie, cardiologie, Implants toutes spécialités et ostéosynthèse, Sutures manuelles et mécaniques, Dispositifs non implantables, housses microscope et microsponges - CATHETER GUIDE ARME 6F LONGUEUR 105CM",CENTRE HOSPITALIER UNIVERSITAIRE,JOHNSON & JOHNSON MEDICAL SAS,39500.0,,2025-01-01
"DMS 2024-01 AO091 Dispositifs Médicaux Stériles à usage unique pour : Angioplastie, radiologie, cardiologie, Implants toutes spécialités et ostéosynthèse, Sutures manuelles et mécaniques, Dispositifs non implantables, housses microscope et microsponges - CATHETER DILATATION PERIPHERIQUE  LARGE VAISSEAU",CENTRE HOSPITALIER UNIVERSITAIRE,BOSTON SCIENTIFIC,7200.0,,2025-01-01
"DMS 2024-01 AO091 Dispositifs Médicaux Stériles à usage unique pour : Angioplastie, radiologie, cardiologie, Implants toutes spécialités et ostéosynthèse, Sutures manuelles et mécaniques, Dispositifs non implantables, housses microscope et microsponges - IMPLANT RECONSTRUCTION ORBITAIRE",CENTRE HOSPITALIER UNIVERSITAIRE,JOHNSON & JOHNSON MEDICAL SAS,33281.0,,2025-01-01
"DMS 2024-01 AO091 Dispositifs Médicaux Stériles à usage unique pour : Angioplastie, radiologie, cardiologie, Implants toutes spécialités et ostéosynthèse, Sutures manuelles et mécaniques, Dispositifs non implantables, housses microscope et microsponges - CATHETER DILATATION CORONAIRE BALLONNET",CENTRE HOSPITALIER UNIVERSITAIRE,BOSTON SCIENTIFIC,36000.0,,2025-01-01
"DMS 2024-01 AO091 Dispositifs Médicaux Stériles à usage unique pour : Angioplastie, radiologie, cardiologie, Implants toutes spécialités et ostéosynthèse, Sutures manuelles et mécaniques, Dispositifs non implantables, housses microscope et microsponges - CATHETER CORONAIRE A BALLONNET COAXIAL (OTW) COMPATIBLE GUIDE 0,014",CENTRE HOSPITALIER UNIVERSITAIRE,BOSTON SCIENTIFIC,32000.0,,2025-01-01
"Fourniture de Dispositifs Médicaux Implantables: Orthopédie et Traumatologie lots 12,29,44,51",CENTRE HOSPITALIER VERDUN SAINT MIHIEL,STRYKER FRANCE SA,1795286.0,,2024-12-31
"Fourniture de Dispositifs Médicaux Implantables: Orthopédie et Traumatologie - Relance de lots - Lots 5, 20 et 28",CENTRE HOSPITALIER VERDUN SAINT MIHIEL,ZIMMER BIOMET FRANCE,3225898.0,,2024-12-30
"DMS 2024-01 AO091 Dispositifs Médicaux Stériles à usage unique pour : Angioplastie, radiologie, cardiologie, Implants toutes spécialités et ostéosynthèse, Sutures manuelles et mécaniques, Dispositifs non implantables, housses microscope et microsponges - ENDOPROTHESE CORONAIRE A LIBERATION CONTROLEE DE PRINCIPE ACTIF EVEROLIMUS",CENTRE HOSPITALIER UNIVERSITAIRE,ABBOTT MEDICAL FRANCE SAS,1035433.0,,2024-12-23
"DMS 2024-01 AO091 Dispositifs Médicaux Stériles à usage unique pour : Angioplastie, radiologie, cardiologie, Implants toutes spécialités et ostéosynthèse, Sutures manuelles et mécaniques, Dispositifs non implantables, housses microscope et microsponges - SONDE DE STIMULATION CARDIAQUE",CENTRE HOSPITALIER UNIVERSITAIRE,ABBOTT MEDICAL FRANCE SAS,3281913.0,,2024-12-23
"DMS 2024-01 AO091 Dispositifs Médicaux Stériles à usage unique pour : Angioplastie, radiologie, cardiologie, Implants toutes spécialités et ostéosynthèse, Sutures manuelles et mécaniques, Dispositifs non implantables, housses microscope et microsponges - MICROCATHETER OVALE DOUBLE LUMIERE DIAMETRE PROXIMAL 3,4F / 2,6F ET DISTAL 3,3F / 2,3F",CENTRE HOSPITALIER UNIVERSITAIRE,BIOTRONIK FRANCE,6000.0,,2024-12-23
"DMS 2024-01 AO091 Dispositifs Médicaux Stériles à usage unique pour : Angioplastie, radiologie, cardiologie, Implants toutes spécialités et ostéosynthèse, Sutures manuelles et mécaniques, Dispositifs non implantables, housses microscope et microsponges - CATHETER DILATATION PERIPHERIQUE",CENTRE HOSPITALIER UNIVERSITAIRE,ABBOTT MEDICAL FRANCE SAS,125000.0,,2024-12-23
"DMS 2024-01 AO091 Dispositifs Médicaux Stériles à usage unique pour : Angioplastie, radiologie, cardiologie, Implants toutes spécialités et ostéosynthèse, Sutures manuelles et mécaniques, Dispositifs non implantables, housses microscope et microsponges - INTRODUCTEUR A VALVE 9F ET 10F - GAINE PELABLE",CENTRE HOSPITALIER UNIVERSITAIRE,ABBOTT MEDICAL FRANCE SAS,12000.0,,2024-12-23
"DMS 2024-01 AO091 Dispositifs Médicaux Stériles à usage unique pour : Angioplastie, radiologie, cardiologie, Implants toutes spécialités et ostéosynthèse, Sutures manuelles et mécaniques, Dispositifs non implantables, housses microscope et microsponges - NEUROSTIMULATEUR MEDULLAIRE IMPLANTABLE",CENTRE HOSPITALIER UNIVERSITAIRE,ABBOTT MEDICAL FRANCE SAS,1848050.0,,2024-12-23
"DMS 2024-01 AO091 Dispositifs Médicaux Stériles à usage unique pour : Angioplastie, radiologie, cardiologie, Implants toutes spécialités et ostéosynthèse, Sutures manuelles et mécaniques, Dispositifs non implantables, housses microscope et microsponges - STIMULATEUR CARDIAQUE SIMPLE CHAMBRE A FREQUENCE ASSERVIE",CENTRE HOSPITALIER UNIVERSITAIRE,ABBOTT MEDICAL FRANCE SAS,1181300.0,,2024-12-23
"DMS 2024-01 AO091 Dispositifs Médicaux Stériles à usage unique pour : Angioplastie, radiologie, cardiologie, Implants toutes spécialités et ostéosynthèse, Sutures manuelles et mécaniques, Dispositifs non implantables, housses microscope et microsponges - SYSTEME DE FERMETURE ARTERIELLE FEMORALE PAR SUTURE POUR HEMOSTASE",CENTRE HOSPITALIER UNIVERSITAIRE,ABBOTT MEDICAL FRANCE SAS,324800.0,,2024-12-23
"DMS 2024-01 AO091 Dispositifs Médicaux Stériles à usage unique pour : Angioplastie, radiologie, cardiologie, Implants toutes spécialités et ostéosynthèse, Sutures manuelles et mécaniques, Dispositifs non implantables, housses microscope et microsponges - STIMULATEUR DOUBLE CHAMBRE A FREQUENCE ASSERVIE",CENTRE HOSPITALIER UNIVERSITAIRE,ABBOTT MEDICAL FRANCE SAS,8651232.0,,2024-12-23
"DMS 2024-01 AO091 Dispositifs Médicaux Stériles à usage unique pour : Angioplastie, radiologie, cardiologie, Implants toutes spécialités et ostéosynthèse, Sutures manuelles et mécaniques, Dispositifs non implantables, housses microscope et microsponges - STIMULATEUR CARDIAQUE DE RESYNCHRONISATION VENTRICULAIRE",CENTRE HOSPITALIER UNIVERSITAIRE,ABBOTT MEDICAL FRANCE SAS,1625262.0,,2024-12-23
"DMS 2024-01 AO091 Dispositifs Médicaux Stériles à usage unique pour : Angioplastie, radiologie, cardiologie, Implants toutes spécialités et ostéosynthèse, Sutures manuelles et mécaniques, Dispositifs non implantables, housses microscope et microsponges - STIMULATEUR CARDIAQUE SIMPLE CHAMBRE, TRANSCATHETER",CENTRE HOSPITALIER UNIVERSITAIRE,ABBOTT MEDICAL FRANCE SAS,955450.0,,2024-12-23
"DMS 2024-01 AO091 Dispositifs Médicaux Stériles à usage unique pour : Angioplastie, radiologie, cardiologie, Implants toutes spécialités et ostéosynthèse, Sutures manuelles et mécaniques, Dispositifs non implantables, housses microscope et microsponges - IMPLANT EXOVASCULAIRE TYPE OMBRELLE",CENTRE HOSPITALIER UNIVERSITAIRE,ABBOTT MEDICAL FRANCE SAS,1197870.0,,2024-12-23
"DMS 2024-01 AO091 Dispositifs Médicaux Stériles à usage unique pour : Angioplastie, radiologie, cardiologie, Implants toutes spécialités et ostéosynthèse, Sutures manuelles et mécaniques, Dispositifs non implantables, housses microscope et microsponges - GUIDE 014IN HYDROPHILE ANGIOPLASTIE CORONAIRE TOUTES LONGUEURS",CENTRE HOSPITALIER UNIVERSITAIRE,ABBOTT MEDICAL FRANCE SAS,405240.0,,2024-12-23
"DMS 2024-01 AO091 Dispositifs Médicaux Stériles à usage unique pour : Angioplastie, radiologie, cardiologie, Implants toutes spécialités et ostéosynthèse, Sutures manuelles et mécaniques, Dispositifs non implantables, housses microscope et microsponges - CONDUIT AVEC VALVE AORTIQUE DOUBLE AILETTE",CENTRE HOSPITALIER UNIVERSITAIRE,ABBOTT MEDICAL FRANCE SAS,33003.0,,2024-12-23
"DMS 2024-01 AO091 Dispositifs Médicaux Stériles à usage unique pour : Angioplastie, radiologie, cardiologie, Implants toutes spécialités et ostéosynthèse, Sutures manuelles et mécaniques, Dispositifs non implantables, housses microscope et microsponges - BIOPROTHESE VALVULAIRE TRANSCUTANEE AORTIQUE",CENTRE HOSPITALIER UNIVERSITAIRE,ABBOTT MEDICAL FRANCE SAS,9706000.0,,2024-12-23
"DMS 2024-01 AO091 Dispositifs Médicaux Stériles à usage unique pour : Angioplastie, radiologie, cardiologie, Implants toutes spécialités et ostéosynthèse, Sutures manuelles et mécaniques, Dispositifs non implantables, housses microscope et microsponges - INTRODUCTEUR A VALVE CATHETER 6F A 9F",CENTRE HOSPITALIER UNIVERSITAIRE,ABBOTT MEDICAL FRANCE SAS,38760.0,,2024-12-23
"DMS 2024-01 AO091 Dispositifs Médicaux Stériles à usage unique pour : Angioplastie, radiologie, cardiologie, Implants toutes spécialités et ostéosynthèse, Sutures manuelles et mécaniques, Dispositifs non implantables, housses microscope et microsponges - SYSTÈME D’EVALUATION INTRA-CORONAIRE ANATOMIQUE",CENTRE HOSPITALIER UNIVERSITAIRE,ABBOTT MEDICAL FRANCE SAS,216000.0,,2024-12-23
"DMS 2024-01 AO091 Dispositifs Médicaux Stériles à usage unique pour : Angioplastie, radiologie, cardiologie, Implants toutes spécialités et ostéosynthèse, Sutures manuelles et mécaniques, Dispositifs non implantables, housses microscope et microsponges - GUIDE 014IN POUR FRANCHISSEMENT D’UNE OCCLUSION CHRONIQUE ANGIOPLASTIE CORONAIRE",CENTRE HOSPITALIER UNIVERSITAIRE,ABBOTT MEDICAL FRANCE SAS,2640.0,,2024-12-23
"DMS 2024-01 AO091 Dispositifs Médicaux Stériles à usage unique pour : Angioplastie, radiologie, cardiologie, Implants toutes spécialités et ostéosynthèse, Sutures manuelles et mécaniques, Dispositifs non implantables, housses microscope et microsponges - VALVE CARDIAQUE DOUBLE AILETTE",CENTRE HOSPITALIER UNIVERSITAIRE,ABBOTT MEDICAL FRANCE SAS,110245.0,,2024-12-23
"DMS 2024-01 AO091 Dispositifs Médicaux Stériles à usage unique pour : Angioplastie, radiologie, cardiologie, Implants toutes spécialités et ostéosynthèse, Sutures manuelles et mécaniques, Dispositifs non implantables, housses microscope et microsponges - SONDE POUR DEFIBRILLATION VENTRICULAIRE DROITE",CENTRE HOSPITALIER UNIVERSITAIRE,ABBOTT MEDICAL FRANCE SAS,803955.0,,2024-12-23
"DMS 2024-01 AO091 Dispositifs Médicaux Stériles à usage unique pour : Angioplastie, radiologie, cardiologie, Implants toutes spécialités et ostéosynthèse, Sutures manuelles et mécaniques, Dispositifs non implantables, housses microscope et microsponges - DEFIBRILLATEUR CARDIAQUE POUR RESYNCHRONISATION",CENTRE HOSPITALIER UNIVERSITAIRE,ABBOTT MEDICAL FRANCE SAS,9571580.0,,2024-12-23
"DMS 2024-01 AO091 Dispositifs Médicaux Stériles à usage unique pour : Angioplastie, radiologie, cardiologie, Implants toutes spécialités et ostéosynthèse, Sutures manuelles et mécaniques, Dispositifs non implantables, housses microscope et microsponges - DEFIBRILLATEUR CARDIAQUE DOUBLE CHAMBRE FREQUENCE ASSERVIE",CENTRE HOSPITALIER UNIVERSITAIRE,ABBOTT MEDICAL FRANCE SAS,3344076.0,,2024-12-23
"DMS 2024-01 AO091 Dispositifs Médicaux Stériles à usage unique pour : Angioplastie, radiologie, cardiologie, Implants toutes spécialités et ostéosynthèse, Sutures manuelles et mécaniques, Dispositifs non implantables, housses microscope et microsponges - DEFIBRILLATEUR CARDIAQUE SIMPLE CHAMBRE FREQUENCE ASSERVIE",CENTRE HOSPITALIER UNIVERSITAIRE,ABBOTT MEDICAL FRANCE SAS,2456873.0,,2024-12-23
Fourniture de dispositifs médicaux implantables pour Orthopédie et Ostéosynthèse - ORT21,CENTRE HOSPITALIER REGIONAL DE MARSEILLE (ASSISTANCE PUBLIQUE-HOPITAUX MARSEILLE),STRYKER FRANCE SA,1790444.0,,2024-12-19
"Fourniture d’implants d’orthopédie, pour prothèses articulaires, pour ostéosynthèse, pour ligamentoplastie, de ciment orthopédique, de greffons et substituts osseux et prêt des ancillaires associés - Lot 110: Ostéosynthèse: Plaque et vis STRYKER ou équivalent ",RESEAU DES ACHETEURS HOSPITALIERS,STRYKER FRANCE SA,192000000.0,suspect,2024-12-10
"Fourniture d’implants d’orthopédie, pour prothèses articulaires, pour ostéosynthèse, pour ligamentoplastie, de ciment orthopédique, de greffons et substituts osseux et prêt des ancillaires associés - Lot 146: Implant Rachis STRYKER ou équivalent",RESEAU DES ACHETEURS HOSPITALIERS,STRYKER FRANCE SA,132000000.0,suspect,2024-12-10
"Fourniture d’implants d’orthopédie, pour prothèses articulaires, pour ostéosynthèse, pour ligamentoplastie, de ciment orthopédique, de greffons et substituts osseux et prêt des ancillaires associés - Lot 112: Ostéosynthèse: Plaque et vis ZIMMER BIOMET ou équivalent ",RESEAU DES ACHETEURS HOSPITALIERS,ZIMMER BIOMET FRANCE,120000000.0,suspect,2024-12-10
FOURNITURE D’IMPLANTS D’ORTHOPEDIE - ORTHOCAT - IMPLANT RACHIS,CENTRE HOSPITALIER UNIVERSITAIRE REIMS,MEDTRONIC FRANCE,213695.0,,2024-12-10
"Fourniture d’implants d’orthopédie, pour prothèses articulaires, pour ostéosynthèse, pour ligamentoplastie, de ciment orthopédique, de greffons et substituts osseux et prêt des ancillaires associés - Lot 139: Implant Rachis MEDTRONIC ou équivalent",RESEAU DES ACHETEURS HOSPITALIERS,MEDTRONIC FRANCE,210000000.0,suspect,2024-12-10
Fourniture de DM - implant sphinctérien périurétral hydraulique,CENTRE HOSPITALIER UNIVERSITAIRE ROUEN (HOPITAL CHARLES NICOLLE CHU ROUEN),BOSTON SCIENTIFIC,700000.0,,2024-12-09
FOURNITURE D’IMPLANTS D’ORTHOPÉDIE - ORTHOCAT - OSTÉOSYNTHÈSE: PLAQUE ET VIS CRÂNIO MAXILLO-FACIALE,CENTRE HOSPITALIER UNIVERSITAIRE REIMS,STRYKER FRANCE SA,1070988.0,,2024-12-06
FOURNITURE D’IMPLANTS D’ORTHOPÉDIE - ORTHOCAT - PROTHÈSE ORTEIL/CHEVILLE/PIED,CENTRE HOSPITALIER UNIVERSITAIRE REIMS,STRYKER FRANCE SA,122971.0,,2024-12-06
FOURNITURE D’IMPLANTS D’ORTHOPÉDIE - ORTHOCAT - PROTHÈSE COUDE/DOIGT/POIGNET/MAIN,CENTRE HOSPITALIER UNIVERSITAIRE REIMS,STRYKER FRANCE SA,199444.9,,2024-12-06
FOURNITURE D’IMPLANTS D’ORTHOPÉDIE - ORTHOCAT - PROTHÈSE EPAULE,CENTRE HOSPITALIER UNIVERSITAIRE REIMS,STRYKER FRANCE SA,141675.63,,2024-12-06
"Fourniture d’implants d’orthopédie, pour prothèses articulaires, pour ostéosynthèse, pour ligamentoplastie, de ciment orthopédique, de greffons et substituts osseux et prêt des ancillaires associés - Lot 67: Prothèse Genou STRYKER ou équivalent",RESEAU DES ACHETEURS HOSPITALIERS,STRYKER FRANCE SA,184320000.0,suspect,2024-12-06
"Fourniture d’implants d’orthopédie, pour prothèses articulaires, pour ostéosynthèse, pour ligamentoplastie, de ciment orthopédique, de greffons et substituts osseux et prêt des ancillaires associés  - Lot 160: Substitut osseux STRYKER ou équivalent ",RESEAU DES ACHETEURS HOSPITALIERS,STRYKER FRANCE SA,576000.0,,2024-12-06
"Fourniture d’implants d’orthopédie, pour prothèses articulaires, pour ostéosynthèse, pour ligamentoplastie, de ciment orthopédique, de greffons et substituts osseux et prêt des ancillaires associés - Lot 132: Fixateur externe STRYKER ou équivalent ",RESEAU DES ACHETEURS HOSPITALIERS,STRYKER FRANCE SA,8400000.0,,2024-12-06
"Fourniture d’implants d’orthopédie, pour prothèses articulaires, pour ostéosynthèse, pour ligamentoplastie, de ciment orthopédique, de greffons et substituts osseux et prêt des ancillaires associés - Lot 128: Clou centro-médullaire STRYKER ou équivalent ",RESEAU DES ACHETEURS HOSPITALIERS,STRYKER FRANCE SA,192000000.0,suspect,2024-12-06
"Fourniture d’implants d’orthopédie, pour prothèses articulaires, pour ostéosynthèse, pour ligamentoplastie, de ciment orthopédique, de greffons et substituts osseux et prêt des ancillaires associés - Lot 122: Ostéosynthèse: Plaque et vis crânio maxillo-faciale STRYKER ou équivalent",RESEAU DES ACHETEURS HOSPITALIERS,STRYKER FRANCE SA,51264000.0,,2024-12-06
"Fourniture d’implants d’orthopédie, pour prothèses articulaires, pour ostéosynthèse, pour ligamentoplastie, de ciment orthopédique, de greffons et substituts osseux et prêt des ancillaires associés - Lot 78: Prothèse Orteil/Cheville/Pied STRYKER ou équivalent",RESEAU DES ACHETEURS HOSPITALIERS,STRYKER FRANCE SA,3456000.0,,2024-12-06
"Fourniture d’implants d’orthopédie, pour prothèses articulaires, pour ostéosynthèse, pour ligamentoplastie, de ciment orthopédique, de greffons et substituts osseux et prêt des ancillaires associés - Lot 92: Implant fixation ligamentaire STRYKER ou équivalent",RESEAU DES ACHETEURS HOSPITALIERS,STRYKER FRANCE SA,38640000.0,,2024-12-06
"Fourniture d’implants d’orthopédie, pour prothèses articulaires, pour ostéosynthèse, pour ligamentoplastie, de ciment orthopédique, de greffons et substituts osseux et prêt des ancillaires associés - Lot 42: Prothèse Hanche STRYKER ou équivalent ",RESEAU DES ACHETEURS HOSPITALIERS,STRYKER FRANCE SA,67968000.0,suspect,2024-12-06
"Fourniture d’implants d’orthopédie, pour prothèses articulaires, pour ostéosynthèse, pour ligamentoplastie, de ciment orthopédique, de greffons et substituts osseux et prêt des ancillaires associés - Lot 17:  Prothèse Coude/Doigt/Poignet/Main STRYKER ou équivalent",RESEAU DES ACHETEURS HOSPITALIERS,STRYKER FRANCE SA,17280000.0,,2024-12-06
"Fourniture d’implants d’orthopédie, pour prothèses articulaires, pour ostéosynthèse, pour ligamentoplastie, de ciment orthopédique, de greffons et substituts osseux et prêt des ancillaires associés - Lot 12: Prothèse Epaule STRYKER ou équivalent ",RESEAU DES ACHETEURS HOSPITALIERS,STRYKER FRANCE SA,33600000.0,,2024-12-06
"Fourniture d’implants d’orthopédie, pour prothèses articulaires, pour ostéosynthèse, pour ligamentoplastie, de ciment orthopédique, de greffons et substituts osseux et prêt des ancillaires associés - Lot 161: Substitut osseux ZIMMER BIOMET ou équivalent",RESEAU DES ACHETEURS HOSPITALIERS,ZIMMER BIOMET FRANCE,1747200.0,,2024-12-04
"Fourniture d’implants d’orthopédie, pour prothèses articulaires, pour ostéosynthèse, pour ligamentoplastie, de ciment orthopédique, de greffons et substituts osseux et prêt des ancillaires associés - Lot72: Prothèse Genou ZIMMER BIOMET ou équivalent",RESEAU DES ACHETEURS HOSPITALIERS,ZIMMER BIOMET FRANCE,167902104.0,suspect,2024-12-04
"Fourniture d’implants d’orthopédie, pour prothèses articulaires, pour ostéosynthèse, pour ligamentoplastie, de ciment orthopédique, de greffons et substituts osseux et prêt des ancillaires associés - Lot 129: Clou centro-médullaire ZIMMER BIOMET ou équivalent ",RESEAU DES ACHETEURS HOSPITALIERS,ZIMMER BIOMET FRANCE,51840000.0,,2024-12-04
"Fourniture d’implants d’orthopédie, pour prothèses articulaires, pour ostéosynthèse, pour ligamentoplastie, de ciment orthopédique, de greffons et substituts osseux et prêt des ancillaires associés - Lot 95: Implant fixation ligamentaire ZIMMER BIOMET ou équivalent",RESEAU DES ACHETEURS HOSPITALIERS,ZIMMER BIOMET FRANCE,26400000.0,,2024-12-04
"Fourniture d’implants d’orthopédie, pour prothèses articulaires, pour ostéosynthèse, pour ligamentoplastie, de ciment orthopédique, de greffons et substituts osseux et prêt des ancillaires associés - Lot 47: Prothèse Hanche ZIMMER BIOMET ou équivalent ",RESEAU DES ACHETEURS HOSPITALIERS,ZIMMER BIOMET FRANCE,182426768.0,suspect,2024-12-04
"Fourniture d’implants d’orthopédie, pour prothèses articulaires, pour ostéosynthèse, pour ligamentoplastie, de ciment orthopédique, de greffons et substituts osseux et prêt des ancillaires associés - Lot 16: Prothèse Coude ZIMMER BIOMET ou équivalent",RESEAU DES ACHETEURS HOSPITALIERS,ZIMMER BIOMET FRANCE,8464070.0,,2024-12-04
"Fourniture d’implants d’orthopédie, pour prothèses articulaires, pour ostéosynthèse, pour ligamentoplastie, de ciment orthopédique, de greffons et substituts osseux et prêt des ancillaires associés - Lot 14: Prothèse Epaule ZIMMER BIOMET ou équivalent",RESEAU DES ACHETEURS HOSPITALIERS,ZIMMER BIOMET FRANCE,5828179.0,,2024-12-04
"Fourniture d’implants d’orthopédie, pour prothèses articulaires, pour ostéosynthèse, pour ligamentoplastie, de ciment orthopédique, de greffons et substituts osseux et prêt des ancillaires associés - Lot 126: Clou centro-médullaire JOHNSON&JOHNSON ou équivalent",RESEAU DES ACHETEURS HOSPITALIERS,JOHNSON & JOHNSON MEDICAL SAS,125280000.0,suspect,2024-12-03
"Fourniture d’implants d’orthopédie, pour prothèses articulaires, pour ostéosynthèse, pour ligamentoplastie, de ciment orthopédique, de greffons et substituts osseux et prêt des ancillaires associés - Lot 86: Implant fixation ligamentaire JOHNSON ET JOHNSON  ou équivalent ",RESEAU DES ACHETEURS HOSPITALIERS,JOHNSON & JOHNSON MEDICAL SAS,74400000.0,suspect,2024-12-03
"Fourniture d’implants d’orthopédie, pour prothèses articulaires, pour ostéosynthèse, pour ligamentoplastie, de ciment orthopédique, de greffons et substituts osseux et prêt des ancillaires associés- Lot 101: Ostéosynthèse: Plaque et vis JOHNSON&JOHNSON ou équivalent ",RESEAU DES ACHETEURS HOSPITALIERS,JOHNSON & JOHNSON MEDICAL SAS,199260000.0,suspect,2024-12-03
FOURNITURE D’IMPLANTS D’ORTHOPÉDIE - ORTHOCAT - IMPLANT FIXATION LIGAMENTAIRE,CENTRE HOSPITALIER UNIVERSITAIRE REIMS,JOHNSON & JOHNSON MEDICAL SAS,416636.87,,2024-12-03
"Fourniture d’implants d’orthopédie, pour prothèses articulaires, pour ostéosynthèse, pour ligamentoplastie, de ciment orthopédique, de greffons et substituts osseux et prêt des ancillaires associés - Lot 32:Prothèse Hanche JOHNSON &JOHNSON  ou équivalent ",RESEAU DES ACHETEURS HOSPITALIERS,JOHNSON & JOHNSON MEDICAL SAS,67392000.0,suspect,2024-12-03
"Fourniture d’implants d’orthopédie, pour prothèses articulaires, pour ostéosynthèse, pour ligamentoplastie, de ciment orthopédique, de greffons et substituts osseux et prêt des ancillaires associés - Lot 57:Prothèse Genou JOHNSON&JOHNSON ou équivalent",RESEAU DES ACHETEURS HOSPITALIERS,JOHNSON & JOHNSON MEDICAL SAS,88032000.0,suspect,2024-12-03
"FOURNITURE DE DISPOSITIFIS MEDICAUX STERILES -  RELANCE DES LOTS INFRUCTUEUX DES CONSULTATIONS : 22-MT -07, 22-MT-07R, 22-MT-08 - Electrophysiologie : cathéter d’exploration quadripolaire non orientable",GROUPE HOSPITALIER SAINTES-SAINT-JEAN-D'ANGELY,MEDTRONIC FRANCE,40040.0,,2024-11-27
"Fourniture de Dispositifs Médicaux Implantables: Orthopédie et Traumatologie lots 32,50,54,62,70",CENTRE HOSPITALIER VERDUN SAINT MIHIEL,JOHNSON & JOHNSON MEDICAL SAS,272984.0,,2024-11-26
"Fourniture de Dispositifs Médicaux Implantables: Orthopédie et Traumatologie lots 9,33,43,52,53,56,57,63,64,68,69,72,77,79",CENTRE HOSPITALIER VERDUN SAINT MIHIEL,STRYKER FRANCE SA,1266708.0,,2024-11-26
Fourniture de Dispositifs Médicaux Implantables: Orthopédie et Traumatologie lot 49,CENTRE HOSPITALIER VERDUN SAINT MIHIEL,ZIMMER BIOMET FRANCE,326000.0,,2024-11-26
FOURNITURE D’IMPLANTS D’ORTHOPÉDIE - ORTHOCAT - PROTHÈSE HANCHE,CENTRE HOSPITALIER UNIVERSITAIRE REIMS,STRYKER FRANCE SA,867114.31,,2024-11-20
Prothèse de genou unicompartimentale,CENTRE HOSPITALIER DE VALENCIENNES,ZIMMER BIOMET FRANCE,67886.4,,2024-11-15
Fourniture de dispositifs médicaux prothétiques implantables  et stériles à usage unique - FDV21,CENTRE HOSPITALIER REGIONAL DE MARSEILLE (ASSISTANCE PUBLIQUE-HOPITAUX MARSEILLE),BOSTON SCIENTIFIC,113350.0,,2024-11-15
Fourniture de dispositifs médicaux prothétiques implantables et stériles à usage unique - FDV09,CENTRE HOSPITALIER REGIONAL DE MARSEILLE (ASSISTANCE PUBLIQUE-HOPITAUX MARSEILLE),JOHNSON & JOHNSON MEDICAL SAS,264661.13,,2024-11-06
DM ORTHO.Lot 17:Prothèse Coude/Doigt/Poignet/Main STRYKER ou équivalent,RESEAU DES ACHETEURS HOSPITALIERS,STRYKER FRANCE SA,84807.0,,2024-11-01
DM ORTHO.Lot 42:Prothèse Hanche STRYKER ou équivalent,RESEAU DES ACHETEURS HOSPITALIERS,STRYKER FRANCE SA,103262.0,,2024-11-01
Lot 42 : CATHETER D’ANGIOPLASTIE PERIPHERIQUE POUR ARTERES RENALES - GAPSCA - Fourniture de dispositifs médicaux de chirurgie vasculaire et endovasculaire périphérique et radiologie interventionnelle (2024/2027),CENTRE HOSPITALIER DE COLMAR (CENTRE HOSPITALIER LOUIS PASTEUR),ABBOTT MEDICAL FRANCE SAS,5140.0,,2024-10-28
Lot 40 : CATHETER D’ANGIOPLASTIE PERIPHERIQUE 0.035 - GAPSCA - Fourniture de dispositifs médicaux de chirurgie vasculaire et endovasculaire périphérique et radiologie interventionnelle (2024/2027),CENTRE HOSPITALIER DE COLMAR (CENTRE HOSPITALIER LOUIS PASTEUR),BOSTON SCIENTIFIC,40600.0,,2024-10-28
Lot 47 : CATHETER DE DILATATION VASCULAIRE PERIPHERIQUE AVEC ATHEROTOMES - GAPSCA - Fourniture de dispositifs médicaux de chirurgie vasculaire et endovasculaire périphérique et radiologie interventionnelle (2024/2027),CENTRE HOSPITALIER DE COLMAR (CENTRE HOSPITALIER LOUIS PASTEUR),BOSTON SCIENTIFIC,600.0,,2024-10-28
Lot 29 : STENT VASCULAIRE PERIPHERIQUE COUVERT EN ACIER SUR BALLONNET - GAPSCA - Fourniture de dispositifs médicaux de chirurgie vasculaire et endovasculaire périphérique et radiologie interventionnelle (2024/2027),CENTRE HOSPITALIER DE COLMAR (CENTRE HOSPITALIER LOUIS PASTEUR),GETINGE FRANCE,67772.0,,2024-10-28
Lot 21 : STENT VASCULAIRE PERIPHERIQUE AUTOEXPANDABLE POUR STENOSE HYPERCALCIFIEE DE L’ARTERE POPLITEE - GAPSCA - Fourniture de dispositifs médicaux de chirurgie vasculaire et endovasculaire périphérique et radiologie interventionnelle (2024/2027),CENTRE HOSPITALIER DE COLMAR (CENTRE HOSPITALIER LOUIS PASTEUR),ABBOTT MEDICAL FRANCE SAS,6161.0,,2024-10-28
Lot 72 : MICROCATHETER LARGE LUMIERE POUR EMBOLISATION VASCULAIRE PERIPHERIQUE - GAPSCA - Fourniture de dispositifs médicaux de chirurgie vasculaire et endovasculaire périphérique et radiologie interventionnelle (2024/2027),CENTRE HOSPITALIER DE COLMAR (CENTRE HOSPITALIER LOUIS PASTEUR),BOSTON SCIENTIFIC,7800.0,,2024-10-28
Lot 43 : CATHETER D’ANGIOPLASTIE PERIPHERIQUE A BALLONNET NON COMPLIANT - GAPSCA - Fourniture de dispositifs médicaux de chirurgie vasculaire et endovasculaire périphérique et radiologie interventionnelle (2024/2027),CENTRE HOSPITALIER DE COLMAR (CENTRE HOSPITALIER LOUIS PASTEUR),BOSTON SCIENTIFIC,74490.0,,2024-10-28
Lot 45 : CATHETER D’ANGIOPLASTIE PERIPHERIQUE A LIBERATION DE PRINCIPE ACTIF POUR GUIDE DE DIAMETRE 0.018 - GAPSCA - Fourniture de dispositifs médicaux de chirurgie vasculaire et endovasculaire périphérique et radiologie interventionnelle (2024/2027),CENTRE HOSPITALIER DE COLMAR (CENTRE HOSPITALIER LOUIS PASTEUR),BOSTON SCIENTIFIC,36375.0,,2024-10-28
Lot 71 : MICROCATHETER ARME PREFORME POUR EMBOLISATION VASCULAIRE PERIPHERIQUE - GAPSCA - Fourniture de dispositifs médicaux de chirurgie vasculaire et endovasculaire périphérique et radiologie interventionnelle (2024/2027),CENTRE HOSPITALIER DE COLMAR (CENTRE HOSPITALIER LOUIS PASTEUR),BOSTON SCIENTIFIC,23200.0,,2024-10-28
Lot 22 : STENT VASCULAIRE PERIPHERIQUE AUTOEXPANDABLE POUR STENOSE ILIAQUE - GAPSCA - Fourniture de dispositifs médicaux de chirurgie vasculaire et endovasculaire périphérique et radiologie interventionnelle (2024/2027),CENTRE HOSPITALIER DE COLMAR (CENTRE HOSPITALIER LOUIS PASTEUR),BOSTON SCIENTIFIC,246400.0,,2024-10-28
Lot 15 : STENT CAROTIDIEN AUTOEXPANDABLE - Groupement d’Achat de Produits de Santé Centre Alsace - Fourniture de dispositifs médicaux de chirurgie vasculaire et endovasculaire périphérique et radiologie interventionnelle (2024/2027),CENTRE HOSPITALIER DE COLMAR (CENTRE HOSPITALIER LOUIS PASTEUR),ABBOTT MEDICAL FRANCE SAS,5294.0,,2024-10-28
Lot 20 : STENT VASCULAIRE PERIPHERIQUE AUTOEXPANDABLE POUR STENOSE INFRAPOPLITEE - GAPSCA - Fourniture de dispositifs médicaux de chirurgie vasculaire et endovasculaire périphérique et radiologie interventionnelle (2024/2027),CENTRE HOSPITALIER DE COLMAR (CENTRE HOSPITALIER LOUIS PASTEUR),BIOTRONIK FRANCE,4929.0,,2024-10-28
Lot 24 : STENT VASCULAIRE PERIPHERIQUE SUR BALLONNET POUR STENOSE RENALE - GAPSCA - Fourniture de dispositifs médicaux de chirurgie vasculaire et endovasculaire périphérique et radiologie interventionnelle (2024/2027),CENTRE HOSPITALIER DE COLMAR (CENTRE HOSPITALIER LOUIS PASTEUR),BIOTRONIK FRANCE,16500.0,,2024-10-28
Lot 50 : CATHETER GUIDE POUR ANGIOGRAPHIE PERIPHERIQUE COURBURE COBRA - GAPSCA - Fourniture de dispositifs médicaux de chirurgie vasculaire et endovasculaire périphérique et radiologie interventionnelle (2024/2027),CENTRE HOSPITALIER DE COLMAR (CENTRE HOSPITALIER LOUIS PASTEUR),BOSTON SCIENTIFIC,2340.0,,2024-10-28
Lot 23 : STENT VASCULAIRE PERIPHERIQUE SUR BALLONNET POUR STENOSE ILIAQUE - GAPSCA - Fourniture de dispositifs médicaux de chirurgie vasculaire et endovasculaire périphérique et radiologie interventionnelle (2024/2027),CENTRE HOSPITALIER DE COLMAR (CENTRE HOSPITALIER LOUIS PASTEUR),BOSTON SCIENTIFIC,24300.0,,2024-10-28
RYT 24 - DEFIBRILLATEUR SIMPLE CHAMBRE,CENTRE HOSPITALIER UNIVERSITAIRE DE TOULOUSE (HOTEL DIEU SAINT JACQUES),BOSTON SCIENTIFIC,118458.0,,2024-10-18
RYT 24 - DEFIBRILLATEUR TRIPLE CHAMBRE,CENTRE HOSPITALIER UNIVERSITAIRE DE TOULOUSE (HOTEL DIEU SAINT JACQUES),BOSTON SCIENTIFIC,2338875.0,,2024-10-18
RYT 24 - DEFIBRILLATEUR ENDOCAVITAIRE AVEC SONDE SOUS-CUTANEE,CENTRE HOSPITALIER UNIVERSITAIRE DE TOULOUSE (HOTEL DIEU SAINT JACQUES),BOSTON SCIENTIFIC,2794293.0,,2024-10-18
FOURNITURE DE DISPOSITIFS MÉDICAUX STERILES ET/OU IMPLANTABLES DE LA SOCIETE MEDTRONIC,CENTRE HOSPITALIER REGIONAL UNIVERSITAIRE DE NANCY,MEDTRONIC FRANCE,900000.0,,2024-10-09
Fourniture de dispositifs médicaux prothétiques implantables  et stériles à usage unique - FDV02-bis,CENTRE HOSPITALIER REGIONAL DE MARSEILLE (ASSISTANCE PUBLIQUE-HOPITAUX MARSEILLE),ABBOTT MEDICAL FRANCE SAS,84199.36,,2024-10-08
RYT24 - Défibrillateur double chambre,CENTRE HOSPITALIER UNIVERSITAIRE DE BORDEAUX (HOPITAUX DE PELLEGRIN & TONDU),MEDTRONIC FRANCE,71400.0,,2024-10-01
RYT24 - Défibrillateur triple chambre,CENTRE HOSPITALIER UNIVERSITAIRE DE BORDEAUX (HOPITAUX DE PELLEGRIN & TONDU),MEDTRONIC FRANCE,140250.0,,2024-10-01
RYT24 - Défibrillateur simple chambre,CENTRE HOSPITALIER UNIVERSITAIRE DE BORDEAUX (HOPITAUX DE PELLEGRIN & TONDU),MEDTRONIC FRANCE,40920.0,,2024-10-01
RYT24 - Défibrillateur triple chambre,CENTRE HOSPITALIER UNIVERSITAIRE DE BORDEAUX (HOPITAUX DE PELLEGRIN & TONDU),BIOTRONIK FRANCE,44550.0,,2024-10-01
RYT24 - Holter ECG implantable,CENTRE HOSPITALIER UNIVERSITAIRE DE BORDEAUX (HOPITAUX DE PELLEGRIN & TONDU),ABBOTT MEDICAL FRANCE SAS,43479.55,,2024-10-01
RYT24 - Holter ECG implantable,CENTRE HOSPITALIER UNIVERSITAIRE DE BORDEAUX (HOPITAUX DE PELLEGRIN & TONDU),MEDTRONIC FRANCE,88090.7,,2024-10-01
XCARD - ENDOPROTHESE CORONAIRE COUVERTE,CENTRE HOSPITALIER DE VALENCIENNES,BIOTRONIK FRANCE,127962.0,,2024-09-09
FOURNITURE DE DMSUU - CATHETER ELECTROPORATION  AVEC MISE A DISPOSITION DE LA CONSOLE FARAPULSE - FARA23,CENTRE HOSPITALIER REGIONAL DE MARSEILLE (ASSISTANCE PUBLIQUE-HOPITAUX MARSEILLE),BOSTON SCIENTIFIC,3900000.0,,2024-09-02
2024-0479 FOURNITURE DE DEFIBRILLATEUR CARDIAQUE EXTRAVASCULAIRE AURORA SIMPLE CHAMBRE EV ICD MRI SURESCAN - MNAUR (2024-2025),CENTRE HOSPITALIER REGIONAL DE MARSEILLE (ASSISTANCE PUBLIQUE-HOPITAUX MARSEILLE),MEDTRONIC FRANCE,642000.0,,2024-08-28
FOURNITURE DISPOSITIFS MEDICAUX ET/OU IMPLANTABLES DE LA SOCIETE ABBOTT,CENTRE HOSPITALIER REGIONAL UNIVERSITAIRE DE NANCY,ABBOTT MEDICAL FRANCE SAS,10000.0,,2024-08-28
FOURNITURE DE DISPOSITIFS MEDICAUX IMPLANTABLES DE CARDIOLOGIE INTERVENTIONNELLE / LOT 2 SYSTEME DE FERMETURETRANSCUTANE DE L’APPENDICE AURICULAIRE GAUCHE,CTRE HOSPITALIER UNIVERS PONTCHAILLOU,ABBOTT MEDICAL FRANCE SAS,104680.0,,2024-08-16
FOURNITURE DE DISPOSITIFS MEDICAUX IMPLANTABLES DE CARDIOLOGIE INTERVENTIONNELLE / LOT 3 SYSTEME DE REMPLACEMENT DE LA VALVE MITRALE PAR VOIE TRANSCATHETER,CTRE HOSPITALIER UNIVERS PONTCHAILLOU,ABBOTT MEDICAL FRANCE SAS,560000.0,,2024-08-16
"Fourniture d’implants d’orthopédie, pour prothèses articulaires, pour ostéosynthèse, pour ligamentoplastie, de ciment orthopédique et prêt des ancillaires associés  - Lot 25: Ostéosynthèse : Fracture péri prothétique",RESEAU DES ACHETEURS HOSPITALIERS,ZIMMER BIOMET FRANCE,72000000.0,suspect,2024-08-02
"Fourniture d’implants d’orthopédie, pour prothèses articulaires, pour ostéosynthèse, pour ligamentoplastie, de ciment orthopédique et prêt des ancillaires associés  - Lot 12: Fixation ligamentaire : Disjonction acromio-claviculaire (ligament-agrafe-vis)",RESEAU DES ACHETEURS HOSPITALIERS,ZIMMER BIOMET FRANCE,1160000.0,,2024-08-02
"Fourniture d’implants d’orthopédie, pour prothèses articulaires, pour ostéosynthèse, pour ligamentoplastie, de ciment orthopédique et prêt des ancillaires associés  - Lot 9 : Genou : Prothèse Totale Genou à plateau fixe et rotatoire",RESEAU DES ACHETEURS HOSPITALIERS,ZIMMER BIOMET FRANCE,672000000.0,suspect,2024-08-02
"Fourniture d’implants d’orthopédie, pour prothèses articulaires, pour ostéosynthèse, pour ligamentoplastie, de ciment orthopédique et prêt des ancillaires associés  
Lot 16: Fixation ligamentaire : Genou technique DIDT",RESEAU DES ACHETEURS HOSPITALIERS,STRYKER FRANCE SA,14400000.0,,2024-07-29
"Fourniture d’implants d’orthopédie, pour prothèses articulaires, pour ostéosynthèse, pour ligamentoplastie, de ciment orthopédique et prêt des ancillaires associés  - Lot 21: Ostéosynthèse : Plaque et vis gros fragment",RESEAU DES ACHETEURS HOSPITALIERS,JOHNSON & JOHNSON MEDICAL SAS,180000000.0,suspect,2024-07-29
"Fourniture d’implants d’orthopédie, pour prothèses articulaires, pour ostéosynthèse, pour ligamentoplastie, de ciment orthopédique et prêt des ancillaires associés  - Lot 34 : Fixateur Externe Monolatéral",RESEAU DES ACHETEURS HOSPITALIERS,STRYKER FRANCE SA,49600000.0,,2024-07-29
"Fourniture d’implants d’orthopédie, pour prothèses articulaires, pour ostéosynthèse, pour ligamentoplastie, de ciment orthopédique et prêt des ancillaires associés  - Lot 32: Clou centro-médullaire verrouillé fémoral fracture péri- et sous-trochantérienne, stérile",RESEAU DES ACHETEURS HOSPITALIERS,STRYKER FRANCE SA,416000000.0,suspect,2024-07-29
"Fourniture d’implants d’orthopédie, pour prothèses articulaires, pour ostéosynthèse, pour ligamentoplastie, de ciment orthopédique et prêt des ancillaires associés  - Lot 38 - Rachis : Spondyloplastie avec expansion par implant",RESEAU DES ACHETEURS HOSPITALIERS,STRYKER FRANCE SA,54400000.0,,2024-07-29
"Fourniture d’implants d’orthopédie, pour prothèses articulaires, pour ostéosynthèse, pour ligamentoplastie, de ciment orthopédique et prêt des ancillaires associés  - Lot 31: Clou centro-médullaire verrouillé fémoral et tibial fracture, stérile ",RESEAU DES ACHETEURS HOSPITALIERS,STRYKER FRANCE SA,160000000.0,suspect,2024-07-29
"Fourniture d’implants d’orthopédie, pour prothèses articulaires, pour ostéosynthèse, pour ligamentoplastie, de ciment orthopédique et prêt des ancillaires associés  - Lot 29: Clou centro-médullaire verrouillé pour fracture/arthrodèse subtalaire",RESEAU DES ACHETEURS HOSPITALIERS,STRYKER FRANCE SA,5600000.0,,2024-07-29
"Fourniture d’implants d’orthopédie, pour prothèses articulaires, pour ostéosynthèse, pour ligamentoplastie, de ciment orthopédique et prêt des ancillaires associés  - Lot 23: Ostéosynthèse : Plaque et vis mini fragment",RESEAU DES ACHETEURS HOSPITALIERS,STRYKER FRANCE SA,144000000.0,suspect,2024-07-29
"Fourniture d’implants d’orthopédie, pour prothèses articulaires, pour ostéosynthèse, pour ligamentoplastie, de ciment orthopédique et prêt des ancillaires associés  - Lot 15: Fixation ligamentaire : Ancrage tendineux, ligamentaire, osseux Main/Cheville",RESEAU DES ACHETEURS HOSPITALIERS,JOHNSON & JOHNSON MEDICAL SAS,10800000.0,,2024-07-29
"Fourniture d’implants d’orthopédie, pour prothèses articulaires, pour ostéosynthèse, pour ligamentoplastie, de ciment orthopédique et prêt des ancillaires associés  - Lot 24: Ostéosynthèse : Fracture per trochantérienne",RESEAU DES ACHETEURS HOSPITALIERS,JOHNSON & JOHNSON MEDICAL SAS,24000000.0,,2024-07-29
"Fourniture d’implants d’orthopédie, pour prothèses articulaires, pour ostéosynthèse, pour ligamentoplastie, de ciment orthopédique et prêt des ancillaires associés  - Lot 22: Ostéosynthèse : Plaque et vis petit fragment",RESEAU DES ACHETEURS HOSPITALIERS,JOHNSON & JOHNSON MEDICAL SAS,192000000.0,suspect,2024-07-29
"Fourniture d’implants d’orthopédie, pour prothèses articulaires, pour ostéosynthèse, pour ligamentoplastie, de ciment orthopédique et prêt des ancillaires associés  - Lot 36: Rachis : Cages intersomatiques cervicales et lombaires",RESEAU DES ACHETEURS HOSPITALIERS,STRYKER FRANCE SA,290400000.0,suspect,2024-07-29
"Fourniture d’implants d’orthopédie, pour prothèses articulaires, pour ostéosynthèse, pour ligamentoplastie, de ciment orthopédique et prêt des ancillaires associés  - Lot 1: Epaule : Prothèse Totale Epaule Anatomique convertible et traumatologie",RESEAU DES ACHETEURS HOSPITALIERS,STRYKER FRANCE SA,100800000.0,suspect,2024-07-29
"CIMENT AVEC 2 ANTIBIOTIQUES POUR REPRISE DE PROTHESE ARTICULAIRE SEPTIQUE - GAPSCA - Fourniture de dispositifs médicaux de ciments osseux, substituts osseux et greffons osseux (2024/2027)",CENTRE HOSPITALIER DE COLMAR (CENTRE HOSPITALIER LOUIS PASTEUR),ZIMMER BIOMET FRANCE,3009.5,,2024-07-29
"Fourniture d’implants d’orthopédie, pour prothèses articulaires, pour ostéosynthèse, pour ligamentoplastie, de ciment orthopédique et prêt des ancillaires associés  - Lot 37 : Rachis : Spondyloplastie avec expansion par ballonnet",RESEAU DES ACHETEURS HOSPITALIERS,STRYKER FRANCE SA,272000000.0,suspect,2024-07-29
FOURNITURE D’IMPLANTS D’ORTHOPÉDIE - ORTCONC - RACHIS : SPONDYLOPLASTIE AVEC EXPANSION PAR IMPLANT,CENTRE HOSPITALIER UNIVERSITAIRE REIMS,STRYKER FRANCE SA,1112599.7,,2024-07-26
FOURNITURE D’IMPLANTS D’ORTHOPÉDIE - ORTCONC - FIXATEUR EXTERNE MONOLATÉRAL,CENTRE HOSPITALIER UNIVERSITAIRE REIMS,STRYKER FRANCE SA,77050.0,,2024-07-26
FOURNITURE D’IMPLANTS D’ORTHOPÉDIE - ORTCONC - OSTÉOSYNTHÈSE : PLAQUE ET VIS MINI FRAGMENT,CENTRE HOSPITALIER UNIVERSITAIRE REIMS,STRYKER FRANCE SA,110275.06,,2024-07-26
"Fourniture d’implants d’orthopédie, pour prothèses articulaires, pour ostéosynthèse, pour ligamentoplastie, de ciment orthopédique et prêt des ancillaires associés  - Lot 39: Rachis : Ostéosynthèse dorso-lombaire, voie postérieure",RESEAU DES ACHETEURS HOSPITALIERS,MEDTRONIC FRANCE,832000000.0,suspect,2024-07-26
"FOURNITURE D’IMPLANTS D’ORTHOPEDIE - ORTCONC - RACHIS : OSTEOSYNTHESE DORSO-LOMBAIRE, VOIE POSTERIEURE",CENTRE HOSPITALIER UNIVERSITAIRE REIMS,MEDTRONIC FRANCE,313243.0,,2024-07-26
DIG-TECH. D ECH. RAP/PROTHESE BILIAIRE METAL,CENTRE HOSPITALIER UNIVERSITAIRE DE TOULOUSE (HOTEL DIEU SAINT JACQUES),BOSTON SCIENTIFIC,998801.0,,2024-07-08
Fourniture de DMS pour angioplastie et coronarographie dans le cadre du Groupement Hospitalier de Territoire (GHT) Nord Franche-Comté - CATHETER BALLON POUR DILATATION CORONAIRE AVEC LIBERATION DE PRINCIPE ACTIF,HOPITAL NORD FRANCHE COMTE,BIOTRONIK FRANCE,150000.0,,2024-07-01
 fourniture de Dispositifs Médicaux Stériles (231 lots) aux Pharmacies à Usage Intérieur (PUI) des établissements de santé. - Catheter support franchissement pour recanalisation vasculaire - sterile,CTRE HOSPITALIER INTERCOMMUNAL AGGLOMERATION DE NEVERS,BOSTON SCIENTIFIC,24000.0,,2024-07-01
 fourniture de Dispositifs Médicaux Stériles (231 lots) aux Pharmacies à Usage Intérieur (PUI) des établissements de santé. - Catheter drainage percutane set - sterile,CTRE HOSPITALIER INTERCOMMUNAL AGGLOMERATION DE NEVERS,BOSTON SCIENTIFIC,24000.0,,2024-07-01
Fourniture de DMS pour angioplastie et coronarographie dans le cadre du Groupement Hospitalier de Territoire (GHT) Nord Franche-Comté - CATHETER BALLON POUR DILATATION CORONAIRE : ballon semi compliant très bas profil,HOPITAL NORD FRANCHE COMTE,ABBOTT MEDICAL FRANCE SAS,760000.0,,2024-07-01
Fourniture de DMS pour angioplastie et coronarographie dans le cadre du Groupement Hospitalier de Territoire (GHT) Nord Franche-Comté - CATHETER D’IMAGERIE INTRAVASCULAIRE PAR OCT,HOPITAL NORD FRANCHE COMTE,ABBOTT MEDICAL FRANCE SAS,76000.0,,2024-07-01
Fourniture de DMS pour angioplastie et coronarographie dans le cadre du Groupement Hospitalier de Territoire (GHT) Nord Franche-Comté - CATHETER BALLON POUR DILATATION CORONAIRE : ballon non compliant GROS DIAMETRE,HOPITAL NORD FRANCHE COMTE,ABBOTT MEDICAL FRANCE SAS,24000.0,,2024-07-01
Fourniture de DMS pour angioplastie et coronarographie dans le cadre du Groupement Hospitalier de Territoire (GHT) Nord Franche-Comté - CATHETER BALLON COAXIAUX POUR DILATATION CORONAIRE,HOPITAL NORD FRANCHE COMTE,BOSTON SCIENTIFIC,24960.0,,2024-07-01
Fourniture de DMS pour angioplastie et coronarographie dans le cadre du Groupement Hospitalier de Territoire (GHT) Nord Franche-Comté - MICROCATHETER GUIDE DOUBLE LUMIERE AVEC 3 PORTS DE SORTIE,HOPITAL NORD FRANCHE COMTE,BIOTRONIK FRANCE,40000.0,,2024-07-01
Fourniture de DMS pour angioplastie et coronarographie dans le cadre du Groupement Hospitalier de Territoire (GHT) Nord Franche-Comté - CATHETER GUIDE POUR ANGIOPLASTIE,HOPITAL NORD FRANCHE COMTE,MEDTRONIC FRANCE,1240320.0,,2024-07-01
 fourniture de Dispositifs Médicaux Stériles (231 lots) aux Pharmacies à Usage Intérieur (PUI) des établissements de santé. - Catheter support franchissement pour recanalisation vasculaire - sterile,CTRE HOSPITALIER INTERCOMMUNAL AGGLOMERATION DE NEVERS,BOSTON SCIENTIFIC,24000.0,,2024-07-01
 fourniture de Dispositifs Médicaux Stériles (231 lots) aux Pharmacies à Usage Intérieur (PUI) des établissements de santé. - Catheter drainage percutane set - sterile,CTRE HOSPITALIER INTERCOMMUNAL AGGLOMERATION DE NEVERS,BOSTON SCIENTIFIC,24000.0,,2024-07-01
"FOURNITURE D’ENDOPROTHÈSES CORONAIRES, PROTHÈSES ET ENDOPROTHÈSES VASCULAIRES PÉRIPHÉRIQUES, COILS &amp; PLUGS POUR LE CHM - COILS FIBRES A DETACHEMENT MECANIQUE CONTROLE POUR ABORD CORONAIRE",HOPITAL LE MANS,MEDTRONIC FRANCE,4000.0,,2024-06-24
"FOURNITURE D’ENDOPROTHÈSES CORONAIRES, PROTHÈSES ET ENDOPROTHÈSES VASCULAIRES PÉRIPHÉRIQUES, COILS &amp; PLUGS POUR LE CHM - ENDOPROTHESE METALLIQUE VASCULAIRE PERIPHERIQUE AUTO-EXPANSIBLE NON COUVERTE POUR STENOSE ET ARTERE DE JAMBE",HOPITAL LE MANS,ABBOTT MEDICAL FRANCE SAS,45000.0,,2024-06-24
"FOURNITURE D’ENDOPROTHÈSES CORONAIRES, PROTHÈSES ET ENDOPROTHÈSES VASCULAIRES PÉRIPHÉRIQUES, COILS &amp; PLUGS POUR LE CHM - ENDOPROTHESE METALLIQUE VASCULAIRE PERIPHERIQUE AUTO-EXPANSIBLE NON COUVERTE",HOPITAL LE MANS,ABBOTT MEDICAL FRANCE SAS,389500.0,,2024-06-24
"FOURNITURE D’ENDOPROTHÈSES CORONAIRES, PROTHÈSES ET ENDOPROTHÈSES VASCULAIRES PÉRIPHÉRIQUES, COILS &amp; PLUGS POUR LE CHM - ENDOPROTHESE CORONAIRE A ELUTION DE MEDICAMENT (indications élargies)",HOPITAL LE MANS,ABBOTT MEDICAL FRANCE SAS,920000.0,,2024-06-24
"FOURNITURE D’ENDOPROTHÈSES CORONAIRES, PROTHÈSES ET ENDOPROTHÈSES VASCULAIRES PÉRIPHÉRIQUES, COILS &amp; PLUGS POUR LE CHM - ENDOPROTHESE AORTO-BI-ILIAQUE ET AORTO-UNI-ILIAQUE AVEC ANCRAGE SUPRA-RENAL",HOPITAL LE MANS,MEDTRONIC FRANCE,108000.0,,2024-06-24
"FOURNITURE D’ENDOPROTHÈSES CORONAIRES, PROTHÈSES ET ENDOPROTHÈSES VASCULAIRES PÉRIPHÉRIQUES, COILS &amp; PLUGS POUR LE CHM - ENDOPROTHESE METALLIQUE VASCULAIRE PERIPHERIQUE SUR BALLON NON COUVERTE",HOPITAL LE MANS,ABBOTT MEDICAL FRANCE SAS,93500.0,,2024-06-24
"FOURNITURE D’ENDOPROTHÈSES CORONAIRES, PROTHÈSES ET ENDOPROTHÈSES VASCULAIRES PÉRIPHÉRIQUES, COILS &amp; PLUGS POUR LE CHM - COILS FIBRES A DETACHEMENT MECANIQUE CONTRÔLE",HOPITAL LE MANS,MEDTRONIC FRANCE,67000.0,,2024-06-24
"FOURNITURE D’ENDOPROTHÈSES CORONAIRES, PROTHÈSES ET ENDOPROTHÈSES VASCULAIRES PÉRIPHÉRIQUES, COILS &amp; PLUGS POUR LE CHM - PLUG VASCULAIRE POUR EMBOLISATION ARTERIELLE",HOPITAL LE MANS,ABBOTT MEDICAL FRANCE SAS,18500.0,,2024-06-24
"FOURNITURE D’ENDOPROTHÈSES CORONAIRES, PROTHÈSES ET ENDOPROTHÈSES VASCULAIRES PÉRIPHÉRIQUES, COILS &amp; PLUGS POUR LE CHM - ENDOPROTHESE CORONAIRE A ELUTION DE MEDICAMENT (indications restreintes)",HOPITAL LE MANS,MEDTRONIC FRANCE,1100000.0,,2024-06-24
"FOURNITURE D’ENDOPROTHÈSES CORONAIRES, PROTHÈSES ET ENDOPROTHÈSES VASCULAIRES PÉRIPHÉRIQUES, COILS &amp; PLUGS POUR LE CHM - PROTHESE VASCULAIRE POUR ABORD ARTERIO-VEINEUX POUR HEMODIALYSE",HOPITAL LE MANS,GETINGE FRANCE,13500.0,,2024-06-21
"FOURNITURE D’ENDOPROTHÈSES CORONAIRES, PROTHÈSES ET ENDOPROTHÈSES VASCULAIRES PÉRIPHÉRIQUES, COILS &amp; PLUGS POUR LE CHM - PROTHESE VASCULAIRE, DACRON IMPREGNE, ARGENTIQUE",HOPITAL LE MANS,GETINGE FRANCE,42500.0,,2024-06-21
"FOURNITURE D’ENDOPROTHÈSES CORONAIRES, PROTHÈSES ET ENDOPROTHÈSES VASCULAIRES PÉRIPHÉRIQUES, COILS &amp; PLUGS POUR LE CHM - PROTHESE VASCULAIRE, PTFE EXPANSE ET POLYESTER",HOPITAL LE MANS,GETINGE FRANCE,65500.0,,2024-06-21
"FOURNITURE D’ENDOPROTHÈSES CORONAIRES, PROTHÈSES ET ENDOPROTHÈSES VASCULAIRES PÉRIPHÉRIQUES, COILS &amp; PLUGS POUR LE CHM - CATHETER D’IMAGERIE IVUS",HOPITAL LE MANS,BOSTON SCIENTIFIC,51500.0,,2024-06-21
Fournitures de consommables pour VALVES AORTIQUES TRANSCATHETER NAVITOR,GROUPEMENT COOPERATION SANITAIRE - UNION DES HOPITAUX POUR LES ACHATS,ABBOTT MEDICAL FRANCE SAS,7000.0,,2024-06-21
"FOURNITURE D’ENDOPROTHÈSES CORONAIRES, PROTHÈSES ET ENDOPROTHÈSES VASCULAIRES PÉRIPHÉRIQUES, COILS &amp; PLUGS POUR LE CHM - ENDOPROTHESE METALLIQUE VASCULAIRE PERIPHERIQUE SUR BALLON COUVERTE EN 7F",HOPITAL LE MANS,GETINGE FRANCE,120500.0,,2024-06-21
"Fourniture prothèses orthopédiques, ciments, substituts osseux, accessoires, lames de scie, DM d’arthroplastie et ligamentoplastie",GROUPE HOSPITALIER DE LA REGION DE MULHOUSE ET SUD ALSACE (HOPITAL DU HASENRAIN),MEDTRONIC FRANCE,8315236.0,,2024-06-21
"Fourniture de dispositifs médicaux d’urologie, de gynécologie et digestifs pour les Etablissements de santé de Bretagne - Relance - CATHETER DILATATION A BALLONNET AVEC INFLATEUR",CENTRE HOSPITALIER BRETAGNE ATLANTIQUE (CENTRE HOSPITALIER CHUBERT),BOSTON SCIENTIFIC,308000.0,,2024-06-21
Fournitures de consommables pour VALVES AORTIQUES TRANSCATHETER NAVITOR,CENTRE HOSPITALIER UNIVERSITAIRE ROUEN (HOPITAL CHARLES NICOLLE CHU ROUEN),ABBOTT MEDICAL FRANCE SAS,700000.0,,2024-06-21
"FOURNITURE D’ENDOPROTHÈSES CORONAIRES, PROTHÈSES ET ENDOPROTHÈSES VASCULAIRES PÉRIPHÉRIQUES, COILS &amp; PLUGS POUR LE CHM - ENDOPROTHESE CORONAIRE A ELUTION DE MEDICAMENT (indications restreintes à polymère résorbable)",HOPITAL LE MANS,BOSTON SCIENTIFIC,770000.0,,2024-06-21
"Fourniture de dispositifs médicaux de neuroradiologie, rythmologie, cardiologie interventionnelle et chirurgie cardiaque - M- DEFIBRILLATEUR EXTRA-VASCULAIRE AVEC SONDE SOUS CUTANEE",CENTRE HOSPITALIER REGIONAL UNIVERSITAIRE DE TOURS (CHRU TROUSSEAU CHAMBRAY),BOSTON SCIENTIFIC,1631349.0,,2024-06-18
"Fourniture de dispositifs médicaux de neuroradiologie, rythmologie, cardiologie interventionnelle et chirurgie cardiaque - B- VALVE BIOLOGIQUE + PROTHESE VASCULAIRE",CENTRE HOSPITALIER REGIONAL UNIVERSITAIRE DE TOURS (CHRU TROUSSEAU CHAMBRAY),MEDTRONIC FRANCE,122936.0,,2024-06-18
"Fourniture de dispositifs médicaux de neuroradiologie, rythmologie, cardiologie interventionnelle et chirurgie cardiaque - L- DEFIBRILLATEUR EXTRA-VASCULAIRE AVEC SONDE SOUS STERNALE",CENTRE HOSPITALIER REGIONAL UNIVERSITAIRE DE TOURS (CHRU TROUSSEAU CHAMBRAY),MEDTRONIC FRANCE,320000.0,,2024-06-18
Fourniture de dispositifs médicaux stériles d’urologie pour le GHT GPNE - Prothèse sphinctérienne,GROUPEMENT HOSPITALIER DE TERRITOIRE GRAND PARIS NORD-EST (GROUPEMENT HOSPITALIER DE TERRITOIRE 93 EST),BOSTON SCIENTIFIC,50000.0,,2024-06-11
"Fourniture de dispositifs médicaux relatifs à la spécialité cardio-vasculaire 
(chirurgicale et interventionnelle) -  ASSISTANCE CARDIAQUE IMPLANTABLE HEARTMATE 3",CENTRE HOSPITALIER REGIONAL UNIVERSITAIRE DE TOURS (CHRU TROUSSEAU CHAMBRAY),ABBOTT MEDICAL FRANCE SAS,498000.0,,2024-06-05
XCARD - MICROCATHETER POUR ANGIOPLASTIE,CENTRE HOSPITALIER DE VALENCIENNES,BOSTON SCIENTIFIC,81000.0,,2024-05-27
XCARD - GUIDE EXTENSION DE CATHETER,CENTRE HOSPITALIER DE VALENCIENNES,BOSTON SCIENTIFIC,496800.0,,2024-05-27
Fourniture de Dispositifs médicaux de neuroradiologie interventionnelle - Cathéter de récupération de thrombus par aspiration,CTRE HOSPITALIER UNIVERS PONTCHAILLOU,STRYKER FRANCE SA,275104.8,,2024-05-01
DIG-TECH. D ECH. RAP/PROTHESE PANCREATIQUE POLYMERE,CENTRE HOSPITALIER UNIVERSITAIRE DE TOULOUSE (HOTEL DIEU SAINT JACQUES),BOSTON SCIENTIFIC,126520.2,,2024-04-22
DIG-TECH. D ECH. RAP/PROTHESE BILIAIRE POLYMERE,CENTRE HOSPITALIER UNIVERSITAIRE DE TOULOUSE (HOTEL DIEU SAINT JACQUES),BOSTON SCIENTIFIC,237221.0,,2024-04-22
"Fourniture de dispositifs médicaux stériles non implantables pour les systèmes digestif, urogénital et gynécologique/obstétrique, respiratoire et anesthésie/réanimation et ORL. -Lot 64  Filtre respiratoire stérile, Anesthésie (ventilation courte durée)",RESEAU DES ACHETEURS HOSPITALIERS,MEDTRONIC FRANCE,1708000.0,,2024-04-12
"Fourniture de dispositifs médicaux stériles non implantables pour les systèmes digestif, urogénital et gynécologique/obstétrique, respiratoire et anesthésie/réanimation et ORL. - Lot 11Cathéter Dilatation colique",RESEAU DES ACHETEURS HOSPITALIERS,BOSTON SCIENTIFIC,268000.0,,2024-04-12
"Fourniture de dispositifs médicaux stériles non implantables pour les systèmes digestif, urogénital et gynécologique/obstétrique, respiratoire et anesthésie/réanimation et ORL. - Lot 14 Guide biliaire 0,025 ou 0,035 inch",RESEAU DES ACHETEURS HOSPITALIERS,BOSTON SCIENTIFIC,3079000.0,,2024-04-12
"Fourniture de dispositifs médicaux stériles non implantables pour les systèmes digestif, urogénital et gynécologique/obstétrique, respiratoire et anesthésie/réanimation et ORL. -Lot 17 Cathéter Opacification CPRE droit, 1/2/3 voies",RESEAU DES ACHETEURS HOSPITALIERS,BOSTON SCIENTIFIC,241000.0,,2024-04-12
"Fourniture de dispositifs médicaux stériles non implantables pour les systèmes digestif, urogénital et gynécologique/obstétrique, respiratoire et anesthésie/réanimation et ORL. -Lot 36  Sonde urétérale à ballonnet haute pression dilatation urétérale",RESEAU DES ACHETEURS HOSPITALIERS,BOSTON SCIENTIFIC,101000.0,,2024-04-12
"Fourniture de dispositifs médicaux stériles non implantables pour les systèmes digestif, urogénital et gynécologique/obstétrique, respiratoire et anesthésie/réanimation et ORL. - Lot 53 Sonde intubation endotrachéale ballonnet, Réanimation",RESEAU DES ACHETEURS HOSPITALIERS,MEDTRONIC FRANCE,349000.0,,2024-04-12
"Fourniture de dispositifs médicaux stériles non implantables pour les systèmes digestif, urogénital et gynécologique/obstétrique, respiratoire et anesthésie/réanimation et ORL. - Lot 66 Raccord annelé double rotule 15CM 22M/15F cathéter 'Mount' stérile",RESEAU DES ACHETEURS HOSPITALIERS,MEDTRONIC FRANCE,245000.0,,2024-04-12
Fourniture de Dispositifs médicaux de neuroradiologie interventionnelle - LOT 21 - Micro cathéter embolisation et thrombectomie cérébrale,CTRE HOSPITALIER UNIVERS PONTCHAILLOU,MEDTRONIC FRANCE,324450.0,,2024-04-08
Fourniture de Dispositifs médicaux de neuroradiologie interventionnelle - Cathéter de récupération de thrombus par aspiration,CTRE HOSPITALIER UNIVERS PONTCHAILLOU,MEDTRONIC FRANCE,173232.0,,2024-04-08
Fourniture de Dispositifs médicaux de neuroradiologie interventionnelle - LOT 36 Cathéter de récupération de thrombus à stent ouvert fendu,CTRE HOSPITALIER UNIVERS PONTCHAILLOU,MEDTRONIC FRANCE,1355200.0,,2024-04-08
Fourniture de Dispositifs médicaux de neuroradiologie interventionnelle - LOT 16 Micro cathéter flux dépendant compatible DMSO,CTRE HOSPITALIER UNIVERS PONTCHAILLOU,MEDTRONIC FRANCE,113000.0,,2024-04-08
Fourniture de Dispositifs médicaux de neuroradiologie interventionnelle - LOT 6 Cathéter guide d’accès distal intermédiaire avec support,CTRE HOSPITALIER UNIVERS PONTCHAILLOU,MEDTRONIC FRANCE,137600.0,,2024-04-08
Fourniture de Dispositifs médicaux de neuroradiologie interventionnelle - LOT 19 - Micro cathéter embolisation cérébrale préformé 45°/90° et droit souple.,CTRE HOSPITALIER UNIVERS PONTCHAILLOU,MEDTRONIC FRANCE,279610.0,,2024-04-05
Fourniture de Dispositifs médicaux de neuroradiologie interventionnelle - LOT 17 Micro cathéter embolisation cérébrale,CTRE HOSPITALIER UNIVERS PONTCHAILLOU,STRYKER FRANCE SA,191470.0,,2024-04-05
Fourniture de Dispositifs médicaux de neuroradiologie interventionnelle - LOT 30 Micro cathéter de revascularisation intracrânienne,CTRE HOSPITALIER UNIVERS PONTCHAILLOU,STRYKER FRANCE SA,9937.0,,2024-04-05
Fourniture de Dispositifs médicaux de neuroradiologie interventionnelle - LOT 20 Micro cathéter embolisation cérébrale droit et angulé,CTRE HOSPITALIER UNIVERS PONTCHAILLOU,JOHNSON & JOHNSON MEDICAL SAS,83260.0,,2024-04-05
Fourniture de Dispositifs médicaux de neuroradiologie interventionnelle - Cathéter guide à ballonnet,CTRE HOSPITALIER UNIVERS PONTCHAILLOU,STRYKER FRANCE SA,38400.0,,2024-04-05
"Fourniture de Dispositifs médicaux de neuroradiologie interventionnelle - LOT 22 Micro cathéter à ballonnet simple lumière pour occlusion temporaire soit ""remoding""",CTRE HOSPITALIER UNIVERS PONTCHAILLOU,STRYKER FRANCE SA,113124.0,,2024-04-05
Fourniture de Dispositifs médicaux de neuroradiologie interventionnelle - LOT 5 Cathéter guide d’accès distal intermédiaire à extrémité atraumatique,CTRE HOSPITALIER UNIVERS PONTCHAILLOU,STRYKER FRANCE SA,329400.0,,2024-04-05
Fourniture de Dispositifs médicaux de neuroradiologie interventionnelle - LOT 3 Cathéter guide d’accès distal 6F,CTRE HOSPITALIER UNIVERS PONTCHAILLOU,JOHNSON & JOHNSON MEDICAL SAS,12390.0,,2024-04-04
Prothèse totale de genou de reprise,CENTRE HOSPITALIER DE VALENCIENNES,ZIMMER BIOMET FRANCE,250418.4,,2024-04-04
Fourniture de Dispositifs médicaux de neuroradiologie interventionnelle - LOT 37 Cathéter de récupération de thrombus en paniers souples successifs,CTRE HOSPITALIER UNIVERS PONTCHAILLOU,JOHNSON & JOHNSON MEDICAL SAS,114400.0,,2024-04-04
Fourniture de Dispositifs médicaux de neuroradiologie interventionnelle - LOT 38 Cathéter de récupération de thrombus à stent ouvert radio opaque,CTRE HOSPITALIER UNIVERS PONTCHAILLOU,STRYKER FRANCE SA,712800.0,,2024-04-04
Fourniture de Dispositifs médicaux de neuroradiologie interventionnelle - LOT 28 Endoprothèse intracrânienne à cellules ouvertes,CTRE HOSPITALIER UNIVERS PONTCHAILLOU,STRYKER FRANCE SA,52227.4,,2024-04-03
Fourniture de pompes implantables pour administration d’insuline par voie intrapéritonéale pour renouvellement et accessoires associées,CENTRE HOSPITALIER UNIVERSITAIRE DE LILLE,MEDTRONIC FRANCE,865200.0,,2024-03-29
"Lot 27: Endoprothèse vasculaire périphérique, nitinol non couverte / introducteur 6F",RESEAU DES ACHETEURS HOSPITALIERS,BOSTON SCIENTIFIC,3486000.0,,2024-03-22
MNSC POUR LA FOURNITURE D’IMPLANTS CARDIAQUES,HOSPICES CIVILS DE LYON (SIEGE ADMINISTRATIF),MEDTRONIC FRANCE,1380000.0,,2024-03-22
"Fourniture de Dispositifs médicaux implantables stériles : système digestif, système cardiovasculaire, embolisation, urologie, système nerveux, ophtalmologie, chambres implantables, cathéters veineux centraux, anti-adhérentiels, colles et hémostatiques chirurgicaux - Lot 34: Cathéter ballonnet angioplastie périphérique actif, coaxial, semi-compliant/ guide 0.018-0.014""",RESEAU DES ACHETEURS HOSPITALIERS,BOSTON SCIENTIFIC,990000.0,,2024-03-22
"Lot 21: Endoprothèse coronaire active, polymère résorbable, épaisseur maille > ou = 80 µm",RESEAU DES ACHETEURS HOSPITALIERS,BOSTON SCIENTIFIC,7655000.0,,2024-03-22
"Lot 14: Endoprothèse duodénale et pylorique, expansible, métallique",RESEAU DES ACHETEURS HOSPITALIERS,BOSTON SCIENTIFIC,1331000.0,,2024-03-22
"Lot 16: Endoprothèse biliaire et pancréatique, non métallique, plastique",RESEAU DES ACHETEURS HOSPITALIERS,BOSTON SCIENTIFIC,586000.0,,2024-03-22
"Lot 20: Endoprothèse coronaire active, polymère résorbable, épaisseur maille < ou = 80 µm",RESEAU DES ACHETEURS HOSPITALIERS,BOSTON SCIENTIFIC,20097000.0,,2024-03-22
"Fourniture de Dispositifs médicaux implantables stériles : système digestif, système cardiovasculaire, embolisation, urologie, système nerveux, ophtalmologie, chambres implantables, cathéters veineux centraux, anti-adhérentiels, colles et hémostatiques chirurgicaux - Lot 36:Coil embolisation vasculaire périphérique à détachement mécanique",RESEAU DES ACHETEURS HOSPITALIERS,BOSTON SCIENTIFIC,0.0,,2024-03-22
"Lot 26: Endoprothèse vasculaire périphérique, nitinol, non couverte / introducteur 5F",RESEAU DES ACHETEURS HOSPITALIERS,MEDTRONIC FRANCE,858000.0,,2024-03-21
"Fourniture de Dispositifs médicaux implantables stériles : système digestif, système cardiovasculaire, embolisation, urologie, système nerveux, ophtalmologie, chambres implantables, cathéters veineux centraux, anti-adhérentiels, colles et hémostatiques chirurgicaux - Lot 58: Coil Embolisation cérébrale, détachement mécanique",RESEAU DES ACHETEURS HOSPITALIERS,MEDTRONIC FRANCE,429000.0,,2024-03-21
"Fourniture de Dispositifs médicaux implantables stériles : système digestif, système cardiovasculaire, embolisation, urologie, système nerveux, ophtalmologie, chambres implantables, cathéters veineux centraux, anti-adhérentiels, colles et hémostatiques chirurgicaux - Lot 55: Implant embolisation liquide Neuroradiologique",RESEAU DES ACHETEURS HOSPITALIERS,MEDTRONIC FRANCE,2729000.0,,2024-03-21
"Fourniture de Dispositifs médicaux implantables stériles : système digestif, système cardiovasculaire, embolisation, urologie, système nerveux, ophtalmologie, chambres implantables, cathéters veineux centraux, anti-adhérentiels, colles et hémostatiques chirurgicaux - Lot 39 -Guide mesure Fraction Flux de Réserve coronarien FFR",RESEAU DES ACHETEURS HOSPITALIERS,ABBOTT MEDICAL FRANCE SAS,17558000.0,,2024-03-21
"Lot 19: Endoprothèse coronaire active, polymère non résorbable",RESEAU DES ACHETEURS HOSPITALIERS,ABBOTT MEDICAL FRANCE SAS,25968000.0,,2024-03-21
"Lot 25: Endoprothèse vasculaire périphérique, chrome-cobalt, non couverte / guide 0.035""",RESEAU DES ACHETEURS HOSPITALIERS,ABBOTT MEDICAL FRANCE SAS,1665000.0,,2024-03-20
"Fourniture de Dispositifs médicaux implantables stériles : système digestif, système cardiovasculaire, embolisation, urologie, système nerveux, ophtalmologie, chambres implantables, cathéters veineux centraux, anti-adhérentiels, colles et hémostatiques chirurgicaux - Lot 56: Coil Embolisation cérébrale, détachement électrolytique",RESEAU DES ACHETEURS HOSPITALIERS,STRYKER FRANCE SA,13782000.0,,2024-03-20
"Fourniture de Dispositifs médicaux implantables stériles : système digestif, système cardiovasculaire, embolisation, urologie, système nerveux, ophtalmologie, chambres implantables, cathéters veineux centraux, anti-adhérentiels, colles et hémostatiques chirurgicaux - Lot 62: Plancher orbitaire synthétique résorbable ou non",RESEAU DES ACHETEURS HOSPITALIERS,JOHNSON & JOHNSON MEDICAL SAS,311000.0,,2024-03-20
"Lot 28: Endoprothèse vasculaire périphérique, nitinol, non couverte / guide 0.018""",RESEAU DES ACHETEURS HOSPITALIERS,BIOTRONIK FRANCE,560000.0,,2024-03-20
Fourniture de défibrillateur automatique implantable : Aurora EV-ICD et accessoires,CENTRE HOSPITALIER UNIVERSITAIRE DE LILLE,MEDTRONIC FRANCE,1536000.0,,2024-03-13
MARCHE NEGOCIE POUR LA FOURNITURE D’IMPLANTS CARDIAQUES,HOSPICES CIVILS DE LYON (SIEGE ADMINISTRATIF),ABBOTT MEDICAL FRANCE SAS,1150000.0,,2024-03-07
"FOURNITURE DE DISPOSITIFS MEDICAUX ET DISPOSITIFS MEDICAUX IMPLANTABLES DU
DOMAINE NEURO RADIOLOGIE INTERVENTIONNELLE
",HOSPICES CIVILS DE LYON (SIEGE ADMINISTRATIF),STRYKER FRANCE SA,6266100.0,,2024-03-06
Lot 27 - ENDOPROTHESE BILIAIRE AUTOEXPANSIBLE COUVERTE POSE ENDOSCOPIQUE - GAPSCA - Fourniture de dispositifs médicaux d’endoscopie digestive et bronchique 2024/2027,CENTRE HOSPITALIER DE COLMAR (CENTRE HOSPITALIER LOUIS PASTEUR),BOSTON SCIENTIFIC,59927.76,,2024-01-22
FOURNITURE DE DISPOSITIFS MEDICAUX SPECIFIQUES A LA NEUROCHIRURGIE ET AUX IMPLANTS RACHIDIENS AO-2023-054,CENTRE HOSPITALIER UNIVERSITAIRE DE LILLE,MEDTRONIC FRANCE,260953.44,,2023-12-22
FOURNITURE DE DISPOSITIFS MEDICAUX SPECIFIQUES A LA NEUROCHIRURGIE ET AUX IMPLANTS RACHIDIENS AO-2023-054,CENTRE HOSPITALIER UNIVERSITAIRE DE LILLE,STRYKER FRANCE SA,261611.52,,2023-12-22
"FOURNITURE DE DEFIBRILLATEURS/STIMULATEURS ET DE DISPOSITIFS MÉDICAUX STERILES ET/OU IMPLANTABLES DE RYTHMOLOGIE DE LA SOCIETE BOSTON SCIENTIFIC ET DE SES PRESTATIONS DE SERVICES ASSOCIES, accord-cadre sans minimum en valeur ou en quantité et avec un maximum en € HT indiqué dans l’annexe DCE_CCPanx3_Produits et montant max_BOSTON, en application des articles R. 2162-2, R. 2162-4, R. 2162-5 et R. 2162-6 du code de la commande publique. Il est exécuté au fur et à mesure de l’émission de bons de commande dans les conditions fixées aux articles R. 2162-13 et R. 2162-14 du code et est exécutoire à compter de la date de sa notification jusqu’au 31/07/2024. Il sera tacitement reconductible 3 fois pour une nouvelle période d’un an, soit du 01/08/2024 au 31/07/2025, du 01/08/2025 au 31/07/2026 et du 01/08/2026 au 31/07/2027.",CENTRE HOSPITALIER REGIONAL UNIVERSITAIRE DE NANCY,MEDTRONIC FRANCE,7730000.0,,2023-12-20
"FOURNITURE DE DEFIBRILLATEURS/STIMULATEURS ET DE DISPOSITIFS MÉDICAUX STERILES ET/OU IMPLANTABLES DE RYTHMOLOGIE DE LA SOCIETE BIOTRONIK ET DE SES PRESTATIONS DE SERVICES ASSOCIES, accord-cadre sans minimum en valeur ou en quantité et avec un maximum en € HT indiqué dans l’annexe DCE_CCPanx3_Produits et montant max_BIOTRONIK, en application des articles R. 2162-2, R. 2162-4, R. 2162-5 et R. 2162-6 du code de la commande publique. Il est exécuté au fur et à mesure de l’émission de bons de commande dans les conditions fixées aux articles R. 2162-13 et R. 2162-14 du code et est exécutoire à compter de la date de sa notification jusqu’au 31/07/2024. Il sera tacitement reconductible 3 fois pour une nouvelle période d’un an, soit du 01/08/2024 au 31/07/2025, du 01/08/2025 au 31/07/2026 et du 01/08/2026 au 31/07/2027.",CENTRE HOSPITALIER REGIONAL UNIVERSITAIRE DE NANCY,BIOTRONIK FRANCE,4970000.0,,2023-12-15
"FOURNITURE DE DEFIBRILLATEURS/STIMULATEURS ET DE DISPOSITIFS MÉDICAUX STERILES ET/OU IMPLANTABLES DE RYTHMOLOGIE DE LA SOCIETE BOSTON SCIENTIFIC ET DE SES PRESTATIONS DE SERVICES ASSOCIES, accord-cadre sans minimum en valeur ou en quantité et avec un maximum en € HT indiqué dans l’annexe DCE_CCPanx3_Produits et montant max_BOSTON, en application des articles R. 2162-2, R. 2162-4, R. 2162-5 et R. 2162-6 du code de la commande publique. Il est exécuté au fur et à mesure de l’émission de bons de commande dans les conditions fixées aux articles R. 2162-13 et R. 2162-14 du code et est exécutoire à compter de la date de sa notification jusqu’au 31/07/2024. Il sera tacitement reconductible 3 fois pour une nouvelle période d’un an, soit du 01/08/2024 au 31/07/2025, du 01/08/2025 au 31/07/2026 et du 01/08/2026 au 31/07/2027.",CENTRE HOSPITALIER REGIONAL UNIVERSITAIRE DE NANCY,BOSTON SCIENTIFIC,6910000.0,,2023-12-15
"Fourniture de dispositifs médicaux d’assistance cardiaque, circulation
extracorporelle, chirurgie vasculaire, radiologie, neuroradiologie, cardiologie
interventionnelle, électrophysiologie
et mise à disposition des équipements associés - L- CATHETER DIAGN",CENTRE HOSPITALIER REGIONAL UNIVERSITAIRE DE TOURS (CHRU TROUSSEAU CHAMBRAY),BOSTON SCIENTIFIC,1945304.4,,2023-12-01
"Fourniture de dispositifs médicaux d’assistance cardiaque, circulation
extracorporelle, chirurgie vasculaire, radiologie, neuroradiologie, cardiologie
interventionnelle, électrophysiologie
et mise à disposition des équipements associés - L- CATHETER DIAGN",CENTRE HOSPITALIER REGIONAL UNIVERSITAIRE DE TOURS (CHRU TROUSSEAU CHAMBRAY),ABBOTT MEDICAL FRANCE SAS,1655190.0,,2023-12-01
"Fourniture de dispositifs médicaux d’assistance cardiaque, circulation
extracorporelle, chirurgie vasculaire, radiologie, neuroradiologie, cardiologie
interventionnelle, électrophysiologie
et mise à disposition des équipements associés - R- CATHETER DE CR",CENTRE HOSPITALIER REGIONAL UNIVERSITAIRE DE TOURS (CHRU TROUSSEAU CHAMBRAY),MEDTRONIC FRANCE,1313645.0,,2023-12-01
"Fourniture de dispositifs médicaux d’assistance cardiaque, circulation
extracorporelle, chirurgie vasculaire, radiologie, neuroradiologie, cardiologie
interventionnelle, électrophysiologie
et mise à disposition des équipements associés - Q- CATHETER DE CR",CENTRE HOSPITALIER REGIONAL UNIVERSITAIRE DE TOURS (CHRU TROUSSEAU CHAMBRAY),MEDTRONIC FRANCE,1313645.0,,2023-12-01
"Fourniture de dispositifs médicaux d’assistance cardiaque, circulation
extracorporelle, chirurgie vasculaire, radiologie, neuroradiologie, cardiologie
interventionnelle, électrophysiologie
et mise à disposition des équipements associés - R- CATHETER DE CR",CENTRE HOSPITALIER REGIONAL UNIVERSITAIRE DE TOURS (CHRU TROUSSEAU CHAMBRAY),BOSTON SCIENTIFIC,1945304.4,,2023-12-01
"Fourniture de dispositifs médicaux d’assistance cardiaque, circulation
extracorporelle, chirurgie vasculaire, radiologie, neuroradiologie, cardiologie
interventionnelle, électrophysiologie
et mise à disposition des équipements associés - D- ENDOPROTHESE V",CENTRE HOSPITALIER REGIONAL UNIVERSITAIRE DE TOURS (CHRU TROUSSEAU CHAMBRAY),BOSTON SCIENTIFIC,1945304.4,,2023-12-01
"Fourniture de dispositifs médicaux d’assistance cardiaque, circulation
extracorporelle, chirurgie vasculaire, radiologie, neuroradiologie, cardiologie
interventionnelle, électrophysiologie
et mise à disposition des équipements associés - M- CATHETER DIAGN",CENTRE HOSPITALIER REGIONAL UNIVERSITAIRE DE TOURS (CHRU TROUSSEAU CHAMBRAY),ABBOTT MEDICAL FRANCE SAS,1655190.0,,2023-12-01
"Fourniture de dispositifs médicaux d’assistance cardiaque, circulation
extracorporelle, chirurgie vasculaire, radiologie, neuroradiologie, cardiologie
interventionnelle, électrophysiologie
et mise à disposition des équipements associés - M- CATHETER DIAGN",CENTRE HOSPITALIER REGIONAL UNIVERSITAIRE DE TOURS (CHRU TROUSSEAU CHAMBRAY),BOSTON SCIENTIFIC,1945304.4,,2023-12-01
"Fourniture de dispositifs médicaux d’assistance cardiaque, circulation
extracorporelle, chirurgie vasculaire, radiologie, neuroradiologie, cardiologie
interventionnelle, électrophysiologie
et mise à disposition des équipements associés - N- CATHETER D’ABL",CENTRE HOSPITALIER REGIONAL UNIVERSITAIRE DE TOURS (CHRU TROUSSEAU CHAMBRAY),BOSTON SCIENTIFIC,1945304.4,,2023-12-01
"Fourniture de dispositifs médicaux d’assistance cardiaque, circulation
extracorporelle, chirurgie vasculaire, radiologie, neuroradiologie, cardiologie
interventionnelle, électrophysiologie
et mise à disposition des équipements associés - O- CATHETER PR PR",CENTRE HOSPITALIER REGIONAL UNIVERSITAIRE DE TOURS (CHRU TROUSSEAU CHAMBRAY),JOHNSON & JOHNSON MEDICAL SAS,1452500.0,,2023-12-01
"Fourniture de dispositifs médicaux d’assistance cardiaque, circulation
extracorporelle, chirurgie vasculaire, radiologie, neuroradiologie, cardiologie
interventionnelle, électrophysiologie
et mise à disposition des équipements associés - N- CATHETER D’ABL",CENTRE HOSPITALIER REGIONAL UNIVERSITAIRE DE TOURS (CHRU TROUSSEAU CHAMBRAY),ABBOTT MEDICAL FRANCE SAS,1655190.0,,2023-12-01
"Fourniture de dispositifs médicaux d’assistance cardiaque, circulation
extracorporelle, chirurgie vasculaire, radiologie, neuroradiologie, cardiologie
interventionnelle, électrophysiologie
et mise à disposition des équipements associés - M- CATHETER DIAGN",CENTRE HOSPITALIER REGIONAL UNIVERSITAIRE DE TOURS (CHRU TROUSSEAU CHAMBRAY),JOHNSON & JOHNSON MEDICAL SAS,1452500.0,,2023-12-01
"Fourniture de dispositifs médicaux d’assistance cardiaque, circulation
extracorporelle, chirurgie vasculaire, radiologie, neuroradiologie, cardiologie
interventionnelle, électrophysiologie
et mise à disposition des équipements associés - O- CATHETER PR PR",CENTRE HOSPITALIER REGIONAL UNIVERSITAIRE DE TOURS (CHRU TROUSSEAU CHAMBRAY),BOSTON SCIENTIFIC,1945304.4,,2023-12-01
"Fourniture de dispositifs médicaux d’assistance cardiaque, circulation
extracorporelle, chirurgie vasculaire, radiologie, neuroradiologie, cardiologie
interventionnelle, électrophysiologie
et mise à disposition des équipements associés - O- CATHETER PR PR",CENTRE HOSPITALIER REGIONAL UNIVERSITAIRE DE TOURS (CHRU TROUSSEAU CHAMBRAY),ABBOTT MEDICAL FRANCE SAS,1655190.0,,2023-12-01
"Fourniture de dispositifs médicaux d’assistance cardiaque, circulation
extracorporelle, chirurgie vasculaire, radiologie, neuroradiologie, cardiologie
interventionnelle, électrophysiologie
et mise à disposition des équipements associés - N- CATHETER D’ABL",CENTRE HOSPITALIER REGIONAL UNIVERSITAIRE DE TOURS (CHRU TROUSSEAU CHAMBRAY),MEDTRONIC FRANCE,1313645.0,,2023-12-01
"FOURNITURE DE DISPOSITIFS MEDICAUX STERILES DE CORONAROGRAPHIE, D’ANGIOPLASTIE ET DE RYTHMOLOGIE - Electrophysiologie : cathéter pour console d’échographie ViewMate",GROUPE HOSPITALIER SAINTES-SAINT-JEAN-D'ANGELY,ABBOTT MEDICAL FRANCE SAS,18200.0,,2023-11-29
"FOURNITURE DE DISPOSITIFS MEDICAUX STERILES DE CORONAROGRAPHIE, D’ANGIOPLASTIE ET DE RYTHMOLOGIE - Cathéter pour imagerie endovasculaire par infra rouge avec mise à disposition de l’équipement",GROUPE HOSPITALIER SAINTES-SAINT-JEAN-D'ANGELY,ABBOTT MEDICAL FRANCE SAS,208000.0,,2023-11-29
"FOURNITURE DE DISPOSITIFS MEDICAUX STERILES DE CORONAROGRAPHIE, D’ANGIOPLASTIE ET DE RYTHMOLOGIE - Cathéter de dilatation à ballonnet",GROUPE HOSPITALIER SAINTES-SAINT-JEAN-D'ANGELY,ABBOTT MEDICAL FRANCE SAS,166639.2,,2023-11-29
Lot 25 : Cathéter d’angioplastie coronaire à ballonnet haute pression non compliant - GAPSCA - PAN Fourniture de dispositifs médicaux de cardiologie interventionnelle et de rythmologie 2023/2026 - Lot 25 / Phase offre,CENTRE HOSPITALIER DE COLMAR (CENTRE HOSPITALIER LOUIS PASTEUR),BOSTON SCIENTIFIC,70200.0,,2023-11-14
"FOURNITURE DE DISPOSITIFS MEDICAUX STERILES DE CORONAROGRAPHIE, D’ANGIOPLASTIE ET DE RYTHMOLOGIE - ENDOPROTHESE CORONAIRE ACTIVE (à élution de limus type Everolimus)",GROUPE HOSPITALIER SAINTES-SAINT-JEAN-D'ANGELY,BOSTON SCIENTIFIC,4026880.0,,2023-11-13
"FOURNITURE DE DISPOSITIFS MEDICAUX STERILES DE CORONAROGRAPHIE, D’ANGIOPLASTIE ET DE RYTHMOLOGIE - Cathéter de dilatation à ballonnet",GROUPE HOSPITALIER SAINTES-SAINT-JEAN-D'ANGELY,BOSTON SCIENTIFIC,666556.8,,2023-11-13
"FOURNITURE DE DISPOSITIFS MEDICAUX STERILES DE CORONAROGRAPHIE, D’ANGIOPLASTIE ET DE RYTHMOLOGIE - Cathéter d’extension de guide",GROUPE HOSPITALIER SAINTES-SAINT-JEAN-D'ANGELY,BOSTON SCIENTIFIC,284440.0,,2023-11-13
"2024DM4-1 - Fourniture de ligatures, sutures, dispositifs médicaux de coelio chirurgie, plaques de renforts de paroi, dispositifs anti adhérentiels et implants mammaires",GROUPEMENT DE COOPERATION SANITAIRE ACHATS DU CENTRE,JOHNSON & JOHNSON MEDICAL SAS,2241.58,,2023-11-08
"2024DM4-1 - Fourniture de ligatures, sutures, dispositifs médicaux de coelio chirurgie, plaques de renforts de paroi, dispositifs anti adhérentiels et implants mammaires",GROUPEMENT DE COOPERATION SANITAIRE ACHATS DU CENTRE,JOHNSON & JOHNSON MEDICAL SAS,2241.58,,2023-11-08
"FOURNITURE DE DISPOSITIFS MEDICAUX STERILES DE CORONAROGRAPHIE, D’ANGIOPLASTIE ET DE RYTHMOLOGIE - Extension de cathéter guide monorail à échange rapide 7Fr",GROUPE HOSPITALIER SAINTES-SAINT-JEAN-D'ANGELY,MEDTRONIC FRANCE,62400.0,,2023-11-07
"FOURNITURE DE DISPOSITIFS MEDICAUX STERILES DE CORONAROGRAPHIE, D’ANGIOPLASTIE ET DE RYTHMOLOGIE - ENDOPROTHESE CORONAIRE COUVERTE",GROUPE HOSPITALIER SAINTES-SAINT-JEAN-D'ANGELY,BIOTRONIK FRANCE,36972.0,,2023-11-07
"FOURNITURE DE DISPOSITIFS MEDICAUX STERILES DE CORONAROGRAPHIE, D’ANGIOPLASTIE ET DE RYTHMOLOGIE - Microcathéter à double lumière",GROUPE HOSPITALIER SAINTES-SAINT-JEAN-D'ANGELY,BIOTRONIK FRANCE,23400.0,,2023-11-07
"FOURNITURE DE DISPOSITIFS MEDICAUX STERILES DE CORONAROGRAPHIE, D’ANGIOPLASTIE ET DE RYTHMOLOGIE - ENDOPROTHESE CORONAIRE ACTIVE (à élution de limus autre que type Everolimus)",GROUPE HOSPITALIER SAINTES-SAINT-JEAN-D'ANGELY,MEDTRONIC FRANCE,1761760.0,,2023-11-07
PROTHESE TOTALE DE GENOU SYMETRIQUE DE REPRISE - GAPSCA - Fourniture de dispositifs médicaux pour orthopédie et traumatologie (2023/2027),CENTRE HOSPITALIER DE COLMAR (CENTRE HOSPITALIER LOUIS PASTEUR),ZIMMER BIOMET FRANCE,164798.0,,2023-10-31
PROTHESE METATARSO-PHALANGIENNE - GAPSCA - Fourniture de dispositifs médicaux pour orthopédie et traumatologie (2023/2027),CENTRE HOSPITALIER DE COLMAR (CENTRE HOSPITALIER LOUIS PASTEUR),STRYKER FRANCE SA,1373.0,,2023-10-31
CISEAUX A OS FLEXIBLES POUR REPRISE DE PROTHESE DE HANCHE - GAPSCA - Fourniture de dispositifs médicaux pour orthopédie et traumatologie (2023/2027),CENTRE HOSPITALIER DE COLMAR (CENTRE HOSPITALIER LOUIS PASTEUR),ZIMMER BIOMET FRANCE,2194.0,,2023-10-31
PROTHESE TOTALE DE CHEVILLE - GAPSCA - Fourniture de dispositifs médicaux pour orthopédie et traumatologie (2023/2027),CENTRE HOSPITALIER DE COLMAR (CENTRE HOSPITALIER LOUIS PASTEUR),STRYKER FRANCE SA,8199.0,,2023-10-31
TIGE FEMORALE POUR PROTHESE INTERMEDIAIRE POUR TRAUMATOLOGIE DE LA HANCHE - GAPSCA - Fourniture de dispositifs médicaux pour orthopédie et traumatologie (2023/2027),CENTRE HOSPITALIER DE COLMAR (CENTRE HOSPITALIER LOUIS PASTEUR),ZIMMER BIOMET FRANCE,109353.0,,2023-10-31
PROTHESE FEMORO PATELLAIRE - GAPSCA - Fourniture de dispositifs médicaux pour orthopédie et traumatologie (2023/2027),CENTRE HOSPITALIER DE COLMAR (CENTRE HOSPITALIER LOUIS PASTEUR),ZIMMER BIOMET FRANCE,4988.0,,2023-10-31
PROTHESE DE GENOU UNICOMPARTIMENTALE AVEC ASSISTANCE ROBOTISEE - GAPSCA - Fourniture de dispositifs médicaux pour orthopédie et traumatologie (2023/2027),CENTRE HOSPITALIER DE COLMAR (CENTRE HOSPITALIER LOUIS PASTEUR),ZIMMER BIOMET FRANCE,77255.0,,2023-10-31
PROTHESE TOTALE DE GENOU A GLISSEMENT ASYMETRIQUE - GAPSCA - Fourniture de dispositifs médicaux pour orthopédie et traumatologie (2023/2027),CENTRE HOSPITALIER DE COLMAR (CENTRE HOSPITALIER LOUIS PASTEUR),ZIMMER BIOMET FRANCE,424796.0,,2023-10-31
PROTHESE TOTALE DE GENOU CIMENTEE POUR PATIENT ALLERGIQUE AU NICKEL - GAPSCA - Fourniture de dispositifs médicaux pour orthopédie et traumatologie (2023/2027),CENTRE HOSPITALIER DE COLMAR (CENTRE HOSPITALIER LOUIS PASTEUR),ZIMMER BIOMET FRANCE,116211.0,,2023-10-31
PROTHESE DE TETE RADIALE BIPOLAIRE (CUPULE RADIALE FLOTTANTE) - GAPSCA - Fourniture de dispositifs médicaux pour orthopédie et traumatologie (2023/2027),CENTRE HOSPITALIER DE COLMAR (CENTRE HOSPITALIER LOUIS PASTEUR),STRYKER FRANCE SA,16816.0,,2023-10-31
SYSTEME DE LAVAGE PULSE POUR IRRIGATION ET NETTOYAGE DU SITE D’IMPLANTATION DE PTH OU PTG - GAPSCA - Fourniture de dispositifs médicaux pour orthopédie et traumatologie (2023/2027),CENTRE HOSPITALIER DE COLMAR (CENTRE HOSPITALIER LOUIS PASTEUR),ZIMMER BIOMET FRANCE,20707.0,,2023-10-31
PROTHESE TOTALE DE COUDE - GAPSCA - Fourniture de dispositifs médicaux pour orthopédie et traumatologie (2023/2027),CENTRE HOSPITALIER DE COLMAR (CENTRE HOSPITALIER LOUIS PASTEUR),ZIMMER BIOMET FRANCE,1641.0,,2023-10-31
"CATHETER A BALLONNET 0,014 POUR ANGIOPLASTIE CAROTIDIENNE - Fourniture de dispositifs médicaux pour neuroradiologie interventionnelle (2023/2026)",CENTRE HOSPITALIER DE COLMAR (CENTRE HOSPITALIER LOUIS PASTEUR),ABBOTT MEDICAL FRANCE SAS,390.0,,2023-10-28
CATHETER D’ASPIRATION CEREBRALE POUR ARTERES TORTUEUSES - Fourniture de dispositifs médicaux pour neuroradiologie interventionnelle (2023/2026),CENTRE HOSPITALIER DE COLMAR (CENTRE HOSPITALIER LOUIS PASTEUR),STRYKER FRANCE SA,88200.0,,2023-10-23
STENT AUTOEXPANSIBLE POUR ANGIOPLASTIE CAROTIDIENNE EN URGENCE - Fourniture de dispositifs médicaux pour neuroradiologie interventionnelle (2023/2026),CENTRE HOSPITALIER DE COLMAR (CENTRE HOSPITALIER LOUIS PASTEUR),BOSTON SCIENTIFIC,2278.0,,2023-10-23
SYSTEME DE THROMBECTOMIE CEREBRALE A PANIER TYPE STENT POUR ARTERE CEREBRALE TORTUEUSE - Fourniture de dispositifs médicaux pour neuroradiologie interventionnelle (2023/2026),CENTRE HOSPITALIER DE COLMAR (CENTRE HOSPITALIER LOUIS PASTEUR),STRYKER FRANCE SA,22880.0,,2023-10-23
SYSTEME DE THROMBECTOMIE CEREBRALE A PANIER TYPE STENT - Fourniture de dispositifs médicaux pour neuroradiologie interventionnelle (2023/2026),CENTRE HOSPITALIER DE COLMAR (CENTRE HOSPITALIER LOUIS PASTEUR),JOHNSON & JOHNSON MEDICAL SAS,28160.0,,2023-10-23
STENT AUTOEXPANSIBLE A MAILLES OUVERTES POUR LE TRAITEMENT D’ANEVRISME CEREBRAL DE BIFURCATION - Fourniture de dispositifs médicaux pour neuroradiologie interventionnelle (2023/2026),CENTRE HOSPITALIER DE COLMAR (CENTRE HOSPITALIER LOUIS PASTEUR),STRYKER FRANCE SA,41782.0,,2023-10-23
STENT AUTOEXPANSIBLE DE REDIRECTION DU FLUX SANGUIN INTRACRANIEN POUR SYPHON CAROTIDIEN TORTUEUX - Fourniture de dispositifs médicaux pour neuroradiologie interventionnelle (2023/2026),CENTRE HOSPITALIER DE COLMAR (CENTRE HOSPITALIER LOUIS PASTEUR),STRYKER FRANCE SA,25433.0,,2023-10-23
MICROCATHETER INTRACRANIEN ARME HYDROPHILE POUR COILS ET STENT - Fourniture de dispositifs médicaux pour neuroradiologie interventionnelle (2023/2026),CENTRE HOSPITALIER DE COLMAR (CENTRE HOSPITALIER LOUIS PASTEUR),JOHNSON & JOHNSON MEDICAL SAS,11660.0,,2023-10-23
MICROCATHETER INTRACRANIEN ARME POUR EMBOLISATION - Fourniture de dispositifs médicaux pour neuroradiologie interventionnelle (2023/2026),CENTRE HOSPITALIER DE COLMAR (CENTRE HOSPITALIER LOUIS PASTEUR),MEDTRONIC FRANCE,12750.0,,2023-10-23
CATHETER GUIDE ARME POUR NEURORADIOLOGIE - Fourniture de dispositifs médicaux pour neuroradiologie interventionnelle (2023/2026),CENTRE HOSPITALIER DE COLMAR (CENTRE HOSPITALIER LOUIS PASTEUR),JOHNSON & JOHNSON MEDICAL SAS,21000.0,,2023-10-23
"FOURNITURE DE DISPOSITIFS MEDICAUX NON IMPLANTABLES STERILES (Digestif, Urologie/Gynécologie, Chirurgie, Respiratoire, ORL, Stomatologie, Dialyse, Cardiovasculaire, Perfusion, Biopsie et Consommables d’équipement) Lot 130 - DM non implantables ORL MEDTRONIC ou équivalent ",RESEAU DES ACHETEURS HOSPITALIERS,MEDTRONIC FRANCE,35520000.0,,2023-10-20
"FOURNITURE DE DISPOSITIFS MEDICAUX NON IMPLANTABLES STERILES (Digestif, Urologie/Gynécologie, Chirurgie, Respiratoire, ORL, Stomatologie, Dialyse Lot 106 - DM non implantables Système Respiratoire, Anesthésie-Réa MEDTRONIC ou équivalent",RESEAU DES ACHETEURS HOSPITALIERS,MEDTRONIC FRANCE,246400000.0,suspect,2023-10-20
" FOURNITURE DE DISPOSITIFS MEDICAUX NON IMPLANTABLES STERILES
(Digestif, Urologie/Gynécologie, Chirurgie, Respiratoire, ORL, Stomatologie, Dialyse, Cardiovasculaire, Perfusion, Biopsie et Consommables d’équipement) Lots 1 à 100 - DM non implantables Système Digestif et métabolique ABBOTT-DIABETES ou équivalent",RESEAU DES ACHETEURS HOSPITALIERS,ABBOTT FRANCE,9600000.0,,2023-10-20
" FOURNITURE DE DISPOSITIFS MEDICAUX NON IMPLANTABLES STERILES
(Digestif, Urologie/Gynécologie, Chirurgie, Respiratoire, ORL, Stomatologie, Dialyse, Cardiovasculaire, Perfusion, Biopsie et Consommables d’équipement) Lot 7 - DM non implantables Système Digestif et métabolique BOSTON SCIENTIFIC ou équivalent",RESEAU DES ACHETEURS HOSPITALIERS,BOSTON SCIENTIFIC,92800000.0,suspect,2023-10-20
" FOURNITURE DE DISPOSITIFS MEDICAUX NON IMPLANTABLES STERILES
(Digestif, Urologie/Gynécologie, Chirurgie, Respiratoire, ORL, Stomatologie, Dialyse, Cardiovasculaire, Perfusion, Biopsie et Consommables d’équipement) Lot 33 DM non implantables Système Digestif et métabolique MEDTRONIC ou équivalent",RESEAU DES ACHETEURS HOSPITALIERS,MEDTRONIC FRANCE,73600000.0,suspect,2023-10-20
" FOURNITURE DE DISPOSITIFS MEDICAUX NON IMPLANTABLES STERILES
(Digestif, Urologie/Gynécologie, Chirurgie, Respiratoire, ORL, Stomatologie, Dialyse, Cardiovasculaire, Perfusion, Biopsie et Consommables d’équipement) Lot 46- DM non implantables Système Cardiovasculaire JOHNSON &amp; JOHNSON ou équivalent",RESEAU DES ACHETEURS HOSPITALIERS,JOHNSON & JOHNSON MEDICAL SAS,285833.3333333333,aberrant,2023-10-20
" FOURNITURE DE DISPOSITIFS MEDICAUX NON IMPLANTABLES STERILES
(Digestif, Urologie/Gynécologie, Chirurgie, Respiratoire, ORL, Stomatologie, Dialyse, Cardiovasculaire, Perfusion, Biopsie et Consommables d’équipement) Lot 58 - DM non implantables Système Uro-Gynéco BOSTON SCIENTIFIC ou équivalent",RESEAU DES ACHETEURS HOSPITALIERS,BOSTON SCIENTIFIC,91872000.0,suspect,2023-10-20
Fourniture de stimulateurs cardiaques internes – sondes pour stimulateur et moniteurs ECG implantables pour le Centre Hospitalier de Mâcon.  - Stimulateur cardiaque double chambre,CENTRE HOSPITALIER LES CHANAUX,BIOTRONIK FRANCE,263677.0,,2023-10-19
Fourniture de stimulateurs cardiaques internes – sondes pour stimulateur et moniteurs ECG implantables pour le Centre Hospitalier de Mâcon.  - Stimulateur cardiaque simple chambre,CENTRE HOSPITALIER LES CHANAUX,ABBOTT MEDICAL FRANCE SAS,107026.0,,2023-10-19
Fourniture de stimulateurs cardiaques internes – sondes pour stimulateur et moniteurs ECG implantables pour le Centre Hospitalier de Mâcon.  - Stimulateur cardiaque simple chambre,CENTRE HOSPITALIER LES CHANAUX,MEDTRONIC FRANCE,107026.0,,2023-10-19
Fourniture de stimulateurs cardiaques internes – sondes pour stimulateur et moniteurs ECG implantables pour le Centre Hospitalier de Mâcon.  - Stimulateur cardiaque simple chambre,CENTRE HOSPITALIER LES CHANAUX,BOSTON SCIENTIFIC,107026.0,,2023-10-19
Fourniture de stimulateurs cardiaques internes – sondes pour stimulateur et moniteurs ECG implantables pour le Centre Hospitalier de Mâcon.  - Stimulateur cardiaque double chambre,CENTRE HOSPITALIER LES CHANAUX,BOSTON SCIENTIFIC,373284.0,,2023-10-19
Fourniture de stimulateurs cardiaques internes – sondes pour stimulateur et moniteurs ECG implantables pour le Centre Hospitalier de Mâcon.  - Stimulateur cardiaque double chambre,CENTRE HOSPITALIER LES CHANAUX,MEDTRONIC FRANCE,373284.0,,2023-10-19
Fourniture de stimulateurs cardiaques internes – sondes pour stimulateur et moniteurs ECG implantables pour le Centre Hospitalier de Mâcon.  - Enveloppe antibactérienne biorésorbable polymère,CENTRE HOSPITALIER LES CHANAUX,MEDTRONIC FRANCE,43280.0,,2023-10-19
"FOURNITURE DE DISPOSITIFS MEDICAUX NON IMPLANTABLES STERILES (Digestif, Urologie/Gynécologie, Chirurgie, Respiratoire, ORL, Stomatologie, Dialyse, Cardiovasculaire, Perfusion, Biopsie et Consommables d’équipement) Lot 135 - DM non implantables ORL STRYKER ou équivalent",RESEAU DES ACHETEURS HOSPITALIERS,STRYKER FRANCE SA,18080000.0,,2023-10-19
Fourniture de stimulateurs cardiaques internes – sondes pour stimulateur et moniteurs ECG implantables pour le Centre Hospitalier de Mâcon.  - Stimulateur cardiaque double chambre,CENTRE HOSPITALIER LES CHANAUX,ABBOTT MEDICAL FRANCE SAS,373284.0,,2023-10-19
Fourniture de stimulateurs cardiaques internes – sondes pour stimulateur et moniteurs ECG implantables pour le Centre Hospitalier de Mâcon.  - Sonde stimulation atriale ou ventriculaire,CENTRE HOSPITALIER LES CHANAUX,ABBOTT MEDICAL FRANCE SAS,345000.0,,2023-10-19
Fourniture de stimulateurs cardiaques internes – sondes pour stimulateur et moniteurs ECG implantables pour le Centre Hospitalier de Mâcon.  - Moniteur ECG implantable,CENTRE HOSPITALIER LES CHANAUX,MEDTRONIC FRANCE,373892.0,,2023-10-19
Fourniture de stimulateurs cardiaques internes – sondes pour stimulateur et moniteurs ECG implantables pour le Centre Hospitalier de Mâcon.  - Sonde stimulation atriale ou ventriculaire,CENTRE HOSPITALIER LES CHANAUX,BIOTRONIK FRANCE,86250.0,,2023-10-19
"Fourniture de dispositifs médicaux stériles non implantables pour les systèmes digestif, urogénital et gynécologique/obstétrique, respiratoire et anesthésie/réanimation et ORL. - Lot 64 Filtre respiratoire stérile, Anesthésie (ventilation courte durée)",RESEAU DES ACHETEURS HOSPITALIERS,MEDTRONIC FRANCE,6829392.0,,2023-10-10
"Fourniture de dispositifs médicaux stériles non implantables pour les systèmes digestif, urogénital et gynécologique/obstétrique, respiratoire et anesthésie/réanimation et ORL(AC DMNI)Lot 53. - Sonde intubation endotrachéale ballonnet, Réanimation",RESEAU DES ACHETEURS HOSPITALIERS,MEDTRONIC FRANCE,,,2023-10-10
"Fourniture de DM stériles non implantables pour les systèmes digestif, urogénital et gynécologique/obstétrique, respiratoire et anesthésie/réanimation et ORL(AC DMNI)Lot 64. - Filtre respiratoire stérile, Anesthésie (ventilation courte durée)",RESEAU DES ACHETEURS HOSPITALIERS,MEDTRONIC FRANCE,,,2023-10-10
"Fourniture de DM stériles non implantables pour les systèmes digestif, urogénital et gynécologique/obstétrique, respiratoire et anesthésie/réanimation et ORL(AC DMNI)Lot 66. - Raccord annelé double rotule 15CM 22M/15F cathéter 'Mount' stérile",RESEAU DES ACHETEURS HOSPITALIERS,MEDTRONIC FRANCE,,,2023-10-10
"Fourniture de dispositifs médicaux stériles non implantables pour les systèmes digestif, urogénital et gynécologique/obstétrique, respiratoire et anesthésie/réanimation et ORL(AC DMNI)Lot 70. - Tampon nasal post-opératoire chirurgie nez-sinus",RESEAU DES ACHETEURS HOSPITALIERS,STRYKER FRANCE SA,,,2023-10-10
"Fourniture de DM  stériles non implantables pour les systèmes digestif, urogénital et gynécologique/obstétrique, respiratoire et anesthésie/réanimation et ORL(AC DMNI)Lot 36 . - Sonde urétérale à ballonnet haute pression dilatation urétérale",RESEAU DES ACHETEURS HOSPITALIERS,BOSTON SCIENTIFIC,,,2023-10-10
"Fourniture de dispositifs médicaux stériles non implantables pour les systèmes digestif, urogénital et gynécologique/obstétrique, respiratoire et anesthésie/réanimation et ORL(AC DMNI)Lot 17. - Cathéter Opacification CPRE droit, 1/2/3 voies",RESEAU DES ACHETEURS HOSPITALIERS,BOSTON SCIENTIFIC,,,2023-10-10
"Fourniture de dispositifs médicaux stériles non implantables pour les systèmes digestif, urogénital et gynécologique/obstétrique, respiratoire et anesthésie/réanimation et ORL. - Lot 70 Tampon nasal post-opératoire chirurgie nez-sinus",RESEAU DES ACHETEURS HOSPITALIERS,STRYKER FRANCE SA,9135324.0,,2023-10-10
"Fourniture de dispositifs médicaux stériles non implantables pour les systèmes digestif, urogénital et gynécologique/obstétrique, respiratoire et anesthésie/réanimation et ORL. - Lot 66 Raccord annelé double rotule 15CM 22M/15F cathéter 'Mount' stérile",RESEAU DES ACHETEURS HOSPITALIERS,MEDTRONIC FRANCE,488666.0,,2023-10-10
"Fourniture de dispositifs médicaux stériles non implantables pour les systèmes digestif, urogénital et gynécologique/obstétrique, respiratoire et anesthésie/réanimation et ORL(AC DMNI) Lot 11. - Cathéter Dilatation colique",RESEAU DES ACHETEURS HOSPITALIERS,BOSTON SCIENTIFIC,,,2023-10-10
"Fourniture de dispositifs médicaux stériles non implantables pour les systèmes digestif, urogénital et gynécologique/obstétrique, respiratoire et anesthésie/réanimation et ORL. - Lot 53  Sonde intubation endotrachéale ballonnet, Réanimation",RESEAU DES ACHETEURS HOSPITALIERS,MEDTRONIC FRANCE,1393468.0,,2023-10-10
"Fourniture de dispositifs médicaux stériles non implantables pour les systèmes digestif, urogénital et gynécologique/obstétrique, respiratoire et anesthésie/réanimation et ORL. - Lot 39 Guide 0.018"" et 0.035"", 150-180cm et 260-400cm, hydrophile, droit et angulé, Rigide/Stiff (urologie)",RESEAU DES ACHETEURS HOSPITALIERS,BOSTON SCIENTIFIC,7327938.0,,2023-10-10
"Fourniture de dispositifs médicaux stériles non implantables pour les systèmes digestif, urogénital et gynécologique/obstétrique, respiratoire et anesthésie/réanimation et ORL. - Lot 17 Cathéter Opacification CPRE droit, 1/2/3 voies",RESEAU DES ACHETEURS HOSPITALIERS,BOSTON SCIENTIFIC,963930.0,,2023-10-10
"Fourniture de dispositifs médicaux stériles non implantables pour les systèmes digestif, urogénital et gynécologique/obstétrique, respiratoire et anesthésie/réanimation et ORL. -Lot 14 Guide biliaire 0,025 ou 0,035 inch",RESEAU DES ACHETEURS HOSPITALIERS,BOSTON SCIENTIFIC,12314038.0,,2023-10-10
"Fourniture de dispositifs médicaux stériles non implantables pour les systèmes digestif, urogénital et gynécologique/obstétrique, respiratoire et anesthésie/réanimation et ORL(AC DMNI)Lot 14. - Guide biliaire 0,025 ou 0,035 inch",RESEAU DES ACHETEURS HOSPITALIERS,BOSTON SCIENTIFIC,,,2023-10-10
"Fourniture de dispositifs médicaux stériles non implantables pour les systèmes digestif, urogénital et gynécologique/obstétrique, respiratoire et anesthésie/réanimation et ORL. -Lot 11 Cathéter Dilatation colique",RESEAU DES ACHETEURS HOSPITALIERS,BOSTON SCIENTIFIC,1070880.0,,2023-10-10
"Fourniture de DISPOSITIFS MEDICAUX CONSOMMABLES pour ANGIOGRAPHIE et ANGIOPLASTIE CORONAIRE et PERIPHERIQUE, de RADIOLOGIE INTERVENTIONNELLE, pour CHIRURGIE VASCULAIRE pour le C.H. du MANS (dans le cadre du GHT 72)   - Cathéter de dilatation coronaire a b",HOPITAL LE MANS,BIOTRONIK FRANCE,52500.0,,2023-09-28
"Fourniture de DISPOSITIFS MEDICAUX CONSOMMABLES pour ANGIOGRAPHIE et ANGIOPLASTIE CORONAIRE et PERIPHERIQUE, de RADIOLOGIE INTERVENTIONNELLE, pour CHIRURGIE VASCULAIRE pour le C.H. du MANS (dans le cadre du GHT 72)   - Cathéter a échange rapide pour angio",HOPITAL LE MANS,ABBOTT MEDICAL FRANCE SAS,247000.0,,2023-09-28
"Fourniture de DISPOSITIFS MEDICAUX CONSOMMABLES pour ANGIOGRAPHIE et ANGIOPLASTIE CORONAIRE et PERIPHERIQUE, de RADIOLOGIE INTERVENTIONNELLE, pour CHIRURGIE VASCULAIRE pour le C.H. du MANS (dans le cadre du GHT 72)   - Cathéter de dilatation périphérique",HOPITAL LE MANS,BOSTON SCIENTIFIC,8500.0,,2023-09-28
"Fourniture de DISPOSITIFS MEDICAUX CONSOMMABLES pour ANGIOGRAPHIE et ANGIOPLASTIE CORONAIRE et PERIPHERIQUE, de RADIOLOGIE INTERVENTIONNELLE, pour CHIRURGIE VASCULAIRE pour le C.H. du MANS (dans le cadre du GHT 72)   - Cathéter a échange rapide pour angio",HOPITAL LE MANS,BOSTON SCIENTIFIC,323000.0,,2023-09-28
"Fourniture de DISPOSITIFS MEDICAUX CONSOMMABLES pour ANGIOGRAPHIE et ANGIOPLASTIE CORONAIRE et PERIPHERIQUE, de RADIOLOGIE INTERVENTIONNELLE, pour CHIRURGIE VASCULAIRE pour le C.H. du MANS (dans le cadre du GHT 72)   - Cathéter pour angioplastie périphéri",HOPITAL LE MANS,BIOTRONIK FRANCE,18500.0,,2023-09-28
"Fourniture de DISPOSITIFS MEDICAUX CONSOMMABLES pour ANGIOGRAPHIE et ANGIOPLASTIE CORONAIRE et PERIPHERIQUE, de RADIOLOGIE INTERVENTIONNELLE, pour CHIRURGIE VASCULAIRE pour le C.H. du MANS (dans le cadre du GHT 72)   - Cathéter guide pour imagerie interve",HOPITAL LE MANS,BOSTON SCIENTIFIC,5000.0,,2023-09-28
"Fourniture de DISPOSITIFS MEDICAUX CONSOMMABLES pour ANGIOGRAPHIE et ANGIOPLASTIE CORONAIRE et PERIPHERIQUE, de RADIOLOGIE INTERVENTIONNELLE, pour CHIRURGIE VASCULAIRE pour le C.H. du MANS (dans le cadre du GHT 72)   - Cathéter extension de guide coronair",HOPITAL LE MANS,BOSTON SCIENTIFIC,239500.0,,2023-09-28
"Fourniture de DISPOSITIFS MEDICAUX CONSOMMABLES pour ANGIOGRAPHIE et ANGIOPLASTIE CORONAIRE et PERIPHERIQUE, de RADIOLOGIE INTERVENTIONNELLE, pour CHIRURGIE VASCULAIRE pour le C.H. du MANS (dans le cadre du GHT 72)   - Cathéter pour angioplastie périphéri",HOPITAL LE MANS,BIOTRONIK FRANCE,80000.0,,2023-09-28
"Fourniture de DISPOSITIFS MEDICAUX CONSOMMABLES pour ANGIOGRAPHIE et ANGIOPLASTIE CORONAIRE et PERIPHERIQUE, de RADIOLOGIE INTERVENTIONNELLE, pour CHIRURGIE VASCULAIRE pour le C.H. du MANS (dans le cadre du GHT 72)   - Cathéter guide pour angioplastie cor",HOPITAL LE MANS,MEDTRONIC FRANCE,310000.0,,2023-09-28
"Fourniture de DISPOSITIFS MEDICAUX CONSOMMABLES pour ANGIOGRAPHIE et ANGIOPLASTIE CORONAIRE et PERIPHERIQUE, de RADIOLOGIE INTERVENTIONNELLE, pour CHIRURGIE VASCULAIRE pour le C.H. du MANS (dans le cadre du GHT 72)   - Microcathéter coronaire droit guide",HOPITAL LE MANS,BOSTON SCIENTIFIC,159500.0,,2023-09-28
"FOURNITURE DE DISPOSITIFS MEDICAUX STERILES DE CIRCULATION EXTRA CORPORELLE, DISPOSITIFS D’ACCES ET ACCESSOIRES DE CHIRURGIE CARDIAQUE, IMPLANTS DE CHIRURGIE CARDIAQUE VALVES CHIRURGICALES, ANNEAUX ET IMPLANTS VASCULAIRES DE PONTAGE, ENDOPROTHESE HYBRIDE",CENTRE HOSPITALIER UNIVERSITAIRE ROUEN (HOPITAL CHARLES NICOLLE CHU ROUEN),GETINGE FRANCE,22724.0,,2023-09-26
"FOURNITURE DE DISPOSITIFS MEDICAUX STERILES DE CIRCULATION EXTRA CORPORELLE, DISPOSITIFS D’ACCES ET ACCESSOIRES DE CHIRURGIE CARDIAQUE, IMPLANTS DE CHIRURGIE CARDIAQUE VALVES CHIRURGICALES, ANNEAUX ET IMPLANTS VASCULAIRES DE PONTAGE, ENDOPROTHESE HYBRIDE",CENTRE HOSPITALIER UNIVERSITAIRE ROUEN (HOPITAL CHARLES NICOLLE CHU ROUEN),GETINGE FRANCE,223400.0,,2023-09-26
"FOURNITURE DE DISPOSITIFS MEDICAUX STERILES DE CIRCULATION EXTRA CORPORELLE, DISPOSITIFS D’ACCES ET ACCESSOIRES DE CHIRURGIE CARDIAQUE, IMPLANTS DE CHIRURGIE CARDIAQUE VALVES CHIRURGICALES, ANNEAUX ET IMPLANTS VASCULAIRES DE PONTAGE, ENDOPROTHESE HYBRIDE",CENTRE HOSPITALIER UNIVERSITAIRE ROUEN (HOPITAL CHARLES NICOLLE CHU ROUEN),GETINGE FRANCE,20920.0,,2023-09-26
"FOURNITURE DE DISPOSITIFS MEDICAUX STERILES DE CIRCULATION EXTRA CORPORELLE, DISPOSITIFS D’ACCES ET ACCESSOIRES DE CHIRURGIE CARDIAQUE, IMPLANTS DE CHIRURGIE CARDIAQUE VALVES CHIRURGICALES, ANNEAUX ET IMPLANTS VASCULAIRES DE PONTAGE, ENDOPROTHESE HYBRIDE",CENTRE HOSPITALIER UNIVERSITAIRE ROUEN (HOPITAL CHARLES NICOLLE CHU ROUEN),GETINGE FRANCE,8200.0,,2023-09-26
"FOURNITURE DE DISPOSITIFS MEDICAUX STERILES DE CIRCULATION EXTRA CORPORELLE, DISPOSITIFS D’ACCES ET ACCESSOIRES DE CHIRURGIE CARDIAQUE, IMPLANTS DE CHIRURGIE CARDIAQUE VALVES CHIRURGICALES, ANNEAUX ET IMPLANTS VASCULAIRES DE PONTAGE, ENDOPROTHESE HYBRIDE",CENTRE HOSPITALIER UNIVERSITAIRE ROUEN (HOPITAL CHARLES NICOLLE CHU ROUEN),GETINGE FRANCE,250000.0,,2023-09-26
"FOURNITURE DE DISPOSITIFS MEDICAUX STERILES DE CIRCULATION EXTRA CORPORELLE, DISPOSITIFS D’ACCES ET ACCESSOIRES DE CHIRURGIE CARDIAQUE, IMPLANTS DE CHIRURGIE CARDIAQUE VALVES CHIRURGICALES, ANNEAUX ET IMPLANTS VASCULAIRES DE PONTAGE, ENDOPROTHESE HYBRIDE",CENTRE HOSPITALIER UNIVERSITAIRE ROUEN (HOPITAL CHARLES NICOLLE CHU ROUEN),GETINGE FRANCE,456000.0,,2023-09-26
"FOURNITURE DE DISPOSITIFS MEDICAUX STERILES DE CIRCULATION EXTRA CORPORELLE, DISPOSITIFS D’ACCES ET ACCESSOIRES DE CHIRURGIE CARDIAQUE, IMPLANTS DE CHIRURGIE CARDIAQUE VALVES CHIRURGICALES, ANNEAUX ET IMPLANTS VASCULAIRES DE PONTAGE, ENDOPROTHESE HYBRIDE",CENTRE HOSPITALIER UNIVERSITAIRE ROUEN (HOPITAL CHARLES NICOLLE CHU ROUEN),GETINGE FRANCE,139699.0,,2023-09-26
"FOURNITURE DE DISPOSITIFS MEDICAUX STERILES DE CIRCULATION EXTRA CORPORELLE, DISPOSITIFS D’ACCES ET ACCESSOIRES DE CHIRURGIE CARDIAQUE, IMPLANTS DE CHIRURGIE CARDIAQUE VALVES CHIRURGICALES, ANNEAUX ET IMPLANTS VASCULAIRES DE PONTAGE, ENDOPROTHESE HYBRIDE",CENTRE HOSPITALIER UNIVERSITAIRE ROUEN (HOPITAL CHARLES NICOLLE CHU ROUEN),GETINGE FRANCE,5280.0,,2023-09-26
"FOURNITURE DE DISPOSITIFS MEDICAUX STERILES DE CIRCULATION EXTRA CORPORELLE, DISPOSITIFS D’ACCES ET ACCESSOIRES DE CHIRURGIE CARDIAQUE, IMPLANTS DE CHIRURGIE CARDIAQUE VALVES CHIRURGICALES, ANNEAUX ET IMPLANTS VASCULAIRES DE PONTAGE, ENDOPROTHESE HYBRIDE",CENTRE HOSPITALIER UNIVERSITAIRE ROUEN (HOPITAL CHARLES NICOLLE CHU ROUEN),GETINGE FRANCE,153400.0,,2023-09-26
"FOURNITURE DE DISPOSITIFS MEDICAUX STERILES DE CIRCULATION EXTRA CORPORELLE, DISPOSITIFS D’ACCES ET ACCESSOIRES DE CHIRURGIE CARDIAQUE, IMPLANTS DE CHIRURGIE CARDIAQUE VALVES CHIRURGICALES, ANNEAUX ET IMPLANTS VASCULAIRES DE PONTAGE, ENDOPROTHESE HYBRIDE",CENTRE HOSPITALIER UNIVERSITAIRE ROUEN (HOPITAL CHARLES NICOLLE CHU ROUEN),GETINGE FRANCE,30000.0,,2023-09-26
"FOURNITURE DE DISPOSITIFS MEDICAUX STERILES DE CIRCULATION EXTRA CORPORELLE, DISPOSITIFS D’ACCES ET ACCESSOIRES DE CHIRURGIE CARDIAQUE, IMPLANTS DE CHIRURGIE CARDIAQUE VALVES CHIRURGICALES, ANNEAUX ET IMPLANTS VASCULAIRES DE PONTAGE, ENDOPROTHESE HYBRIDE",CENTRE HOSPITALIER UNIVERSITAIRE ROUEN (HOPITAL CHARLES NICOLLE CHU ROUEN),GETINGE FRANCE,1600.0,,2023-09-26
"FOURNITURE DE DISPOSITIFS MEDICAUX STERILES DE CIRCULATION EXTRA CORPORELLE, DISPOSITIFS D’ACCES ET ACCESSOIRES DE CHIRURGIE CARDIAQUE, IMPLANTS DE CHIRURGIE CARDIAQUE VALVES CHIRURGICALES, ANNEAUX ET IMPLANTS VASCULAIRES DE PONTAGE, ENDOPROTHESE HYBRIDE",CENTRE HOSPITALIER UNIVERSITAIRE ROUEN (HOPITAL CHARLES NICOLLE CHU ROUEN),MEDTRONIC FRANCE,210600.0,,2023-09-25
"FOURNITURE DE DISPOSITIFS MEDICAUX STERILES DE CIRCULATION EXTRA CORPORELLE, DISPOSITIFS D’ACCES ET ACCESSOIRES DE CHIRURGIE CARDIAQUE, IMPLANTS DE CHIRURGIE CARDIAQUE VALVES CHIRURGICALES, ANNEAUX ET IMPLANTS VASCULAIRES DE PONTAGE, ENDOPROTHESE HYBRIDE",CENTRE HOSPITALIER UNIVERSITAIRE ROUEN (HOPITAL CHARLES NICOLLE CHU ROUEN),MEDTRONIC FRANCE,19000.0,,2023-09-25
"FOURNITURE DE DISPOSITIFS MEDICAUX STERILES DE CIRCULATION EXTRA CORPORELLE, DISPOSITIFS D’ACCES ET ACCESSOIRES DE CHIRURGIE CARDIAQUE, IMPLANTS DE CHIRURGIE CARDIAQUE VALVES CHIRURGICALES, ANNEAUX ET IMPLANTS VASCULAIRES DE PONTAGE, ENDOPROTHESE HYBRIDE",CENTRE HOSPITALIER UNIVERSITAIRE ROUEN (HOPITAL CHARLES NICOLLE CHU ROUEN),MEDTRONIC FRANCE,97600.0,,2023-09-25
"FOURNITURE DE DISPOSITIFS MEDICAUX STERILES DE CIRCULATION EXTRA CORPORELLE, DISPOSITIFS D’ACCES ET ACCESSOIRES DE CHIRURGIE CARDIAQUE, IMPLANTS DE CHIRURGIE CARDIAQUE VALVES CHIRURGICALES, ANNEAUX ET IMPLANTS VASCULAIRES DE PONTAGE, ENDOPROTHESE HYBRIDE",CENTRE HOSPITALIER UNIVERSITAIRE ROUEN (HOPITAL CHARLES NICOLLE CHU ROUEN),ABBOTT MEDICAL FRANCE SAS,291973.0,,2023-09-25
"FOURNITURE DE DISPOSITIFS MEDICAUX STERILES DE CIRCULATION EXTRA CORPORELLE, DISPOSITIFS D’ACCES ET ACCESSOIRES DE CHIRURGIE CARDIAQUE, IMPLANTS DE CHIRURGIE CARDIAQUE VALVES CHIRURGICALES, ANNEAUX ET IMPLANTS VASCULAIRES DE PONTAGE, ENDOPROTHESE HYBRIDE",CENTRE HOSPITALIER UNIVERSITAIRE ROUEN (HOPITAL CHARLES NICOLLE CHU ROUEN),MEDTRONIC FRANCE,560.0,,2023-09-25
"FOURNITURE DE DISPOSITIFS MEDICAUX STERILES DE CIRCULATION EXTRA CORPORELLE, DISPOSITIFS D’ACCES ET ACCESSOIRES DE CHIRURGIE CARDIAQUE, IMPLANTS DE CHIRURGIE CARDIAQUE VALVES CHIRURGICALES, ANNEAUX ET IMPLANTS VASCULAIRES DE PONTAGE, ENDOPROTHESE HYBRIDE",CENTRE HOSPITALIER UNIVERSITAIRE ROUEN (HOPITAL CHARLES NICOLLE CHU ROUEN),ABBOTT MEDICAL FRANCE SAS,104497.0,,2023-09-25
"FOURNITURE DE DISPOSITIFS MEDICAUX STERILES DE CIRCULATION EXTRA CORPORELLE, DISPOSITIFS D’ACCES ET ACCESSOIRES DE CHIRURGIE CARDIAQUE, IMPLANTS DE CHIRURGIE CARDIAQUE VALVES CHIRURGICALES, ANNEAUX ET IMPLANTS VASCULAIRES DE PONTAGE, ENDOPROTHESE HYBRIDE",CENTRE HOSPITALIER UNIVERSITAIRE ROUEN (HOPITAL CHARLES NICOLLE CHU ROUEN),ABBOTT MEDICAL FRANCE SAS,208994.0,,2023-09-25
"FOURNITURE DE DISPOSITIFS MEDICAUX STERILES DE CIRCULATION EXTRA CORPORELLE, DISPOSITIFS D’ACCES ET ACCESSOIRES DE CHIRURGIE CARDIAQUE, IMPLANTS DE CHIRURGIE CARDIAQUE VALVES CHIRURGICALES, ANNEAUX ET IMPLANTS VASCULAIRES DE PONTAGE, ENDOPROTHESE HYBRIDE",CENTRE HOSPITALIER UNIVERSITAIRE ROUEN (HOPITAL CHARLES NICOLLE CHU ROUEN),MEDTRONIC FRANCE,141600.0,,2023-09-25
"FOURNITURE DE DISPOSITIFS MEDICAUX STERILES DE CIRCULATION EXTRA CORPORELLE, DISPOSITIFS D’ACCES ET ACCESSOIRES DE CHIRURGIE CARDIAQUE, IMPLANTS DE CHIRURGIE CARDIAQUE VALVES CHIRURGICALES, ANNEAUX ET IMPLANTS VASCULAIRES DE PONTAGE, ENDOPROTHESE HYBRIDE",CENTRE HOSPITALIER UNIVERSITAIRE ROUEN (HOPITAL CHARLES NICOLLE CHU ROUEN),MEDTRONIC FRANCE,178562.0,,2023-09-25
"FOURNITURE DE DISPOSITIFS MEDICAUX STERILES DE CIRCULATION EXTRA CORPORELLE, DISPOSITIFS D’ACCES ET ACCESSOIRES DE CHIRURGIE CARDIAQUE, IMPLANTS DE CHIRURGIE CARDIAQUE VALVES CHIRURGICALES, ANNEAUX ET IMPLANTS VASCULAIRES DE PONTAGE, ENDOPROTHESE HYBRIDE",CENTRE HOSPITALIER UNIVERSITAIRE ROUEN (HOPITAL CHARLES NICOLLE CHU ROUEN),ABBOTT MEDICAL FRANCE SAS,311128.0,,2023-09-25
"FOURNITURE DE DISPOSITIFS MEDICAUX STERILES DE CIRCULATION EXTRA CORPORELLE, DISPOSITIFS D’ACCES ET ACCESSOIRES DE CHIRURGIE CARDIAQUE, IMPLANTS DE CHIRURGIE CARDIAQUE VALVES CHIRURGICALES, ANNEAUX ET IMPLANTS VASCULAIRES DE PONTAGE, ENDOPROTHESE HYBRIDE",CENTRE HOSPITALIER UNIVERSITAIRE ROUEN (HOPITAL CHARLES NICOLLE CHU ROUEN),MEDTRONIC FRANCE,108000.0,,2023-09-25
"FOURNITURE DE DISPOSITIFS MEDICAUX STERILES DE CIRCULATION EXTRA CORPORELLE, DISPOSITIFS D’ACCES ET ACCESSOIRES DE CHIRURGIE CARDIAQUE, IMPLANTS DE CHIRURGIE CARDIAQUE VALVES CHIRURGICALES, ANNEAUX ET IMPLANTS VASCULAIRES DE PONTAGE, ENDOPROTHESE HYBRIDE",CENTRE HOSPITALIER UNIVERSITAIRE ROUEN (HOPITAL CHARLES NICOLLE CHU ROUEN),MEDTRONIC FRANCE,161200.0,,2023-09-25
"FOURNITURE DE DISPOSITIFS MEDICAUX STERILES DE CIRCULATION EXTRA CORPORELLE, DISPOSITIFS D’ACCES ET ACCESSOIRES DE CHIRURGIE CARDIAQUE, IMPLANTS DE CHIRURGIE CARDIAQUE VALVES CHIRURGICALES, ANNEAUX ET IMPLANTS VASCULAIRES DE PONTAGE, ENDOPROTHESE HYBRIDE",CENTRE HOSPITALIER UNIVERSITAIRE ROUEN (HOPITAL CHARLES NICOLLE CHU ROUEN),MEDTRONIC FRANCE,174000.0,,2023-09-25
"FOURNITURE DE DISPOSITIFS MEDICAUX STERILES DE CIRCULATION EXTRA CORPORELLE, DISPOSITIFS D’ACCES ET ACCESSOIRES DE CHIRURGIE CARDIAQUE, IMPLANTS DE CHIRURGIE CARDIAQUE VALVES CHIRURGICALES, ANNEAUX ET IMPLANTS VASCULAIRES DE PONTAGE, ENDOPROTHESE HYBRIDE",CENTRE HOSPITALIER UNIVERSITAIRE ROUEN (HOPITAL CHARLES NICOLLE CHU ROUEN),MEDTRONIC FRANCE,33120.0,,2023-09-25
"FOURNITURE DE DISPOSITIFS MEDICAUX STERILES DE CIRCULATION EXTRA CORPORELLE, DISPOSITIFS D’ACCES ET ACCESSOIRES DE CHIRURGIE CARDIAQUE, IMPLANTS DE CHIRURGIE CARDIAQUE VALVES CHIRURGICALES, ANNEAUX ET IMPLANTS VASCULAIRES DE PONTAGE, ENDOPROTHESE HYBRIDE",CENTRE HOSPITALIER UNIVERSITAIRE ROUEN (HOPITAL CHARLES NICOLLE CHU ROUEN),MEDTRONIC FRANCE,69600.0,,2023-09-25
"FOURNITURE DE DISPOSITIFS MEDICAUX STERILES DE CIRCULATION EXTRA CORPORELLE, DISPOSITIFS D’ACCES ET ACCESSOIRES DE CHIRURGIE CARDIAQUE, IMPLANTS DE CHIRURGIE CARDIAQUE VALVES CHIRURGICALES, ANNEAUX ET IMPLANTS VASCULAIRES DE PONTAGE, ENDOPROTHESE HYBRIDE",CENTRE HOSPITALIER UNIVERSITAIRE ROUEN (HOPITAL CHARLES NICOLLE CHU ROUEN),MEDTRONIC FRANCE,180000.0,,2023-09-25
"FOURNITURE DE DISPOSITIFS MEDICAUX STERILES DE CIRCULATION EXTRA CORPORELLE, DISPOSITIFS D’ACCES ET ACCESSOIRES DE CHIRURGIE CARDIAQUE, IMPLANTS DE CHIRURGIE CARDIAQUE VALVES CHIRURGICALES, ANNEAUX ET IMPLANTS VASCULAIRES DE PONTAGE, ENDOPROTHESE HYBRIDE",CENTRE HOSPITALIER UNIVERSITAIRE ROUEN (HOPITAL CHARLES NICOLLE CHU ROUEN),MEDTRONIC FRANCE,7760.0,,2023-09-25
"FOURNITURE DE DISPOSITIFS MEDICAUX STERILES DE CIRCULATION EXTRA CORPORELLE, DISPOSITIFS D’ACCES ET ACCESSOIRES DE CHIRURGIE CARDIAQUE, IMPLANTS DE CHIRURGIE CARDIAQUE VALVES CHIRURGICALES, ANNEAUX ET IMPLANTS VASCULAIRES DE PONTAGE, ENDOPROTHESE HYBRIDE",CENTRE HOSPITALIER UNIVERSITAIRE ROUEN (HOPITAL CHARLES NICOLLE CHU ROUEN),MEDTRONIC FRANCE,1600.0,,2023-09-25
"Fourniture de fils, sutures et d’hémostatiques, de DMS pour coeliochirurgie et chirurgie ouverte et d’implants de chirurgie digestive - HEMOSTATIQUE CELLULOSE OXYDEE FIBRILLAIRE",HOPITAL NORD FRANCHE COMTE,JOHNSON & JOHNSON MEDICAL SAS,284688.48,,2023-09-18
"Fourniture de fils, sutures et d’hémostatiques, de DMS pour coeliochirurgie et chirurgie ouverte et d’implants de chirurgie digestive - TREILLIS AUTOFIXANT NON RÉSORBABLE P/ CURE DE HERNIE INGUINALE SOUS COELIOSCOPIE",HOPITAL NORD FRANCHE COMTE,MEDTRONIC FRANCE,149760.0,,2023-09-18
"Fourniture de fils, sutures et d’hémostatiques, de DMS pour coeliochirurgie et chirurgie ouverte et d’implants de chirurgie digestive - TREILLIS AUTOFIXANT NON RÉSORBABLEP/ CURE DE HERNIE INGUINALE SOUS COELIOSCOPIE",HOPITAL NORD FRANCHE COMTE,MEDTRONIC FRANCE,599040.0,,2023-09-18
"Fourniture de DMS Pathologie vasculaire coronaire ou périphérique - Endoprothèse vasculaire coronaire active : toutes molécules, avec ou sans polymère",CENTRE HOSPITALIER D AUXERRE,ABBOTT MEDICAL FRANCE SAS,0.0,,2023-08-29
Fourniture de DMS Pathologie vasculaire coronaire ou périphérique - Endoprothèse vasculaire coronaire couverte pour traitement des dissections coronaires,CENTRE HOSPITALIER D AUXERRE,BIOTRONIK FRANCE,0.0,,2023-08-29
Fourniture de DMS Pathologie vasculaire coronaire ou périphérique - Cathéter à ballonnet avec athérotomes prémontés,CENTRE HOSPITALIER D AUXERRE,BOSTON SCIENTIFIC,0.0,,2023-08-29
Fourniture de DMS Pathologie vasculaire coronaire ou périphérique - Micro-cathéter d’angioplastie coronaire double ou triple lumière à revêtement hydrophile,CENTRE HOSPITALIER D AUXERRE,BIOTRONIK FRANCE,0.0,,2023-08-29
"Fourniture de DMS Pathologie vasculaire coronaire ou périphérique - Cathéter de coronarographie diagnostique, toutes courbures, diamètre 5F à 6F, longueur jusqu’à 125cm",CENTRE HOSPITALIER D AUXERRE,BOSTON SCIENTIFIC,0.0,,2023-08-29
"Fourniture de DMS Pathologie vasculaire coronaire ou périphérique - Extension de cathéter pour angioplastie complexe, 6F et 7F",CENTRE HOSPITALIER D AUXERRE,BOSTON SCIENTIFIC,0.0,,2023-08-29
"Fourniture de DMS Pathologie vasculaire coronaire ou périphérique - Cathéter à ballonnet pour angioplastie coronaire à échange rapide, ballon semi compliant",CENTRE HOSPITALIER D AUXERRE,BOSTON SCIENTIFIC,0.0,,2023-08-29
"Fourniture de DMS Pathologie vasculaire coronaire ou périphérique - Endoprothèse vasculaire coronaire active : toutes molécules, avec ou sans polymère",CENTRE HOSPITALIER D AUXERRE,MEDTRONIC FRANCE,0.0,,2023-08-29
"Fourniture de DMS Pathologie vasculaire coronaire ou périphérique - Endoprothèse vasculaire coronaire active : toutes molécules, avec ou sans polymère",CENTRE HOSPITALIER D AUXERRE,BIOTRONIK FRANCE,0.0,,2023-08-29
"Fourniture de DMS Pathologie vasculaire coronaire ou périphérique - Cathéter à ballonnet pour angioplastie coronaire à échange rapide, ballon non compliant",CENTRE HOSPITALIER D AUXERRE,BIOTRONIK FRANCE,0.0,,2023-08-29
"Fourniture de DMS Pathologie vasculaire coronaire ou périphérique - Endoprothèse vasculaire coronaire active : toutes molécules, avec ou sans polymère",CENTRE HOSPITALIER D AUXERRE,BOSTON SCIENTIFIC,0.0,,2023-08-29
"Fourniture de DMS Pathologie vasculaire coronaire ou périphérique - Micro-cathéter d’angioplastie coronaire à revêtement hydrophile, toutes longueurs",CENTRE HOSPITALIER D AUXERRE,BOSTON SCIENTIFIC,0.0,,2023-08-29
Fourniture de DMS Pathologie vasculaire coronaire ou périphérique - Cathéter à ballonnet coaxial pour angioplastie coronaire,CENTRE HOSPITALIER D AUXERRE,BOSTON SCIENTIFIC,0.0,,2023-08-29
Fourniture de DMS Pathologie vasculaire coronaire ou périphérique - Endoprothèse vasculaire périphérique non couverte à maillage acier sertie à extrémité profilée et ouverture centripète,CENTRE HOSPITALIER D AUXERRE,BOSTON SCIENTIFIC,0.0,,2023-08-29
Fourniture de DMS Pathologie vasculaire coronaire ou périphérique - Endoprothèse périphérique à libération de paclitaxel,CENTRE HOSPITALIER D AUXERRE,BOSTON SCIENTIFIC,0.0,,2023-08-29
"Fourniture de DMS Pathologie vasculaire coronaire ou périphérique - Endoprothèse périphérique pour artères rénales serties sur ballon, diamètre 4mm à 8mm, longueur 15mm à 30mm ",CENTRE HOSPITALIER D AUXERRE,ABBOTT MEDICAL FRANCE SAS,0.0,,2023-08-29
"Fourniture de DMS Pathologie vasculaire coronaire ou périphérique - Endoprothèse périphérique auto-expansible en nitinol pour artère fémorale et infra-poplitées, compatible introducteur 4F",CENTRE HOSPITALIER D AUXERRE,BIOTRONIK FRANCE,0.0,,2023-08-29
FOURNITURE DE DISPOSITIFS MEDICAUX STERILES A VISEE DIAGNOSTIQUE ET INTERVENTIONNELLE - Micro cathéter support guide coronaire,CTRE HOSPITALIER UNIVERS PONTCHAILLOU,BIOTRONIK FRANCE,9150.0,,2023-08-11
"Fourniture de dispositifs médicaux implantables stériles et dispositifs médicaux invasifs inscrits au titre V de la LPPR: système digestif, système...-DMICAT- - Lot 16 - DMI Système digestif et métabolique Johnson & Johnson ou équivalent -  ",RESEAU DES ACHETEURS HOSPITALIERS,JOHNSON & JOHNSON MEDICAL SAS,9000000.0,,2023-08-11
"Fourniture de dispositifs médicaux implantables stériles et dispositifs médicaux invasifs inscrits au titre V de la LPPR: système digestif, système...-DMICAT- - Lot 31 - DMI Système cardiovasculaire ABBOTT MEDICAL ou équivalent -  ",RESEAU DES ACHETEURS HOSPITALIERS,ABBOTT MEDICAL FRANCE SAS,330000000.0,suspect,2023-08-11
"Fourniture de dispositifs médicaux implantables stériles et dispositifs médicaux invasifs inscrits au titre V de la LPPR: système digestif, système...DMICAT-  - Lot 93 - DMI Chirurgie générale, plastique et reconstructrice JOHNSON & JOHNSON ou équivalen",RESEAU DES ACHETEURS HOSPITALIERS,JOHNSON & JOHNSON MEDICAL SAS,,,2023-08-11
"Fourniture de dispositifs médicaux implantables stériles et dispositifs médicaux invasifs inscrits au titre V de la LPPR: système digestif, système ..DMICAT - Lot 139 - DMI Système Nerveux STRYKER ou équivalent",RESEAU DES ACHETEURS HOSPITALIERS,STRYKER FRANCE SA,60000000.0,,2023-08-11
"Fourniture de dispositifs médicaux implantables stériles et dispositifs médicaux invasifs inscrits au titre V de la LPPR: système digestif, système..DMICAT - Lot 168 - DMI ORL STRYKER ou équivalent",RESEAU DES ACHETEURS HOSPITALIERS,STRYKER FRANCE SA,1800000.0,,2023-08-11
"Fourniture de dispositifs médicaux implantables stériles et dispositifs médicaux invasifs inscrits au titre V de la LPPR: système digestif, système ..DMICAT - Lot 113 - DMI Système Uro et Gynéco JOHNSON & JOHNSON ou équivalent ",RESEAU DES ACHETEURS HOSPITALIERS,JOHNSON & JOHNSON MEDICAL SAS,6000000.0,,2023-08-11
"Fourniture de dispositifs médicaux implantables stériles et dispositifs médicaux invasifs inscrits au titre V de la LPPR: système digestif, système ..DMICAT - Lot 132 - DMI Système Nerveux Johnson & Johnson ou équivalent",RESEAU DES ACHETEURS HOSPITALIERS,JOHNSON & JOHNSON MEDICAL SAS,9000000.0,,2023-08-11
"Fourniture de dispositifs médicaux implantables stériles et dispositifs médicaux invasifs inscrits au titre V de la LPPR: système digestif, système ..DMICAT - Lot 156 - DMI Ophtalmologie Johnson &amp; Johnson ou équivalent",RESEAU DES ACHETEURS HOSPITALIERS,JOHNSON & JOHNSON MEDICAL SAS,1800000.0,,2023-08-11
"Fourniture de dispositifs médicaux implantables stériles et dispositifs médicaux invasifs inscrits au titre V de la LPPR: système digestif, système...-DMICAT- - Lot 30 - DMI Système cardiovasculaire ABBOTT MEDICAL (Vascular) ou équivalent -  ",RESEAU DES ACHETEURS HOSPITALIERS,ABBOTT MEDICAL FRANCE SAS,180000000.0,suspect,2023-08-03
Plaque cranienne et implant grillagé pour cranioplastie - Fourniture de dispositifs médicaux de neurochirurgie et de chirurgie du rachis 2023/2026,CENTRE HOSPITALIER DE COLMAR (CENTRE HOSPITALIER LOUIS PASTEUR),STRYKER FRANCE SA,166925.0,,2023-07-25
Implant de cranioplastie sur mesure - Fourniture de dispositifs médicaux de neurochirurgie et de chirurgie du rachis 2023/2026,CENTRE HOSPITALIER DE COLMAR (CENTRE HOSPITALIER LOUIS PASTEUR),STRYKER FRANCE SA,177921.0,,2023-07-25
"Fourniture de Dispositifs médicaux implantables stériles (AC - DMICONC) - Lot 56 - Coil Embolisation cérébrale, détachement électrolytique",RESEAU DES ACHETEURS HOSPITALIERS,STRYKER FRANCE SA,,,2023-07-20
"Fourniture de dispositifs médicaux stériles de stimulateurs cardiaques implantables et sondes, défibrillateurs implantables et sondes, et autres dispositifs pour électrophysiologie et ryhtmologie cardiaque - Relance lot 76 : CATHETERS D’ABLATION quadripol",CENTRE HOSPITALIER UNIVERSITAIRE ROUEN (HOPITAL CHARLES NICOLLE CHU ROUEN),BOSTON SCIENTIFIC,5600.0,,2023-07-20
"Fourniture de Dispositifs médicaux implantables stériles (MS – DMICONC1) - Lot 56 - Coil Embolisation cérébrale, détachement électrolytique",RESEAU DES ACHETEURS HOSPITALIERS,STRYKER FRANCE SA,5833.333333333333,aberrant,2023-07-20
Extension de cathéter guide - GAPSCA - Fourniture de dispositifs médicaux de cardiologie interventionnelle et de rythmologie 2023/2026,CENTRE HOSPITALIER DE COLMAR (CENTRE HOSPITALIER LOUIS PASTEUR),BOSTON SCIENTIFIC,28750.0,,2023-07-18
Cathéter guide pour angioplastie coronaire - GAPSCA - Fourniture de dispositifs médicaux de cardiologie interventionnelle et de rythmologie 2023/2026,CENTRE HOSPITALIER DE COLMAR (CENTRE HOSPITALIER LOUIS PASTEUR),MEDTRONIC FRANCE,87688.0,,2023-07-18
Fourniture de Dispositifs médicaux implantables stériles (MS – DMICONC1) - Lot 36 - Coil embolisation vasculaire périphérique à détachement mécanique,RESEAU DES ACHETEURS HOSPITALIERS,BOSTON SCIENTIFIC,6121220.0,suspect,2023-07-11
"Fourniture de Dispositifs médicaux implantables stériles (MS – DMICONC1) - Lot 6 - Renfort paroi non résorbable, hernie, polyester, chirurgie ouverte ou coelioscopie",RESEAU DES ACHETEURS HOSPITALIERS,MEDTRONIC FRANCE,1517310.0,suspect,2023-07-11
"Fourniture de Dispositifs médicaux implantables stériles (AC - DMICONC) - Lot 25 - Endoprothèse vasculaire périphérique, chrome-cobalt, non couverte / guide 0.035""",RESEAU DES ACHETEURS HOSPITALIERS,ABBOTT MEDICAL FRANCE SAS,,,2023-07-11
"Fourniture de Dispositifs médicaux implantables stériles (AC - DMICONC) - Lot 21 - Endoprothèse coronaire active, polymère résorbable, épaisseur maille  >  ou = 80 µm",RESEAU DES ACHETEURS HOSPITALIERS,BOSTON SCIENTIFIC,,,2023-07-11
"Fourniture de Dispositifs médicaux implantables stériles (AC - DMICONC) - Lot 20 - Endoprothèse coronaire active, polymère résorbable, épaisseur maille <  ou = 80 µm",RESEAU DES ACHETEURS HOSPITALIERS,BOSTON SCIENTIFIC,,,2023-07-11
"Fourniture de Dispositifs médicaux implantables stériles (AC - DMICONC) - Lot 19 - Endoprothèse coronaire active, polymère non résorbable",RESEAU DES ACHETEURS HOSPITALIERS,ABBOTT MEDICAL FRANCE SAS,,,2023-07-11
"Fourniture de Dispositifs médicaux implantables stériles (AC - DMICONC) - Lot 16 - Endoprothèse biliaire et pancréatique, non métallique, plastique",RESEAU DES ACHETEURS HOSPITALIERS,BOSTON SCIENTIFIC,,,2023-07-11
"Fourniture de Dispositifs médicaux implantables stériles (AC - DMICONC) - Lot 14 - Endoprothèse duodénale et pylorique, expansible, métallique",RESEAU DES ACHETEURS HOSPITALIERS,BOSTON SCIENTIFIC,,,2023-07-11
"Fourniture de Dispositifs médicaux implantables stériles (AC - DMICONC) - Lot 6 - Renfort paroi non résorbable, hernie, polyester, chirurgie ouverte ou coelioscopie",RESEAU DES ACHETEURS HOSPITALIERS,MEDTRONIC FRANCE,,,2023-07-11
"Fourniture de dispositifs médicaux implantables stériles et dispositifs médicaux invasifs inscrits au titre V de la LPPR: système digestif, système ..DMICAT - Lot 125 - DMI Système Nerveux ABBOTT MEDICAL ou équivalent",RESEAU DES ACHETEURS HOSPITALIERS,ABBOTT MEDICAL FRANCE SAS,6000000.0,,2023-07-11
"Fourniture de Dispositifs médicaux implantables stériles (AC - DMICONC) - Lot 27 - Endoprothèse vasculaire périphérique, nitinol / introducteur 6F",RESEAU DES ACHETEURS HOSPITALIERS,BOSTON SCIENTIFIC,,,2023-07-11
Fourniture de Dispositifs médicaux implantables stériles (AC - DMICONC) - Lot 4 - Renfort paroi résorbable,RESEAU DES ACHETEURS HOSPITALIERS,JOHNSON & JOHNSON MEDICAL SAS,,,2023-07-11
"Fourniture de Dispositifs médicaux implantables stériles (AC - DMICONC) - Lot 2 - Renfort paroi résorbable biologique, éventration complexe, risque septique, réticulé",RESEAU DES ACHETEURS HOSPITALIERS,MEDTRONIC FRANCE,,,2023-07-11
Fourniture de Dispositifs médicaux implantables stériles (MS – DMICONC1) - Lot 62 - Plancher orbitaire synthétique résorbable ou non,RESEAU DES ACHETEURS HOSPITALIERS,JOHNSON & JOHNSON MEDICAL SAS,1242462.0,,2023-07-11
"Fourniture de Dispositifs médicaux implantables stériles (MS – DMICONC1) - Lot 34 - Cathéter ballonnet angioplastie périphérique actif, coaxial, semi-compliant/ guide 0.018-0.014""",RESEAU DES ACHETEURS HOSPITALIERS,BOSTON SCIENTIFIC,3957150.0,suspect,2023-07-11
"Fourniture de Dispositifs médicaux implantables stériles (MS – DMICONC1) - Lot 58 - Coil Embolisation cérébrale, détachement mécanique",RESEAU DES ACHETEURS HOSPITALIERS,MEDTRONIC FRANCE,1715340.0,suspect,2023-07-11
Fourniture de Dispositifs médicaux implantables stériles (MS – DMICONC1) - Lot 55 - Implant embolisation liquide Neuroradiologique,RESEAU DES ACHETEURS HOSPITALIERS,MEDTRONIC FRANCE,10914788.0,suspect,2023-07-11
"Fourniture de Dispositifs médicaux implantables stériles (MS – DMICONC1) - Lot 14 - Endoprothèse duodénale et pylorique, expansible, métallique",RESEAU DES ACHETEURS HOSPITALIERS,BOSTON SCIENTIFIC,5321918.0,suspect,2023-07-11
"Fourniture de Dispositifs médicaux implantables stériles (MS – DMICONC1) - Lot 16 - Endoprothèse biliaire et pancréatique, non métallique, plastique",RESEAU DES ACHETEURS HOSPITALIERS,BOSTON SCIENTIFIC,2341520.0,suspect,2023-07-11
"Fourniture de Dispositifs médicaux implantables stériles (MS – DMICONC1) - Lot 19 - Endoprothèse coronaire active, polymère non résorbable",RESEAU DES ACHETEURS HOSPITALIERS,ABBOTT MEDICAL FRANCE SAS,5833.333333333333,aberrant,2023-07-11
Fourniture de Dispositifs médicaux implantables stériles (MS – DMICONC1) - ,RESEAU DES ACHETEURS HOSPITALIERS,BOSTON SCIENTIFIC,5833.333333333333,aberrant,2023-07-11
"Fourniture de Dispositifs médicaux implantables stériles (MS – DMICONC1 - Lot 21 - Endoprothèse coronaire active, polymère résorbable, épaisseur maille  >  ou = 80 µm",RESEAU DES ACHETEURS HOSPITALIERS,BOSTON SCIENTIFIC,5833.333333333333,aberrant,2023-07-11
"Fourniture de Dispositifs médicaux implantables stériles (MS - DMICONC1) -  - Lot 2 - Renfort paroi résorbable biologique, éventration complexe, risque septique, réticulé - ",RESEAU DES ACHETEURS HOSPITALIERS,MEDTRONIC FRANCE,7914760.0,suspect,2023-07-11
"Fourniture de Dispositifs médicaux implantables stériles (MS – DMICONC1) - Lot 25 - Endoprothèse vasculaire périphérique, chrome-cobalt, non couverte / guide 0.035""",RESEAU DES ACHETEURS HOSPITALIERS,ABBOTT MEDICAL FRANCE SAS,6658960.0,suspect,2023-07-11
"Fourniture de Dispositifs médicaux implantables stériles (MS – DMICONC1) - Lot 26 - Endoprothèse vasculaire périphérique, nitinol / introducteur 5F",RESEAU DES ACHETEURS HOSPITALIERS,MEDTRONIC FRANCE,3428656.0,suspect,2023-07-11
"Fourniture de Dispositifs médicaux implantables stériles (MS – DMICONC1) - Lot 27 - Endoprothèse vasculaire périphérique, nitinol / introducteur 6F",RESEAU DES ACHETEURS HOSPITALIERS,BOSTON SCIENTIFIC,13941312.0,suspect,2023-07-11
"Fourniture de Dispositifs médicaux implantables stériles (MS – DMICONC1) - Lot 28 - Endoprothèse vasculaire périphérique, nitinol, non couverte / guide 0.018""",RESEAU DES ACHETEURS HOSPITALIERS,BIOTRONIK FRANCE,2238544.0,suspect,2023-07-11
"Fourniture de Dispositifs médicaux implantables stériles (MS – DMICONC1) - Lot 30 - Endoprothèse vasculaire, périphérique, acier, couverte",RESEAU DES ACHETEURS HOSPITALIERS,GETINGE FRANCE,7424032.0,suspect,2023-07-11
"Fourniture de Dispositifs médicaux implantables stériles (AC - DMICONC) - Lot 26 - Endoprothèse vasculaire périphérique, nitinol / introducteur 5F",RESEAU DES ACHETEURS HOSPITALIERS,MEDTRONIC FRANCE,,,2023-07-11
Fourniture de Dispositifs médicaux implantables stériles (MS – DMICONC1) - Lot 4 - Renfort paroi résorbable,RESEAU DES ACHETEURS HOSPITALIERS,JOHNSON & JOHNSON MEDICAL SAS,3914784.0,suspect,2023-07-11
Fourniture de Dispositifs médicaux implantables stériles (MS – DMICONC1) - Lot 39 - Guide mesure Fraction Flux de Réserve coronarien FFR,RESEAU DES ACHETEURS HOSPITALIERS,ABBOTT MEDICAL FRANCE SAS,5833.333333333333,aberrant,2023-07-11
Fourniture de Dispositifs médicaux implantables stériles (AC - DMICONC) - Lot 62 - Plancher orbitaire synthétique résorbable ou non,RESEAU DES ACHETEURS HOSPITALIERS,JOHNSON & JOHNSON MEDICAL SAS,,,2023-07-11
"Fourniture de Dispositifs médicaux implantables stériles (AC - DMICONC) - Lot 58 - Coil Embolisation cérébrale, détachement mécanique",RESEAU DES ACHETEURS HOSPITALIERS,MEDTRONIC FRANCE,,,2023-07-11
Fourniture de Dispositifs médicaux implantables stériles (AC - DMICONC) - Lot 55 - Implant embolisation liquide Neuroradiologique,RESEAU DES ACHETEURS HOSPITALIERS,MEDTRONIC FRANCE,,,2023-07-11
Fourniture de Dispositifs médicaux implantables stériles (AC - DMICONC) - Lot 39 - Guide mesure Fraction Flux de Réserve coronarien FFR,RESEAU DES ACHETEURS HOSPITALIERS,ABBOTT MEDICAL FRANCE SAS,,,2023-07-11
Fourniture de Dispositifs médicaux implantables stériles (AC - DMICONC) - Lot 36 - Coil embolisation vasculaire périphérique à détachement mécanique,RESEAU DES ACHETEURS HOSPITALIERS,BOSTON SCIENTIFIC,,,2023-07-11
"Fourniture de Dispositifs médicaux implantables stériles (AC - DMICONC) - Lot 34 - Cathéter ballonnet angioplastie périphérique actif, coaxial, semi-compliant/ guide 0.018-0.014""",RESEAU DES ACHETEURS HOSPITALIERS,BOSTON SCIENTIFIC,,,2023-07-11
"Fourniture de Dispositifs médicaux implantables stériles (AC - DMICONC) - Lot 28 - Endoprothèse vasculaire périphérique, nitinol, non couverte / guide 0.018""",RESEAU DES ACHETEURS HOSPITALIERS,BIOTRONIK FRANCE,,,2023-07-11
Fourniture de dispositifs médicaux implantables stériles et dispositifs médicaux invasifs inscrits au titre V de la LPPR: système - DMICAT - Lot 133 - DMI Système Nerveux MEDTRONIC ou équivalent,RESEAU DES ACHETEURS HOSPITALIERS,MEDTRONIC FRANCE,15000000.0,,2023-07-10
"Fourniture de dispositifs médicaux implantables stériles et dispositifs médicaux invasifs inscrits au titre V de la LPPR: système digestif, système...-DMICAT-  - Lot 96 - DMI Chirurgie générale, plastique et reconstructrice MEDTRONIC ou équivalent - ",RESEAU DES ACHETEURS HOSPITALIERS,MEDTRONIC FRANCE,,,2023-07-10
"Fourniture de dispositifs médicaux implantables stériles et dispositifs médicaux invasifs inscrits au titre V de la LPPR: système digestif, système...-DMICAT-  - Lot 58 - DMI Système cardiovasculaire MEDTRONIC ou équivalent - ",RESEAU DES ACHETEURS HOSPITALIERS,MEDTRONIC FRANCE,,,2023-07-10
"Fourniture de dispositifs médicaux implantables stériles et dispositifs médicaux invasifs inscrits au titre V de la LPPR: système digestif, système..DMICAT - Lot 115 - DMI Système Uro et Gynéco MEDTRONIC ou équivalent ",RESEAU DES ACHETEURS HOSPITALIERS,MEDTRONIC FRANCE,9000000.0,,2023-07-10
"Fourniture de dispositifs médicaux implantables stériles et dispositifs médicaux invasifs inscrits au titre V de la LPPR: système digestif, système...-DMICAT- Lot 19 - DMI Système digestif et métabolique MEDTRONIC ou équivalent -  ",RESEAU DES ACHETEURS HOSPITALIERS,MEDTRONIC FRANCE,12355170.0,,2023-07-10
"Fourniture de dispositifs médicaux implantables stériles et dispositifs médicaux invasifs inscrits au titre V de la LPPR: système digestif, système...-DMICAT-  - Lot 43 - DMI Système cardiovasculaire BIOTRONIK ou équivalent - ",RESEAU DES ACHETEURS HOSPITALIERS,BIOTRONIK FRANCE,180000000.0,suspect,2023-07-07
"Fourniture de dispositifs médicaux implantables stériles et dispositifs médicaux invasifs inscrits au titre V de la LPPR: système digestif, système...-DMICAT- - Lot 5 - DMI Système digestif et métabolique BOSTON SCIENTIFIC ou équivalent - ",RESEAU DES ACHETEURS HOSPITALIERS,BOSTON SCIENTIFIC,6000000.0,,2023-07-07
"Fourniture de dispositifs médicaux implantables stériles et dispositifs médicaux invasifs inscrits au titre V de la LPPR: système digestif, système.-DMICAT - Lot 106 - DMI Système Uro et Gynéco BOSTON SCIENTIFIC ou équivalent",RESEAU DES ACHETEURS HOSPITALIERS,BOSTON SCIENTIFIC,30000000.0,,2023-07-07
"Fourniture de dispositifs médicaux implantables stériles et dispositifs médicaux invasifs inscrits au titre V de la LPPR: système digestif, système ..DMICAT - Lot 128 - DMI Système Nerveux BOSTON SCIENTIFIC ou équivalent",RESEAU DES ACHETEURS HOSPITALIERS,BOSTON SCIENTIFIC,6000000.0,,2023-07-07
"Fourniture de dispositifs médicaux implantables stériles et dispositifs médicaux invasifs inscrits au titre V de la LPPR: système digestif, système...-DMICAT-  - Lot 44 - DMI Système cardiovasculaire BOSTON SCIENTIFIC ou équivalent - ",RESEAU DES ACHETEURS HOSPITALIERS,BOSTON SCIENTIFIC,219000000.0,suspect,2023-07-07
AOO relatif à la fourniture de dispositifs médicaux pour électrophysiologie et rythmologie dans le cadre du Groupement Hospitalier de Territoire (GHT) Nord Franche-Comté - MONITEUR ECG IMPLANTABLE INJECTABLE,HOPITAL NORD FRANCHE COMTE,ABBOTT MEDICAL FRANCE SAS,162376.12,,2023-07-04
AOO relatif à la fourniture de dispositifs médicaux pour électrophysiologie et rythmologie dans le cadre du Groupement Hospitalier de Territoire (GHT) Nord Franche-Comté - CATHETER D’ABLATION ELECTRODE 4 MM IRRIGUEE POUR LESIONS PROFONDES,HOPITAL NORD FRANCHE COMTE,ABBOTT MEDICAL FRANCE SAS,53920.0,,2023-07-04
AOO relatif à la fourniture de dispositifs médicaux pour électrophysiologie et rythmologie dans le cadre du Groupement Hospitalier de Territoire (GHT) Nord Franche-Comté - CATHETER D’ABLATION DROIT ELECTRODE 4 MM NON IRRIGUE POUR NOEUD AURICULO-VENTRICULA,HOPITAL NORD FRANCHE COMTE,ABBOTT MEDICAL FRANCE SAS,8560.0,,2023-07-04
AOO relatif à la fourniture de dispositifs médicaux pour électrophysiologie et rythmologie dans le cadre du Groupement Hospitalier de Territoire (GHT) Nord Franche-Comté - CATHETER D’ABLATION ELECTRODE 8 MM NON IRRIGUE POUR FLUTTER,HOPITAL NORD FRANCHE COMTE,ABBOTT MEDICAL FRANCE SAS,91000.0,,2023-07-04
AOO relatif à la fourniture de dispositifs médicaux pour électrophysiologie et rythmologie dans le cadre du Groupement Hospitalier de Territoire (GHT) Nord Franche-Comté - CATHETER D’ELECTROPHYSIOLOGIE DECAPOLAIRE ORIENTABLE,HOPITAL NORD FRANCHE COMTE,ABBOTT MEDICAL FRANCE SAS,120480.0,,2023-07-04
AOO relatif à la fourniture de dispositifs médicaux pour électrophysiologie et rythmologie dans le cadre du Groupement Hospitalier de Territoire (GHT) Nord Franche-Comté - CATHETER D’ELECTROPHYSIOLOGIE QUADRIPOLAIRE ORIENTABLE,HOPITAL NORD FRANCHE COMTE,ABBOTT MEDICAL FRANCE SAS,45200.0,,2023-07-04
AOO relatif à la fourniture de dispositifs médicaux pour électrophysiologie et rythmologie dans le cadre du Groupement Hospitalier de Territoire (GHT) Nord Franche-Comté - CATHETER D’ELECTROPHYSIOLOGIE DIAGNOSTIQUE 4F POUR PATIENTS DE PETIT GABARIT,HOPITAL NORD FRANCHE COMTE,ABBOTT MEDICAL FRANCE SAS,4600.0,,2023-07-04
AOO relatif à la fourniture de dispositifs médicaux pour électrophysiologie et rythmologie dans le cadre du Groupement Hospitalier de Territoire (GHT) Nord Franche-Comté - CATHETER D’ELECTROPHYSIOLOGIE DIAGNOSTIQUE BIPOLAIRE RIGIDE,HOPITAL NORD FRANCHE COMTE,BOSTON SCIENTIFIC,1300.0,,2023-07-03
AOO relatif à la fourniture de dispositifs médicaux pour électrophysiologie et rythmologie dans le cadre du Groupement Hospitalier de Territoire (GHT) Nord Franche-Comté - MONITEUR ECG IMPLANTABLE INJECTABLE,HOPITAL NORD FRANCHE COMTE,MEDTRONIC FRANCE,40594.04,,2023-07-03
AOO relatif à la fourniture de dispositifs médicaux pour électrophysiologie et rythmologie dans le cadre du Groupement Hospitalier de Territoire (GHT) Nord Franche-Comté - CATHETER D’ELECTROPHYSIOLOGIE QUADRIPOLAIRE,HOPITAL NORD FRANCHE COMTE,BOSTON SCIENTIFIC,20000.0,,2023-07-03
AOO relatif à la fourniture de dispositifs médicaux pour électrophysiologie et rythmologie dans le cadre du Groupement Hospitalier de Territoire (GHT) Nord Franche-Comté - CATHETER D’ABLATION ELECTRODE 4 MM PREFORME NON IRRIGUE POUR VOIES LENTES,HOPITAL NORD FRANCHE COMTE,JOHNSON & JOHNSON MEDICAL SAS,56680.0,,2023-07-03
"Dispositifs médicaux stériles non implantables : 
-	Anesthésie réanimation ; chirurgie ; circulation extracorporelle ; cardiologie ; médecine ; endoscopie ; gynécologie – obstétrique ; prélèvement biopsie
-	Autotransfusion
        -	Dispositif diagnost",CENTRE HOSPITALIER UNIVERSITAIRE,MEDTRONIC FRANCE,2520.0,,2023-07-01
"Dispositifs médicaux stériles non implantables : 
-	Anesthésie réanimation ; chirurgie ; circulation extracorporelle ; cardiologie ; médecine ; endoscopie ; gynécologie – obstétrique ; prélèvement biopsie
-	Autotransfusion
        -	Dispositif diagnost",CENTRE HOSPITALIER UNIVERSITAIRE,MEDTRONIC FRANCE,38536.4,,2023-07-01
"Dispositifs médicaux stériles non implantables : 
-	Anesthésie réanimation ; chirurgie ; circulation extracorporelle ; cardiologie ; médecine ; endoscopie ; gynécologie – obstétrique ; prélèvement biopsie
-	Autotransfusion
        -	Dispositif diagnost",CENTRE HOSPITALIER UNIVERSITAIRE,BOSTON SCIENTIFIC,27972.0,,2023-07-01
"Dispositifs médicaux stériles non implantables : 
-	Anesthésie réanimation ; chirurgie ; circulation extracorporelle ; cardiologie ; médecine ; endoscopie ; gynécologie – obstétrique ; prélèvement biopsie
-	Autotransfusion
        -	Dispositif diagnost",CENTRE HOSPITALIER UNIVERSITAIRE,MEDTRONIC FRANCE,48720.0,,2023-07-01
"Dispositifs médicaux stériles non implantables : 
-	Anesthésie réanimation ; chirurgie ; circulation extracorporelle ; cardiologie ; médecine ; endoscopie ; gynécologie – obstétrique ; prélèvement biopsie
-	Autotransfusion
        -	Dispositif diagnost",CENTRE HOSPITALIER UNIVERSITAIRE,BOSTON SCIENTIFIC,27840.0,,2023-07-01
"Dispositifs médicaux stériles non implantables : 
-	Anesthésie réanimation ; chirurgie ; circulation extracorporelle ; cardiologie ; médecine ; endoscopie ; gynécologie – obstétrique ; prélèvement biopsie
-	Autotransfusion
        -	Dispositif diagnost",CENTRE HOSPITALIER UNIVERSITAIRE,ZIMMER BIOMET FRANCE,1056.8,,2023-07-01
"Dispositifs médicaux stériles non implantables : 
-	Anesthésie réanimation ; chirurgie ; circulation extracorporelle ; cardiologie ; médecine ; endoscopie ; gynécologie – obstétrique ; prélèvement biopsie
-	Autotransfusion
        -	Dispositif diagnost",CENTRE HOSPITALIER UNIVERSITAIRE,ZIMMER BIOMET FRANCE,2800.0,,2023-07-01
"Dispositifs médicaux stériles non implantables : 
-	Anesthésie réanimation ; chirurgie ; circulation extracorporelle ; cardiologie ; médecine ; endoscopie ; gynécologie – obstétrique ; prélèvement biopsie
-	Autotransfusion
        -	Dispositif diagnost",CENTRE HOSPITALIER UNIVERSITAIRE,MEDTRONIC FRANCE,78000.0,,2023-07-01
"Dispositifs médicaux stériles non implantables : 
-	Anesthésie réanimation ; chirurgie ; circulation extracorporelle ; cardiologie ; médecine ; endoscopie ; gynécologie – obstétrique ; prélèvement biopsie
-	Autotransfusion
        -	Dispositif diagnost",CENTRE HOSPITALIER UNIVERSITAIRE,MEDTRONIC FRANCE,129840.0,,2023-07-01
"Dispositifs médicaux stériles non implantables : 
-	Anesthésie réanimation ; chirurgie ; circulation extracorporelle ; cardiologie ; médecine ; endoscopie ; gynécologie – obstétrique ; prélèvement biopsie
-	Autotransfusion
        -	Dispositif diagnost",CENTRE HOSPITALIER UNIVERSITAIRE,STRYKER FRANCE SA,244548.4,,2023-07-01
"Dispositifs médicaux stériles non implantables : 
-	Anesthésie réanimation ; chirurgie ; circulation extracorporelle ; cardiologie ; médecine ; endoscopie ; gynécologie – obstétrique ; prélèvement biopsie
-	Autotransfusion
        -	Dispositif diagnost",CENTRE HOSPITALIER UNIVERSITAIRE,STRYKER FRANCE SA,30100.0,,2023-07-01
"Dispositifs médicaux stériles non implantables : 
-	Anesthésie réanimation ; chirurgie ; circulation extracorporelle ; cardiologie ; médecine ; endoscopie ; gynécologie – obstétrique ; prélèvement biopsie
-	Autotransfusion
        -	Dispositif diagnost",CENTRE HOSPITALIER UNIVERSITAIRE,MEDTRONIC FRANCE,63400.0,,2023-07-01
"Dispositifs médicaux stériles non implantables : 
-	Anesthésie réanimation ; chirurgie ; circulation extracorporelle ; cardiologie ; médecine ; endoscopie ; gynécologie – obstétrique ; prélèvement biopsie
-	Autotransfusion
        -	Dispositif diagnost",CENTRE HOSPITALIER UNIVERSITAIRE,BOSTON SCIENTIFIC,3720.0,,2023-07-01
"Dispositifs médicaux stériles non implantables : 
-	Anesthésie réanimation ; chirurgie ; circulation extracorporelle ; cardiologie ; médecine ; endoscopie ; gynécologie – obstétrique ; prélèvement biopsie
-	Autotransfusion
        -	Dispositif diagnost",CENTRE HOSPITALIER UNIVERSITAIRE,MEDTRONIC FRANCE,31200.0,,2023-07-01
"Dispositifs médicaux stériles non implantables : 
-	Anesthésie réanimation ; chirurgie ; circulation extracorporelle ; cardiologie ; médecine ; endoscopie ; gynécologie – obstétrique ; prélèvement biopsie
-	Autotransfusion
        -	Dispositif diagnost",CENTRE HOSPITALIER UNIVERSITAIRE,MEDTRONIC FRANCE,78912.0,,2023-07-01
"Dispositifs médicaux stériles non implantables : 
-	Anesthésie réanimation ; chirurgie ; circulation extracorporelle ; cardiologie ; médecine ; endoscopie ; gynécologie – obstétrique ; prélèvement biopsie
-	Autotransfusion
        -	Dispositif diagnost",CENTRE HOSPITALIER UNIVERSITAIRE,BOSTON SCIENTIFIC,3600.0,,2023-07-01
"Dispositifs médicaux stériles non implantables : 
-	Anesthésie réanimation ; chirurgie ; circulation extracorporelle ; cardiologie ; médecine ; endoscopie ; gynécologie – obstétrique ; prélèvement biopsie
-	Autotransfusion
        -	Dispositif diagnost",CENTRE HOSPITALIER UNIVERSITAIRE,STRYKER FRANCE SA,62802.0,,2023-07-01
"Dispositifs médicaux stériles non implantables : 
-	Anesthésie réanimation ; chirurgie ; circulation extracorporelle ; cardiologie ; médecine ; endoscopie ; gynécologie – obstétrique ; prélèvement biopsie
-	Autotransfusion
        -	Dispositif diagnost",CENTRE HOSPITALIER UNIVERSITAIRE,MEDTRONIC FRANCE,29500.0,,2023-07-01
"Dispositifs médicaux stériles non implantables : 
-	Anesthésie réanimation ; chirurgie ; circulation extracorporelle ; cardiologie ; médecine ; endoscopie ; gynécologie – obstétrique ; prélèvement biopsie
-	Autotransfusion
        -	Dispositif diagnost",CENTRE HOSPITALIER UNIVERSITAIRE,BOSTON SCIENTIFIC,50960.0,,2023-07-01
"Dispositifs médicaux stériles non implantables : 
-	Anesthésie réanimation ; chirurgie ; circulation extracorporelle ; cardiologie ; médecine ; endoscopie ; gynécologie – obstétrique ; prélèvement biopsie
-	Autotransfusion
        -	Dispositif diagnost",CENTRE HOSPITALIER UNIVERSITAIRE,MEDTRONIC FRANCE,60478.0,,2023-07-01
"Dispositifs médicaux stériles non implantables : 
-	Anesthésie réanimation ; chirurgie ; circulation extracorporelle ; cardiologie ; médecine ; endoscopie ; gynécologie – obstétrique ; prélèvement biopsie
-	Autotransfusion
        -	Dispositif diagnost",CENTRE HOSPITALIER UNIVERSITAIRE,STRYKER FRANCE SA,38240.0,,2023-07-01
"Dispositifs médicaux stériles non implantables : 
-	Anesthésie réanimation ; chirurgie ; circulation extracorporelle ; cardiologie ; médecine ; endoscopie ; gynécologie – obstétrique ; prélèvement biopsie
-	Autotransfusion
        -	Dispositif diagnost",CENTRE HOSPITALIER UNIVERSITAIRE,STRYKER FRANCE SA,23360.0,,2023-07-01
"AOO relatif à la fourniture de dialyseurs, cathéters et autres dispositifs médicaux pour l’hémodialyse, la dialyse péritonéale et l’hémofiltration dans le cadre du Groupement Hospitalier de Territoire (GHT) Nord Franche-Comté - Cathéter d’hémodialyse temp",HOPITAL NORD FRANCHE COMTE,MEDTRONIC FRANCE,15120.0,,2023-06-30
"Dispositifs médicaux stériles non implantables : 
-	Anesthésie réanimation ; chirurgie ; circulation extracorporelle ; cardiologie ; médecine ; endoscopie ; gynécologie – obstétrique ; prélèvement biopsie
-	Autotransfusion
        -	Dispositif diagnost",CENTRE HOSPITALIER UNIVERSITAIRE,MEDTRONIC FRANCE,117525.83,,2023-06-28
DMS2022-03AO089 fourniture de Dispositifs Médicaux Stériles : Dispositifs non implantables stériles toutes spécialités -	Implants stériles toutes spécialités -Sutures manuelles -Tubes de prélèvement -	Consommables radio-pharmacie -	Ostéosynthèse -Pansemen,CENTRE HOSPITALIER UNIVERSITAIRE,BOSTON SCIENTIFIC,780000.0,,2023-06-22
"Dispositifs médicaux stériles non implantables : 
-	Anesthésie réanimation ; chirurgie ; circulation extracorporelle ; cardiologie ; médecine ; endoscopie ; gynécologie – obstétrique ; prélèvement biopsie
-	Autotransfusion
        -	Dispositif diagnost",CENTRE HOSPITALIER UNIVERSITAIRE,GETINGE FRANCE,135648.0,,2023-06-12
"Dispositifs médicaux stériles non implantables : 
-	Anesthésie réanimation ; chirurgie ; circulation extracorporelle ; cardiologie ; médecine ; endoscopie ; gynécologie – obstétrique ; prélèvement biopsie
-	Autotransfusion
        -	Dispositif diagnost",CENTRE HOSPITALIER UNIVERSITAIRE,MEDTRONIC FRANCE,289942.0,,2023-06-09
"Dispositifs médicaux stériles non implantables : 
-	Anesthésie réanimation ; chirurgie ; circulation extracorporelle ; cardiologie ; médecine ; endoscopie ; gynécologie – obstétrique ; prélèvement biopsie
-	Autotransfusion
        -	Dispositif diagnost",CENTRE HOSPITALIER UNIVERSITAIRE,ABBOTT MEDICAL FRANCE SAS,240640.0,,2023-06-09
"Dispositifs médicaux stériles non implantables : 
-	Anesthésie réanimation ; chirurgie ; circulation extracorporelle ; cardiologie ; médecine ; endoscopie ; gynécologie – obstétrique ; prélèvement biopsie
-	Autotransfusion
        -	Dispositif diagnost",CENTRE HOSPITALIER UNIVERSITAIRE,GETINGE FRANCE,87120.0,,2023-06-09
"Dispositifs médicaux stériles non implantables : 
-	Anesthésie réanimation ; chirurgie ; circulation extracorporelle ; cardiologie ; médecine ; endoscopie ; gynécologie – obstétrique ; prélèvement biopsie
-	Autotransfusion
        -	Dispositif diagnost",CENTRE HOSPITALIER UNIVERSITAIRE,BOSTON SCIENTIFIC,64440.0,,2023-06-09
"Dispositifs médicaux stériles non implantables : 
-	Anesthésie réanimation ; chirurgie ; circulation extracorporelle ; cardiologie ; médecine ; endoscopie ; gynécologie – obstétrique ; prélèvement biopsie
-	Autotransfusion
        -	Dispositif diagnost",CENTRE HOSPITALIER UNIVERSITAIRE,MEDTRONIC FRANCE,25200.0,,2023-06-09
"Dispositifs médicaux stériles non implantables : 
-	Anesthésie réanimation ; chirurgie ; circulation extracorporelle ; cardiologie ; médecine ; endoscopie ; gynécologie – obstétrique ; prélèvement biopsie
-	Autotransfusion
        -	Dispositif diagnost",CENTRE HOSPITALIER UNIVERSITAIRE,JOHNSON & JOHNSON MEDICAL SAS,301920.0,,2023-06-09
"Dispositifs médicaux stériles non implantables : 
-	Anesthésie réanimation ; chirurgie ; circulation extracorporelle ; cardiologie ; médecine ; endoscopie ; gynécologie – obstétrique ; prélèvement biopsie
-	Autotransfusion
        -	Dispositif diagnost",CENTRE HOSPITALIER UNIVERSITAIRE,ABBOTT MEDICAL FRANCE SAS,9680.0,,2023-06-09
"Dispositifs médicaux stériles non implantables : 
-	Anesthésie réanimation ; chirurgie ; circulation extracorporelle ; cardiologie ; médecine ; endoscopie ; gynécologie – obstétrique ; prélèvement biopsie
-	Autotransfusion
        -	Dispositif diagnost",CENTRE HOSPITALIER UNIVERSITAIRE,MEDTRONIC FRANCE,50344.0,,2023-06-09
"Dispositifs médicaux stériles non implantables : 
-	Anesthésie réanimation ; chirurgie ; circulation extracorporelle ; cardiologie ; médecine ; endoscopie ; gynécologie – obstétrique ; prélèvement biopsie
-	Autotransfusion
        -	Dispositif diagnost",CENTRE HOSPITALIER UNIVERSITAIRE,MEDTRONIC FRANCE,5365200.0,,2023-06-09
"Dispositifs médicaux stériles non implantables : 
-	Anesthésie réanimation ; chirurgie ; circulation extracorporelle ; cardiologie ; médecine ; endoscopie ; gynécologie – obstétrique ; prélèvement biopsie
-	Autotransfusion
        -	Dispositif diagnost",CENTRE HOSPITALIER UNIVERSITAIRE,JOHNSON & JOHNSON MEDICAL SAS,3876000.0,,2023-06-09
"Dispositifs médicaux stériles non implantables : 
-	Anesthésie réanimation ; chirurgie ; circulation extracorporelle ; cardiologie ; médecine ; endoscopie ; gynécologie – obstétrique ; prélèvement biopsie
-	Autotransfusion
        -	Dispositif diagnost",CENTRE HOSPITALIER UNIVERSITAIRE,MEDTRONIC FRANCE,4992.0,,2023-06-09
"Dispositifs médicaux stériles non implantables : 
-	Anesthésie réanimation ; chirurgie ; circulation extracorporelle ; cardiologie ; médecine ; endoscopie ; gynécologie – obstétrique ; prélèvement biopsie
-	Autotransfusion
        -	Dispositif diagnost",CENTRE HOSPITALIER UNIVERSITAIRE,MEDTRONIC FRANCE,40113.0,,2023-06-09
"Dispositifs médicaux stériles non implantables : 
-	Anesthésie réanimation ; chirurgie ; circulation extracorporelle ; cardiologie ; médecine ; endoscopie ; gynécologie – obstétrique ; prélèvement biopsie
-	Autotransfusion
        -	Dispositif diagnost",CENTRE HOSPITALIER UNIVERSITAIRE,MEDTRONIC FRANCE,84800.0,,2023-06-09
"Dispositifs médicaux stériles non implantables : 
-	Anesthésie réanimation ; chirurgie ; circulation extracorporelle ; cardiologie ; médecine ; endoscopie ; gynécologie – obstétrique ; prélèvement biopsie
-	Autotransfusion
        -	Dispositif diagnost",CENTRE HOSPITALIER UNIVERSITAIRE,ABBOTT FRANCE,9564.74,,2023-06-09
"Dispositifs médicaux stériles non implantables : 
-	Anesthésie réanimation ; chirurgie ; circulation extracorporelle ; cardiologie ; médecine ; endoscopie ; gynécologie – obstétrique ; prélèvement biopsie
-	Autotransfusion
        -	Dispositif diagnost",CENTRE HOSPITALIER UNIVERSITAIRE,GETINGE FRANCE,22308.0,,2023-06-09
"Dispositifs médicaux stériles non implantables : 
-	Anesthésie réanimation ; chirurgie ; circulation extracorporelle ; cardiologie ; médecine ; endoscopie ; gynécologie – obstétrique ; prélèvement biopsie
-	Autotransfusion
        -	Dispositif diagnost",CENTRE HOSPITALIER UNIVERSITAIRE,BOSTON SCIENTIFIC,75400.0,,2023-06-09
"Dispositifs médicaux stériles non implantables : 
-	Anesthésie réanimation ; chirurgie ; circulation extracorporelle ; cardiologie ; médecine ; endoscopie ; gynécologie – obstétrique ; prélèvement biopsie
-	Autotransfusion
        -	Dispositif diagnost",CENTRE HOSPITALIER UNIVERSITAIRE,BOSTON SCIENTIFIC,308200.0,,2023-06-09
"Dispositifs médicaux stériles non implantables : 
-	Anesthésie réanimation ; chirurgie ; circulation extracorporelle ; cardiologie ; médecine ; endoscopie ; gynécologie – obstétrique ; prélèvement biopsie
-	Autotransfusion
        -	Dispositif diagnost",CENTRE HOSPITALIER UNIVERSITAIRE,MEDTRONIC FRANCE,51600.0,,2023-06-09
"Dispositifs médicaux stériles non implantables : 
-	Anesthésie réanimation ; chirurgie ; circulation extracorporelle ; cardiologie ; médecine ; endoscopie ; gynécologie – obstétrique ; prélèvement biopsie
-	Autotransfusion
        -	Dispositif diagnost",CENTRE HOSPITALIER UNIVERSITAIRE,MEDTRONIC FRANCE,637536.0,,2023-06-09
"Dispositifs médicaux stériles non implantables : 
-	Anesthésie réanimation ; chirurgie ; circulation extracorporelle ; cardiologie ; médecine ; endoscopie ; gynécologie – obstétrique ; prélèvement biopsie
-	Autotransfusion
        -	Dispositif diagnost",CENTRE HOSPITALIER UNIVERSITAIRE,MEDTRONIC FRANCE,200512.0,,2023-06-09
"Dispositifs médicaux stériles non implantables : 
-	Anesthésie réanimation ; chirurgie ; circulation extracorporelle ; cardiologie ; médecine ; endoscopie ; gynécologie – obstétrique ; prélèvement biopsie
-	Autotransfusion
        -	Dispositif diagnost",CENTRE HOSPITALIER UNIVERSITAIRE,MEDTRONIC FRANCE,34000.0,,2023-06-09
"Dispositifs médicaux stériles non implantables : 
-	Anesthésie réanimation ; chirurgie ; circulation extracorporelle ; cardiologie ; médecine ; endoscopie ; gynécologie – obstétrique ; prélèvement biopsie
-	Autotransfusion
        -	Dispositif diagnost",CENTRE HOSPITALIER UNIVERSITAIRE,STRYKER FRANCE SA,14448.0,,2023-06-09
"Dispositifs médicaux stériles non implantables : 
-	Anesthésie réanimation ; chirurgie ; circulation extracorporelle ; cardiologie ; médecine ; endoscopie ; gynécologie – obstétrique ; prélèvement biopsie
-	Autotransfusion
        -	Dispositif diagnost",CENTRE HOSPITALIER UNIVERSITAIRE,BOSTON SCIENTIFIC,11316.0,,2023-06-09
"Dispositifs médicaux stériles non implantables : 
-	Anesthésie réanimation ; chirurgie ; circulation extracorporelle ; cardiologie ; médecine ; endoscopie ; gynécologie – obstétrique ; prélèvement biopsie
-	Autotransfusion
        -	Dispositif diagnost",CENTRE HOSPITALIER UNIVERSITAIRE,MEDTRONIC FRANCE,83000.0,,2023-06-09
"Dispositifs médicaux stériles non implantables : 
-	Anesthésie réanimation ; chirurgie ; circulation extracorporelle ; cardiologie ; médecine ; endoscopie ; gynécologie – obstétrique ; prélèvement biopsie
-	Autotransfusion
        -	Dispositif diagnost",CENTRE HOSPITALIER UNIVERSITAIRE,BOSTON SCIENTIFIC,14400.0,,2023-06-09
"Dispositifs médicaux stériles non implantables : 
-	Anesthésie réanimation ; chirurgie ; circulation extracorporelle ; cardiologie ; médecine ; endoscopie ; gynécologie – obstétrique ; prélèvement biopsie
-	Autotransfusion
        -	Dispositif diagnost",CENTRE HOSPITALIER UNIVERSITAIRE,BOSTON SCIENTIFIC,410700.0,,2023-06-09
"Dispositifs médicaux stériles non implantables : 
-	Anesthésie réanimation ; chirurgie ; circulation extracorporelle ; cardiologie ; médecine ; endoscopie ; gynécologie – obstétrique ; prélèvement biopsie
-	Autotransfusion
        -	Dispositif diagnost",CENTRE HOSPITALIER UNIVERSITAIRE,JOHNSON & JOHNSON MEDICAL SAS,313160.0,,2023-06-09
"Dispositifs médicaux stériles non implantables : 
-	Anesthésie réanimation ; chirurgie ; circulation extracorporelle ; cardiologie ; médecine ; endoscopie ; gynécologie – obstétrique ; prélèvement biopsie
-	Autotransfusion
        -	Dispositif diagnost",CENTRE HOSPITALIER UNIVERSITAIRE,BOSTON SCIENTIFIC,37200.0,,2023-06-09
"Dispositifs médicaux stériles non implantables : 
-	Anesthésie réanimation ; chirurgie ; circulation extracorporelle ; cardiologie ; médecine ; endoscopie ; gynécologie – obstétrique ; prélèvement biopsie
-	Autotransfusion
        -	Dispositif diagnost",CENTRE HOSPITALIER UNIVERSITAIRE,BOSTON SCIENTIFIC,723520.0,,2023-06-09
"Dispositifs médicaux stériles non implantables : 
-	Anesthésie réanimation ; chirurgie ; circulation extracorporelle ; cardiologie ; médecine ; endoscopie ; gynécologie – obstétrique ; prélèvement biopsie
-	Autotransfusion
        -	Dispositif diagnost",CENTRE HOSPITALIER UNIVERSITAIRE,ABBOTT MEDICAL FRANCE SAS,200000.0,,2023-06-09
"Dispositifs médicaux stériles non implantables : 
-	Anesthésie réanimation ; chirurgie ; circulation extracorporelle ; cardiologie ; médecine ; endoscopie ; gynécologie – obstétrique ; prélèvement biopsie
-	Autotransfusion
        -	Dispositif diagnost",CENTRE HOSPITALIER UNIVERSITAIRE,ABBOTT MEDICAL FRANCE SAS,560000.0,,2023-06-09
"Dispositifs médicaux stériles non implantables : 
-	Anesthésie réanimation ; chirurgie ; circulation extracorporelle ; cardiologie ; médecine ; endoscopie ; gynécologie – obstétrique ; prélèvement biopsie
-	Autotransfusion
        -	Dispositif diagnost",CENTRE HOSPITALIER UNIVERSITAIRE,ABBOTT MEDICAL FRANCE SAS,205200.0,,2023-06-09
"Dispositifs médicaux stériles non implantables : 
-	Anesthésie réanimation ; chirurgie ; circulation extracorporelle ; cardiologie ; médecine ; endoscopie ; gynécologie – obstétrique ; prélèvement biopsie
-	Autotransfusion
        -	Dispositif diagnost",CENTRE HOSPITALIER UNIVERSITAIRE,BOSTON SCIENTIFIC,4720.0,,2023-06-09
"Dispositifs médicaux stériles non implantables : 
-	Anesthésie réanimation ; chirurgie ; circulation extracorporelle ; cardiologie ; médecine ; endoscopie ; gynécologie – obstétrique ; prélèvement biopsie
-	Autotransfusion
        -	Dispositif diagnost",CENTRE HOSPITALIER UNIVERSITAIRE,MEDTRONIC FRANCE,600.0,,2023-06-09
"Dispositifs médicaux stériles non implantables : 
-	Anesthésie réanimation ; chirurgie ; circulation extracorporelle ; cardiologie ; médecine ; endoscopie ; gynécologie – obstétrique ; prélèvement biopsie
-	Autotransfusion
        -	Dispositif diagnost",CENTRE HOSPITALIER UNIVERSITAIRE,GETINGE FRANCE,89600.0,,2023-06-09
"Dispositifs médicaux stériles non implantables : 
-	Anesthésie réanimation ; chirurgie ; circulation extracorporelle ; cardiologie ; médecine ; endoscopie ; gynécologie – obstétrique ; prélèvement biopsie
-	Autotransfusion
        -	Dispositif diagnost",CENTRE HOSPITALIER UNIVERSITAIRE,MEDTRONIC FRANCE,11648.0,,2023-06-09
"Dispositifs médicaux stériles non implantables : 
-	Anesthésie réanimation ; chirurgie ; circulation extracorporelle ; cardiologie ; médecine ; endoscopie ; gynécologie – obstétrique ; prélèvement biopsie
-	Autotransfusion
        -	Dispositif diagnost",CENTRE HOSPITALIER UNIVERSITAIRE,MEDTRONIC FRANCE,8240.0,,2023-06-09
"Dispositifs médicaux stériles non implantables : 
-	Anesthésie réanimation ; chirurgie ; circulation extracorporelle ; cardiologie ; médecine ; endoscopie ; gynécologie – obstétrique ; prélèvement biopsie
-	Autotransfusion
        -	Dispositif diagnost",CENTRE HOSPITALIER UNIVERSITAIRE,MEDTRONIC FRANCE,87060.0,,2023-06-09
"Dispositifs médicaux stériles non implantables : 
-	Anesthésie réanimation ; chirurgie ; circulation extracorporelle ; cardiologie ; médecine ; endoscopie ; gynécologie – obstétrique ; prélèvement biopsie
-	Autotransfusion
        -	Dispositif diagnost",CENTRE HOSPITALIER UNIVERSITAIRE,BOSTON SCIENTIFIC,6600.0,,2023-06-09
"Dispositifs médicaux stériles non implantables : 
-	Anesthésie réanimation ; chirurgie ; circulation extracorporelle ; cardiologie ; médecine ; endoscopie ; gynécologie – obstétrique ; prélèvement biopsie
-	Autotransfusion
        -	Dispositif diagnost",CENTRE HOSPITALIER UNIVERSITAIRE,BOSTON SCIENTIFIC,3120.0,,2023-06-09
"Dispositifs médicaux stériles non implantables : 
-	Anesthésie réanimation ; chirurgie ; circulation extracorporelle ; cardiologie ; médecine ; endoscopie ; gynécologie – obstétrique ; prélèvement biopsie
-	Autotransfusion
        -	Dispositif diagnost",CENTRE HOSPITALIER UNIVERSITAIRE,BOSTON SCIENTIFIC,6000.0,,2023-06-09
"Dispositifs médicaux stériles non implantables : 
-	Anesthésie réanimation ; chirurgie ; circulation extracorporelle ; cardiologie ; médecine ; endoscopie ; gynécologie – obstétrique ; prélèvement biopsie
-	Autotransfusion
        -	Dispositif diagnost",CENTRE HOSPITALIER UNIVERSITAIRE,MEDTRONIC FRANCE,25420.0,,2023-06-09
"Dispositifs médicaux stériles non implantables : 
-	Anesthésie réanimation ; chirurgie ; circulation extracorporelle ; cardiologie ; médecine ; endoscopie ; gynécologie – obstétrique ; prélèvement biopsie
-	Autotransfusion
        -	Dispositif diagnost",CENTRE HOSPITALIER UNIVERSITAIRE,JOHNSON & JOHNSON MEDICAL SAS,132000.0,,2023-06-09
"Dispositifs médicaux stériles non implantables : 
-	Anesthésie réanimation ; chirurgie ; circulation extracorporelle ; cardiologie ; médecine ; endoscopie ; gynécologie – obstétrique ; prélèvement biopsie
-	Autotransfusion
        -	Dispositif diagnost",CENTRE HOSPITALIER UNIVERSITAIRE,MEDTRONIC FRANCE,299860.0,,2023-06-09
"Dispositifs médicaux stériles non implantables : 
-	Anesthésie réanimation ; chirurgie ; circulation extracorporelle ; cardiologie ; médecine ; endoscopie ; gynécologie – obstétrique ; prélèvement biopsie
-	Autotransfusion
        -	Dispositif diagnost",CENTRE HOSPITALIER UNIVERSITAIRE,MEDTRONIC FRANCE,3900.0,,2023-06-09
"Dispositifs médicaux stériles non implantables : 
-	Anesthésie réanimation ; chirurgie ; circulation extracorporelle ; cardiologie ; médecine ; endoscopie ; gynécologie – obstétrique ; prélèvement biopsie
-	Autotransfusion
        -	Dispositif diagnost",CENTRE HOSPITALIER UNIVERSITAIRE,MEDTRONIC FRANCE,9900.0,,2023-06-09
"Dispositifs médicaux stériles non implantables : 
-	Anesthésie réanimation ; chirurgie ; circulation extracorporelle ; cardiologie ; médecine ; endoscopie ; gynécologie – obstétrique ; prélèvement biopsie
-	Autotransfusion
        -	Dispositif diagnost",CENTRE HOSPITALIER UNIVERSITAIRE,MEDTRONIC FRANCE,9900.0,,2023-06-09
"Dispositifs médicaux stériles non implantables : 
-	Anesthésie réanimation ; chirurgie ; circulation extracorporelle ; cardiologie ; médecine ; endoscopie ; gynécologie – obstétrique ; prélèvement biopsie
-	Autotransfusion
        -	Dispositif diagnost",CENTRE HOSPITALIER UNIVERSITAIRE,ABBOTT MEDICAL FRANCE SAS,172440.0,,2023-06-09
Fourniture de Dispositifs Médicaux Implantables de Cardiologie ABBOTT MEDICAL Lot n°6,CENTRE HOSPITALIER VERDUN SAINT MIHIEL,ABBOTT MEDICAL FRANCE SAS,0.0,,2023-06-06
Fourniture de Dispositifs Médicaux Implantables de cardiologie BIOTRONIK Lot n°1,CENTRE HOSPITALIER VERDUN SAINT MIHIEL,BIOTRONIK FRANCE,0.0,,2023-06-06
"Dispositifs médicaux stériles non implantables : 
-	Anesthésie réanimation ; chirurgie ; circulation extracorporelle ; cardiologie ; médecine ; endoscopie ; gynécologie – obstétrique ; prélèvement biopsie
-	Autotransfusion
        -	Dispositif diagnost",CENTRE HOSPITALIER UNIVERSITAIRE,BOSTON SCIENTIFIC,14560.0,,2023-06-06
FOURNITURE DE DISPOSITIFS MEDICAUX STERILES : DEFIBRILLATEUR SOUS CUTANE EMBLEM -,CTRE HOSPITALIER UNIVERS PONTCHAILLOU,BOSTON SCIENTIFIC,2412882.0,,2023-06-05
FOURNITURE DE DISPOSITIFS MEDICAUX POUR CHIRURGIE DU RACHIS - IMPLANT EXPANSIF INTRA VERTEBRAL POUR FRACTURE,CTRE HOSPITALIER UNIVERS PONTCHAILLOU,STRYKER FRANCE SA,177460.0,,2023-06-05
"Fourniture de stimulateurs cardiaques implantables simple et double chambre, d’électrodes de stimulation endocavitaires et de moniteurs cardiaques implantables - STIMULATEURS CARDIAQUES AVEC SYSTEME AUTOMATIQUE D’ADAPTATION DE SEUIL ET SONDES DE STIMULATI",HOSPICES CIVILS DE BEAUNE,ABBOTT MEDICAL FRANCE SAS,,,2023-06-05
"Fourniture de stimulateurs cardiaques implantables simple et double chambre, d’électrodes de stimulation endocavitaires et de moniteurs cardiaques implantables - STIMULATEUR CARDIAQUE DOUBLE CHAMBRE A FREQUENCE ASSERVIE AVEC ALGORITHME DE PRESERVATION DE ",HOSPICES CIVILS DE BEAUNE,MEDTRONIC FRANCE,,,2023-06-05
"Fourniture de stimulateurs cardiaques implantables simple et double chambre, d’électrodes de stimulation endocavitaires et de moniteurs cardiaques implantables - MONITEUR CARDIAQUE IMPLANTABLE",HOSPICES CIVILS DE BEAUNE,ABBOTT MEDICAL FRANCE SAS,,,2023-06-05
"Fourniture de stimulateurs cardiaques implantables simple et double chambre, d’électrodes de stimulation endocavitaires et de moniteurs cardiaques implantables - MONITEUR CARDIAQUE IMPLANTABLE",HOSPICES CIVILS DE BEAUNE,MEDTRONIC FRANCE,,,2023-06-05
Fourniture de dispositifs médicaux d’abord chirurgical - PROTHESE VASCULAIRE POLYESTER AVEC REVETEMENT ANTI-MICROBIEN,CENTRE HOSPITALIER BRETAGNE ATLANTIQUE (CENTRE HOSPITALIER CHUBERT),GETINGE FRANCE,3102.92,,2023-06-02
Fourniture de dispositifs médicaux stériles (relance des lots infructueux de l’AO23DMS) - RV CATHETER D’OCCLUSION TEMPORAIRE,CENTRE HOSPITALIER UNIVERSITAIRE GRENOBLE ALPES (HOPITAL NORD),BOSTON SCIENTIFIC,60000.0,,2023-06-01
"Fourniture d’implants de réfection de paroi et antiadhérentiels, dispositifs pour laparotomie et coelioscopie, agents hémostatiques et d’étanchéité, lacs et dispositifs médicaux pour ablathermie peropératoire et per-cutanée et mise à disposition des dispo",CENTRE HOSPITALIER REGIONAL UNIVERSITAIRE DE TOURS (CHRU TROUSSEAU CHAMBRAY),MEDTRONIC FRANCE,595200.0,,2023-06-01
"Fourniture d’implants de réfection de paroi et antiadhérentiels, dispositifs pour laparotomie et coelioscopie, agents hémostatiques et d’étanchéité, lacs et dispositifs médicaux pour ablathermie peropératoire et per-cutanée et mise à disposition des dispo",CENTRE HOSPITALIER REGIONAL UNIVERSITAIRE DE TOURS (CHRU TROUSSEAU CHAMBRAY),MEDTRONIC FRANCE,595200.0,,2023-06-01
"Fourniture d’implants de réfection de paroi et antiadhérentiels, dispositifs pour laparotomie et coelioscopie, agents hémostatiques et d’étanchéité, lacs et dispositifs médicaux pour ablathermie peropératoire et per-cutanée et mise à disposition des dispo",CENTRE HOSPITALIER REGIONAL UNIVERSITAIRE DE TOURS (CHRU TROUSSEAU CHAMBRAY),JOHNSON & JOHNSON MEDICAL SAS,1736040.0,,2023-06-01
"Fourniture d’implants de réfection de paroi et antiadhérentiels, dispositifs pour laparotomie et coelioscopie, agents hémostatiques et d’étanchéité, lacs et dispositifs médicaux pour ablathermie peropératoire et per-cutanée et mise à disposition des dispo",CENTRE HOSPITALIER REGIONAL UNIVERSITAIRE DE TOURS (CHRU TROUSSEAU CHAMBRAY),JOHNSON & JOHNSON MEDICAL SAS,1736040.0,,2023-06-01
"Fourniture d’implants de réfection de paroi et antiadhérentiels, dispositifs pour laparotomie et coelioscopie, agents hémostatiques et d’étanchéité, lacs et dispositifs médicaux pour ablathermie peropératoire et per-cutanée et mise à disposition des dispo",CENTRE HOSPITALIER REGIONAL UNIVERSITAIRE DE TOURS (CHRU TROUSSEAU CHAMBRAY),MEDTRONIC FRANCE,595200.0,,2023-06-01
"Fourniture d’implants de réfection de paroi et antiadhérentiels, dispositifs pour laparotomie et coelioscopie, agents hémostatiques et d’étanchéité, lacs et dispositifs médicaux pour ablathermie peropératoire et per-cutanée et mise à disposition des dispo",CENTRE HOSPITALIER REGIONAL UNIVERSITAIRE DE TOURS (CHRU TROUSSEAU CHAMBRAY),MEDTRONIC FRANCE,595200.0,,2023-06-01
"Fourniture d’implants de réfection de paroi et antiadhérentiels, dispositifs pour laparotomie et coelioscopie, agents hémostatiques et d’étanchéité, lacs et dispositifs médicaux pour ablathermie peropératoire et per-cutanée et mise à disposition des dispo",CENTRE HOSPITALIER REGIONAL UNIVERSITAIRE DE TOURS (CHRU TROUSSEAU CHAMBRAY),JOHNSON & JOHNSON MEDICAL SAS,1736040.0,,2023-06-01
"Fourniture d’implants de réfection de paroi et antiadhérentiels, dispositifs pour laparotomie et coelioscopie, agents hémostatiques et d’étanchéité, lacs et dispositifs médicaux pour ablathermie peropératoire et per-cutanée et mise à disposition des dispo",CENTRE HOSPITALIER REGIONAL UNIVERSITAIRE DE TOURS (CHRU TROUSSEAU CHAMBRAY),JOHNSON & JOHNSON MEDICAL SAS,1736040.0,,2023-06-01
"Fourniture d’implants de réfection de paroi et antiadhérentiels, dispositifs pour laparotomie et coelioscopie, agents hémostatiques et d’étanchéité, lacs et dispositifs médicaux pour ablathermie peropératoire et per-cutanée et mise à disposition des dispo",CENTRE HOSPITALIER REGIONAL UNIVERSITAIRE DE TOURS (CHRU TROUSSEAU CHAMBRAY),MEDTRONIC FRANCE,595200.0,,2023-06-01
"Fourniture d’implants de réfection de paroi et antiadhérentiels, dispositifs pour laparotomie et coelioscopie, agents hémostatiques et d’étanchéité, lacs et dispositifs médicaux pour ablathermie peropératoire et per-cutanée et mise à disposition des dispo",CENTRE HOSPITALIER REGIONAL UNIVERSITAIRE DE TOURS (CHRU TROUSSEAU CHAMBRAY),JOHNSON & JOHNSON MEDICAL SAS,1736040.0,,2023-06-01
"Fourniture d’implants de réfection de paroi et antiadhérentiels, dispositifs pour laparotomie et coelioscopie, agents hémostatiques et d’étanchéité, lacs et dispositifs médicaux pour ablathermie peropératoire et per-cutanée et mise à disposition des dispo",CENTRE HOSPITALIER REGIONAL UNIVERSITAIRE DE TOURS (CHRU TROUSSEAU CHAMBRAY),MEDTRONIC FRANCE,595200.0,,2023-06-01
"Fourniture d’implants de réfection de paroi et antiadhérentiels, dispositifs pour laparotomie et coelioscopie, agents hémostatiques et d’étanchéité, lacs et dispositifs médicaux pour ablathermie peropératoire et per-cutanée et mise à disposition des dispo",CENTRE HOSPITALIER REGIONAL UNIVERSITAIRE DE TOURS (CHRU TROUSSEAU CHAMBRAY),JOHNSON & JOHNSON MEDICAL SAS,1736040.0,,2023-06-01
"Fourniture d’implants de réfection de paroi et antiadhérentiels, dispositifs pour laparotomie et coelioscopie, agents hémostatiques et d’étanchéité, lacs et dispositifs médicaux pour ablathermie peropératoire et per-cutanée et mise à disposition des dispo",CENTRE HOSPITALIER REGIONAL UNIVERSITAIRE DE TOURS (CHRU TROUSSEAU CHAMBRAY),MEDTRONIC FRANCE,595200.0,,2023-06-01
"Fourniture d’implants de réfection de paroi et antiadhérentiels, dispositifs pour laparotomie et coelioscopie, agents hémostatiques et d’étanchéité, lacs et dispositifs médicaux pour ablathermie peropératoire et per-cutanée et mise à disposition des dispo",CENTRE HOSPITALIER REGIONAL UNIVERSITAIRE DE TOURS (CHRU TROUSSEAU CHAMBRAY),MEDTRONIC FRANCE,595200.0,,2023-06-01
"Fourniture d’implants de réfection de paroi et antiadhérentiels, dispositifs pour laparotomie et coelioscopie, agents hémostatiques et d’étanchéité, lacs et dispositifs médicaux pour ablathermie peropératoire et per-cutanée et mise à disposition des dispo",CENTRE HOSPITALIER REGIONAL UNIVERSITAIRE DE TOURS (CHRU TROUSSEAU CHAMBRAY),MEDTRONIC FRANCE,595200.0,,2023-06-01
"Fourniture d’implants de réfection de paroi et antiadhérentiels, dispositifs pour laparotomie et coelioscopie, agents hémostatiques et d’étanchéité, lacs et dispositifs médicaux pour ablathermie peropératoire et per-cutanée et mise à disposition des dispo",CENTRE HOSPITALIER REGIONAL UNIVERSITAIRE DE TOURS (CHRU TROUSSEAU CHAMBRAY),JOHNSON & JOHNSON MEDICAL SAS,1736040.0,,2023-06-01
Fourniture de dispositifs médicaux stériles (relance des lots infructueux de l’AO23DMS) - CATHETER DILATATION PERIPHERIQUE AVEC ATHEROTOMES,CENTRE HOSPITALIER UNIVERSITAIRE GRENOBLE ALPES (HOPITAL NORD),BOSTON SCIENTIFIC,50000.0,,2023-06-01
FOURNITURE DE DISPOSITIFS MEDICAUX POUR CHIRURGIE DU RACHIS - PROTHESE DISCALE CERVICALE,CTRE HOSPITALIER UNIVERS PONTCHAILLOU,ZIMMER BIOMET FRANCE,95000.0,,2023-05-31
FOURNITURE DE DISPOSITIFS MEDICAUX POUR CHIRURGIE DU RACHIS - IMPLANT DE CORPORECTOMIE CERVICALE,CTRE HOSPITALIER UNIVERS PONTCHAILLOU,ZIMMER BIOMET FRANCE,26183.0,,2023-05-31
FOURNITURE DE DISPOSITIFS MEDICAUX POUR CHIRURGIE DU RACHIS - PROTHESE DISCALE LOMBAIRE,CTRE HOSPITALIER UNIVERS PONTCHAILLOU,ZIMMER BIOMET FRANCE,36307.0,,2023-05-31
"Dispositifs médicaux d’orthopédie, de traumatologie et de chirurgie maxillo faciale: Lot 12: PROTHESE D’EPAULE",CENTRE HOSPITALIER D ANGOULEME,STRYKER FRANCE SA,330117.0,,2023-05-30
"Fourniture de dispositifs médicaux de cardiologie, électrophysiologie, radiologie, chirurgie cardiaque, chirurgie vasculaire, neuroradiologie et mise à disposition des équipements associés. - KAF- CATHETER D’ABLATION THERAPEUTIQUE",CENTRE HOSPITALIER REGIONAL UNIVERSITAIRE DE TOURS (CHRU TROUSSEAU CHAMBRAY),BOSTON SCIENTIFIC,9854910.0,,2023-05-16
"Fourniture de dispositifs médicaux de cardiologie, électrophysiologie, radiologie, chirurgie cardiaque, chirurgie vasculaire, neuroradiologie et mise à disposition des équipements associés. - FAC- ENDOPROTHESE INTRACRANIENNE A CELLULES OUVERTES",CENTRE HOSPITALIER REGIONAL UNIVERSITAIRE DE TOURS (CHRU TROUSSEAU CHAMBRAY),STRYKER FRANCE SA,5927564.0,,2023-05-16
"Fourniture de dispositifs médicaux de cardiologie, électrophysiologie, radiologie, chirurgie cardiaque, chirurgie vasculaire, neuroradiologie et mise à disposition des équipements associés. - FBD- ENDOPROTHESE CAROTIDIENNE",CENTRE HOSPITALIER REGIONAL UNIVERSITAIRE DE TOURS (CHRU TROUSSEAU CHAMBRAY),BOSTON SCIENTIFIC,9854910.0,,2023-05-16
"Fourniture de dispositifs médicaux de cardiologie, électrophysiologie, radiologie, chirurgie cardiaque, chirurgie vasculaire, neuroradiologie et mise à disposition des équipements associés. - FBA- CATHETER D’ANGIOPLASTIE CEREBRALE",CENTRE HOSPITALIER REGIONAL UNIVERSITAIRE DE TOURS (CHRU TROUSSEAU CHAMBRAY),STRYKER FRANCE SA,5927564.0,,2023-05-16
"Fourniture de dispositifs médicaux de cardiologie, électrophysiologie, radiologie, chirurgie cardiaque, chirurgie vasculaire, neuroradiologie et mise à disposition des équipements associés. - FAT- MICRO-CATHETER GUIDE DEPENDANT",CENTRE HOSPITALIER REGIONAL UNIVERSITAIRE DE TOURS (CHRU TROUSSEAU CHAMBRAY),MEDTRONIC FRANCE,13848916.0,,2023-05-16
"Fourniture de dispositifs médicaux de cardiologie, électrophysiologie, radiologie, chirurgie cardiaque, chirurgie vasculaire, neuroradiologie et mise à disposition des équipements associés. - FAQ- CATHETER GUIDE",CENTRE HOSPITALIER REGIONAL UNIVERSITAIRE DE TOURS (CHRU TROUSSEAU CHAMBRAY),JOHNSON & JOHNSON MEDICAL SAS,639408.0,,2023-05-16
"Fourniture de dispositifs médicaux de cardiologie, électrophysiologie, radiologie, chirurgie cardiaque, chirurgie vasculaire, neuroradiologie et mise à disposition des équipements associés. - FAP- MICROCATHETER D’ACCES",CENTRE HOSPITALIER REGIONAL UNIVERSITAIRE DE TOURS (CHRU TROUSSEAU CHAMBRAY),STRYKER FRANCE SA,5927564.0,,2023-05-16
"Fourniture de dispositifs médicaux de cardiologie, électrophysiologie, radiologie, chirurgie cardiaque, chirurgie vasculaire, neuroradiologie et mise à disposition des équipements associés. - FAP- MICROCATHETER D’ACCES",CENTRE HOSPITALIER REGIONAL UNIVERSITAIRE DE TOURS (CHRU TROUSSEAU CHAMBRAY),MEDTRONIC FRANCE,13848916.0,,2023-05-16
"Fourniture de dispositifs médicaux de cardiologie, électrophysiologie, radiologie, chirurgie cardiaque, chirurgie vasculaire, neuroradiologie et mise à disposition des équipements associés. - FAM- CATHETER INTERMEDIAIRE D’ACCES DISTAL",CENTRE HOSPITALIER REGIONAL UNIVERSITAIRE DE TOURS (CHRU TROUSSEAU CHAMBRAY),STRYKER FRANCE SA,13848916.0,,2023-05-16
"Fourniture de dispositifs médicaux de cardiologie, électrophysiologie, radiologie, chirurgie cardiaque, chirurgie vasculaire, neuroradiologie et mise à disposition des équipements associés. - FAA- ENDOPROTHESE INTRACRANIENNE - FLOW DIVERTER",CENTRE HOSPITALIER REGIONAL UNIVERSITAIRE DE TOURS (CHRU TROUSSEAU CHAMBRAY),MEDTRONIC FRANCE,13848916.0,,2023-05-16
"Fourniture de dispositifs médicaux de cardiologie, électrophysiologie, radiologie, chirurgie cardiaque, chirurgie vasculaire, neuroradiologie et mise à disposition des équipements associés. - JAG- CATHETER ECHOGRAPHIE INTRACARDIAQUE",CENTRE HOSPITALIER REGIONAL UNIVERSITAIRE DE TOURS (CHRU TROUSSEAU CHAMBRAY),ABBOTT MEDICAL FRANCE SAS,3487618.0,,2023-05-16
"Fourniture de dispositifs médicaux de cardiologie, électrophysiologie, radiologie, chirurgie cardiaque, chirurgie vasculaire, neuroradiologie et mise à disposition des équipements associés. - GAA- ENDOPROTHESE CORONAIRE A PRINCIPE ACTIF",CENTRE HOSPITALIER REGIONAL UNIVERSITAIRE DE TOURS (CHRU TROUSSEAU CHAMBRAY),BOSTON SCIENTIFIC,9854910.0,,2023-05-16
"Fourniture de dispositifs médicaux de cardiologie, électrophysiologie, radiologie, chirurgie cardiaque, chirurgie vasculaire, neuroradiologie et mise à disposition des équipements associés. - DAS- CATHETER ANGIOPLASTIE VASCULAIRE ACTIF",CENTRE HOSPITALIER REGIONAL UNIVERSITAIRE DE TOURS (CHRU TROUSSEAU CHAMBRAY),MEDTRONIC FRANCE,13848916.0,,2023-05-16
"Fourniture de dispositifs médicaux de cardiologie, électrophysiologie, radiologie, chirurgie cardiaque, chirurgie vasculaire, neuroradiologie et mise à disposition des équipements associés. - DAN ENDOPROTHESE VASCULAIRE EXPANSION PAR BALLONNET COUVERTE",CENTRE HOSPITALIER REGIONAL UNIVERSITAIRE DE TOURS (CHRU TROUSSEAU CHAMBRAY),GETINGE FRANCE,2973481.0,,2023-05-16
"Fourniture de dispositifs médicaux de cardiologie, électrophysiologie, radiologie, chirurgie cardiaque, chirurgie vasculaire, neuroradiologie et mise à disposition des équipements associés. - DAM- ENDOPROTHESE VASCULAIRE EXPANSION PAR BALLONNET",CENTRE HOSPITALIER REGIONAL UNIVERSITAIRE DE TOURS (CHRU TROUSSEAU CHAMBRAY),BIOTRONIK FRANCE,5590149.0,,2023-05-16
"Fourniture de dispositifs médicaux de cardiologie, électrophysiologie, radiologie, chirurgie cardiaque, chirurgie vasculaire, neuroradiologie et mise à disposition des équipements associés. - DAH- PROTHESE VASCULAIRE DROITE ET BIFURQUEE TRICOTEE",CENTRE HOSPITALIER REGIONAL UNIVERSITAIRE DE TOURS (CHRU TROUSSEAU CHAMBRAY),GETINGE FRANCE,2973481.0,,2023-05-16
"Fourniture de dispositifs médicaux de cardiologie, électrophysiologie, radiologie, chirurgie cardiaque, chirurgie vasculaire, neuroradiologie et mise à disposition des équipements associés. - DAG-  PROTHESE VASCULAIRE POLYESTER",CENTRE HOSPITALIER REGIONAL UNIVERSITAIRE DE TOURS (CHRU TROUSSEAU CHAMBRAY),GETINGE FRANCE,2973481.0,,2023-05-16
"Fourniture de dispositifs médicaux de cardiologie, électrophysiologie, radiologie, chirurgie cardiaque, chirurgie vasculaire, neuroradiologie et mise à disposition des équipements associés. - DAE- ENDOPROTHESE AORTO UNI ILIAQUE",CENTRE HOSPITALIER REGIONAL UNIVERSITAIRE DE TOURS (CHRU TROUSSEAU CHAMBRAY),MEDTRONIC FRANCE,13848916.0,,2023-05-16
"Fourniture de dispositifs médicaux de cardiologie, électrophysiologie, radiologie, chirurgie cardiaque, chirurgie vasculaire, neuroradiologie et mise à disposition des équipements associés. - GAA- ENDOPROTHESE CORONAIRE A PRINCIPE ACTIF",CENTRE HOSPITALIER REGIONAL UNIVERSITAIRE DE TOURS (CHRU TROUSSEAU CHAMBRAY),MEDTRONIC FRANCE,13848916.0,,2023-05-16
"Fourniture de dispositifs médicaux de cardiologie, électrophysiologie, radiologie, chirurgie cardiaque, chirurgie vasculaire, neuroradiologie et mise à disposition des équipements associés. - FAA- ENDOPROTHESE INTRACRANIENNE - FLOW DIVERTER",CENTRE HOSPITALIER REGIONAL UNIVERSITAIRE DE TOURS (CHRU TROUSSEAU CHAMBRAY),STRYKER FRANCE SA,5927564.0,,2023-05-16
"Fourniture de dispositifs médicaux de cardiologie, électrophysiologie, radiologie, chirurgie cardiaque, chirurgie vasculaire, neuroradiologie et mise à disposition des équipements associés. - GAB- ENDOPROTHESE CORONAIRE COUVERTE",CENTRE HOSPITALIER REGIONAL UNIVERSITAIRE DE TOURS (CHRU TROUSSEAU CHAMBRAY),BIOTRONIK FRANCE,5590149.0,,2023-05-16
"Fourniture de dispositifs médicaux de cardiologie, électrophysiologie, radiologie, chirurgie cardiaque, chirurgie vasculaire, neuroradiologie et mise à disposition des équipements associés. - GAH- ENDOPROTHESE CARDIAQUE",CENTRE HOSPITALIER REGIONAL UNIVERSITAIRE DE TOURS (CHRU TROUSSEAU CHAMBRAY),ABBOTT MEDICAL FRANCE SAS,10311324.0,,2023-05-16
"Fourniture de dispositifs médicaux de cardiologie, électrophysiologie, radiologie, chirurgie cardiaque, chirurgie vasculaire, neuroradiologie et mise à disposition des équipements associés. - JAB- STIMULATEUR CARDIAQUE IMPLANTABLE",CENTRE HOSPITALIER REGIONAL UNIVERSITAIRE DE TOURS (CHRU TROUSSEAU CHAMBRAY),ABBOTT MEDICAL FRANCE SAS,3487618.0,,2023-05-16
"Fourniture de dispositifs médicaux de cardiologie, électrophysiologie, radiologie, chirurgie cardiaque, chirurgie vasculaire, neuroradiologie et mise à disposition des équipements associés. - JAB- STIMULATEUR CARDIAQUE IMPLANTABLE",CENTRE HOSPITALIER REGIONAL UNIVERSITAIRE DE TOURS (CHRU TROUSSEAU CHAMBRAY),BOSTON SCIENTIFIC,9854910.0,,2023-05-16
"Fourniture de dispositifs médicaux de cardiologie, électrophysiologie, radiologie, chirurgie cardiaque, chirurgie vasculaire, neuroradiologie et mise à disposition des équipements associés. - JAB- STIMULATEUR CARDIAQUE IMPLANTABLE",CENTRE HOSPITALIER REGIONAL UNIVERSITAIRE DE TOURS (CHRU TROUSSEAU CHAMBRAY),BIOTRONIK FRANCE,5590149.0,,2023-05-16
"Fourniture de dispositifs médicaux de cardiologie, électrophysiologie, radiologie, chirurgie cardiaque, chirurgie vasculaire, neuroradiologie et mise à disposition des équipements associés. - JAB- STIMULATEUR CARDIAQUE IMPLANTABLE",CENTRE HOSPITALIER REGIONAL UNIVERSITAIRE DE TOURS (CHRU TROUSSEAU CHAMBRAY),MEDTRONIC FRANCE,13848916.0,,2023-05-16
"Fourniture de dispositifs médicaux de cardiologie, électrophysiologie, radiologie, chirurgie cardiaque, chirurgie vasculaire, neuroradiologie et mise à disposition des équipements associés. - GAJ- CATHETER ANGIOPLASTIE CORONAIRE SEMI-COMPLIANT",CENTRE HOSPITALIER REGIONAL UNIVERSITAIRE DE TOURS (CHRU TROUSSEAU CHAMBRAY),MEDTRONIC FRANCE,13848916.0,,2023-05-16
"Fourniture de dispositifs médicaux de cardiologie, électrophysiologie, radiologie, chirurgie cardiaque, chirurgie vasculaire, neuroradiologie et mise à disposition des équipements associés. - JAA- DEFIBRILLATEUR CARDIAQUE IMPLANTABLE",CENTRE HOSPITALIER REGIONAL UNIVERSITAIRE DE TOURS (CHRU TROUSSEAU CHAMBRAY),BOSTON SCIENTIFIC,9854910.0,,2023-05-16
"Fourniture de dispositifs médicaux de cardiologie, électrophysiologie, radiologie, chirurgie cardiaque, chirurgie vasculaire, neuroradiologie et mise à disposition des équipements associés. - JAA- DEFIBRILLATEUR CARDIAQUE IMPLANTABLE",CENTRE HOSPITALIER REGIONAL UNIVERSITAIRE DE TOURS (CHRU TROUSSEAU CHAMBRAY),BIOTRONIK FRANCE,5590149.0,,2023-05-16
"Fourniture de dispositifs médicaux de cardiologie, électrophysiologie, radiologie, chirurgie cardiaque, chirurgie vasculaire, neuroradiologie et mise à disposition des équipements associés. - JAA- DEFIBRILLATEUR CARDIAQUE IMPLANTABLE",CENTRE HOSPITALIER REGIONAL UNIVERSITAIRE DE TOURS (CHRU TROUSSEAU CHAMBRAY),MEDTRONIC FRANCE,13848916.0,,2023-05-16
"Fourniture de dispositifs médicaux de cardiologie, électrophysiologie, radiologie, chirurgie cardiaque, chirurgie vasculaire, neuroradiologie et mise à disposition des équipements associés. - IAG- CATHETER THERM.POUR MONITEUR PICCO",CENTRE HOSPITALIER REGIONAL UNIVERSITAIRE DE TOURS (CHRU TROUSSEAU CHAMBRAY),GETINGE FRANCE,2973481.0,,2023-05-16
"Fourniture de dispositifs médicaux de cardiologie, électrophysiologie, radiologie, chirurgie cardiaque, chirurgie vasculaire, neuroradiologie et mise à disposition des équipements associés. - IAD- INTRODUCTEUR CATHETER THERMODILUTION",CENTRE HOSPITALIER REGIONAL UNIVERSITAIRE DE TOURS (CHRU TROUSSEAU CHAMBRAY),ABBOTT MEDICAL FRANCE SAS,3487618.0,,2023-05-16
"Fourniture de dispositifs médicaux de cardiologie, électrophysiologie, radiologie, chirurgie cardiaque, chirurgie vasculaire, neuroradiologie et mise à disposition des équipements associés. - GAE- ENDOPROTHESE CARDIAQUE",CENTRE HOSPITALIER REGIONAL UNIVERSITAIRE DE TOURS (CHRU TROUSSEAU CHAMBRAY),ABBOTT MEDICAL FRANCE SAS,10311324.0,,2023-05-16
"Fourniture de dispositifs médicaux de cardiologie, électrophysiologie, radiologie, chirurgie cardiaque, chirurgie vasculaire, neuroradiologie et mise à disposition des équipements associés. - GAD-  ENDOPROTHESE CARDIAQUE",CENTRE HOSPITALIER REGIONAL UNIVERSITAIRE DE TOURS (CHRU TROUSSEAU CHAMBRAY),ABBOTT MEDICAL FRANCE SAS,10311324.0,,2023-05-16
"Fourniture de dispositifs médicaux de cardiologie, électrophysiologie, radiologie, chirurgie cardiaque, chirurgie vasculaire, neuroradiologie et mise à disposition des équipements associés. - GAC- ENDOPROTHESE CARDIAQUE",CENTRE HOSPITALIER REGIONAL UNIVERSITAIRE DE TOURS (CHRU TROUSSEAU CHAMBRAY),ABBOTT MEDICAL FRANCE SAS,10311324.0,,2023-05-16
"Fourniture de dispositifs médicaux de cardiologie, électrophysiologie, radiologie, chirurgie cardiaque, chirurgie vasculaire, neuroradiologie et mise à disposition des équipements associés. - GAI- CATHETER ANGIOPLASTIE CORONAIRE NON COMPLIANT",CENTRE HOSPITALIER REGIONAL UNIVERSITAIRE DE TOURS (CHRU TROUSSEAU CHAMBRAY),MEDTRONIC FRANCE,13848916.0,,2023-05-16
"Fourniture de dispositifs médicaux de cardiologie, électrophysiologie, radiologie, chirurgie cardiaque, chirurgie vasculaire, neuroradiologie et mise à disposition des équipements associés. - GAK- CATHETER ANGIOPLASTIE CORONAIRE A BALLONNET ACTIF",CENTRE HOSPITALIER REGIONAL UNIVERSITAIRE DE TOURS (CHRU TROUSSEAU CHAMBRAY),BIOTRONIK FRANCE,5590149.0,,2023-05-16
"Fourniture de dispositifs médicaux de cardiologie, électrophysiologie, radiologie, chirurgie cardiaque, chirurgie vasculaire, neuroradiologie et mise à disposition des équipements associés. - GAV- EXTENSION DE CATHETER GUIDE",CENTRE HOSPITALIER REGIONAL UNIVERSITAIRE DE TOURS (CHRU TROUSSEAU CHAMBRAY),BOSTON SCIENTIFIC,9854910.0,,2023-05-16
"Fourniture de dispositifs médicaux de cardiologie, électrophysiologie, radiologie, chirurgie cardiaque, chirurgie vasculaire, neuroradiologie et mise à disposition des équipements associés. - GAT- MICRO CATHETER POUR TRAITEMENT DES CTO",CENTRE HOSPITALIER REGIONAL UNIVERSITAIRE DE TOURS (CHRU TROUSSEAU CHAMBRAY),BOSTON SCIENTIFIC,9854910.0,,2023-05-16
"Fourniture de dispositifs médicaux de cardiologie, électrophysiologie, radiologie, chirurgie cardiaque, chirurgie vasculaire, neuroradiologie et mise à disposition des équipements associés. - GAT- MICRO CATHETER POUR TRAITEMENT DES CTO",CENTRE HOSPITALIER REGIONAL UNIVERSITAIRE DE TOURS (CHRU TROUSSEAU CHAMBRAY),BIOTRONIK FRANCE,5590149.0,,2023-05-16
"Fourniture de dispositifs médicaux de cardiologie, électrophysiologie, radiologie, chirurgie cardiaque, chirurgie vasculaire, neuroradiologie et mise à disposition des équipements associés. - GAQ- CATHETER GUIDE",CENTRE HOSPITALIER REGIONAL UNIVERSITAIRE DE TOURS (CHRU TROUSSEAU CHAMBRAY),MEDTRONIC FRANCE,13848916.0,,2023-05-16
"Fourniture de dispositifs médicaux de cardiologie, électrophysiologie, radiologie, chirurgie cardiaque, chirurgie vasculaire, neuroradiologie et mise à disposition des équipements associés. - GAM- CATHETER D’ASPIRATION DE THROMBUS",CENTRE HOSPITALIER REGIONAL UNIVERSITAIRE DE TOURS (CHRU TROUSSEAU CHAMBRAY),MEDTRONIC FRANCE,13848916.0,,2023-05-16
DMS 2022-01 AO087 - CATHETER DILATATION CORONAIRE BALLONNET ACTIF,CENTRE HOSPITALIER UNIVERSITAIRE,BIOTRONIK FRANCE,18000.0,,2023-05-02
"HCL FOURNITURE DE STENTS CORONAIRES, BALLONS ACTIFS, CATHETERS DE DILATATION ET SERVICES ASSOCIES",CTRE HOSPITALIER VILLEFRANCHE S SAONE,ABBOTT MEDICAL FRANCE SAS,213270.0,,2023-04-26
"HCL FOURNITURE DE STENTS CORONAIRES, BALLONS ACTIFS, CATHETERS DE DILATATION ET SERVICES ASSOCIES",CTRE HOSPITALIER VILLEFRANCHE S SAONE,BOSTON SCIENTIFIC,426540.0,,2023-04-26
"HCL FOURNITURE DE STENTS CORONAIRES, BALLONS ACTIFS, CATHETERS DE DILATATION ET SERVICES ASSOCIES",CTRE HOSPITALIER VILLEFRANCHE S SAONE,MEDTRONIC FRANCE,16890984.0,,2023-04-26
"Fourniture de prothèses chirurgicales et dispositifs médicaux (Relance infructueux de l’AO2022chro0014 du 26/08/2022) AO2023-02
 - ENDOPROTHESE VASCULAIRE PERIPHERIQUE AUTOEXPANSIBLE marché n° 232-451",CENTRE HOSPITALIER UNIVERSITAIRE D ORLEANS (HOPITAL MADELEINE ORLEANS),ABBOTT MEDICAL FRANCE SAS,133860.0,,2023-04-25
AOO - CHIRURGIE 2023-CATHETER D’OPACIFICATION BILIAIRE TRIPLE LUMIERE EN SYSTEME MONORAIL,CENTRE HOSPITALIER GENERAL,BOSTON SCIENTIFIC,2964.0,,2023-04-24
"Fourniture de prothèses chirurgicales et dispositifs médicaux (Relance infructueux de l’AO2022chro0014 du 26/08/2022) AO2023-02
 - ENDOPROTHESE VASCULAIRE PERIPHERIQUE marché n° 232-453",CENTRE HOSPITALIER UNIVERSITAIRE D ORLEANS (HOPITAL MADELEINE ORLEANS),BOSTON SCIENTIFIC,13905.0,,2023-04-24
"Fourniture de prothèses chirurgicales et dispositifs médicaux (Relance infructueux de l’AO2022chro0014 du 26/08/2022) AO2023-02
 - ENDOPROTHESE VASCULAIRE PERIPHERIQUE AUTOEXPANSIBLE marché n° 232-451",CENTRE HOSPITALIER UNIVERSITAIRE D ORLEANS (HOPITAL MADELEINE ORLEANS),BOSTON SCIENTIFIC,133860.0,,2023-04-24
"AOO - CHIRURGIE 2023-PROTHESE DE HANCHE INTERMEDIAIRE, TOTALE ET DE REPRISE",CENTRE HOSPITALIER GENERAL,JOHNSON & JOHNSON MEDICAL SAS,374375.0,,2023-04-24
"Fourniture de dispositifs médicaux pour voie d’abord respiratoire, digestif, parentéral et mise à disposition d’équipements associés - IMPLANT D’APPOSITION BILIOPANCREATIQUE LUMINAL HOT AXIOS - Dépot demandé",CENTRE HOSPITALIER REGIONAL UNIVERSITAIRE DE TOURS (CHRU TROUSSEAU CHAMBRAY),BOSTON SCIENTIFIC,312000.0,,2023-04-21
Cathéter coronaire de dissection sous-intimale pour angioplastie de CTO - GAPSCA - Fourniture de dispositifs médicaux de cardiologie interventionnelle et de rythmologie 2023/2026,CENTRE HOSPITALIER DE COLMAR (CENTRE HOSPITALIER LOUIS PASTEUR),BOSTON SCIENTIFIC,3780.0,,2023-04-17
Stimulateur cardiaque double chambre compatible IRM - GAPSCA - Fourniture de dispositifs médicaux de cardiologie interventionnelle et de rythmologie 2023/2026,CENTRE HOSPITALIER DE COLMAR (CENTRE HOSPITALIER LOUIS PASTEUR),ABBOTT MEDICAL FRANCE SAS,480538.0,,2023-04-17
Moniteur d’ECG implantable - GAPSCA - Fourniture de dispositifs médicaux de cardiologie interventionnelle et de rythmologie 2023/2026,CENTRE HOSPITALIER DE COLMAR (CENTRE HOSPITALIER LOUIS PASTEUR),ABBOTT MEDICAL FRANCE SAS,40060.0,,2023-04-17
Prothèse pour fermeture du foramen ovale perméable - GAPSCA - Fourniture de dispositifs médicaux de cardiologie interventionnelle et de rythmologie 2023/2026,CENTRE HOSPITALIER DE COLMAR (CENTRE HOSPITALIER LOUIS PASTEUR),ABBOTT MEDICAL FRANCE SAS,17701.0,,2023-04-17
Introducteur à valve pour cathéter d’angioplastie valvulaire - GAPSCA - Fourniture de dispositifs médicaux de cardiologie interventionnelle et de rythmologie 2023/2026,CENTRE HOSPITALIER DE COLMAR (CENTRE HOSPITALIER LOUIS PASTEUR),ABBOTT MEDICAL FRANCE SAS,750.0,,2023-04-17
Stent coronaire à libération de principe actif immunosuppresseur avec polymère biodégradable - GAPSCA - Fourniture de dispositifs médicaux de cardiologie interventionnelle et de rythmologie 2023/2026,CENTRE HOSPITALIER DE COLMAR (CENTRE HOSPITALIER LOUIS PASTEUR),BOSTON SCIENTIFIC,349763.0,,2023-04-17
Système implantable extravasculaire de fermeture artérielle fémorale pour angiographie - GAPSCA - Fourniture de dispositifs médicaux de cardiologie interventionnelle et de rythmologie 2023/2026,CENTRE HOSPITALIER DE COLMAR (CENTRE HOSPITALIER LOUIS PASTEUR),ABBOTT MEDICAL FRANCE SAS,18000.0,,2023-04-17
Stent coronaire chrome cobalt à libération de principe actif immunosuppresseur - GAPSCA - Fourniture de dispositifs médicaux de cardiologie interventionnelle et de rythmologie 2023/2026,CENTRE HOSPITALIER DE COLMAR (CENTRE HOSPITALIER LOUIS PASTEUR),BIOTRONIK FRANCE,345179.0,,2023-04-17
Stimulateur cardiaque double chambre monosonde - GAPSCA - Fourniture de dispositifs médicaux de cardiologie interventionnelle et de rythmologie 2023/2026,CENTRE HOSPITALIER DE COLMAR (CENTRE HOSPITALIER LOUIS PASTEUR),ABBOTT MEDICAL FRANCE SAS,14519.0,,2023-04-17
Cathéter à ballonnet avec athérotomes pour angioplastie coronaire - GAPSCA - Fourniture de dispositifs médicaux de cardiologie interventionnelle et de rythmologie 2023/2026,CENTRE HOSPITALIER DE COLMAR (CENTRE HOSPITALIER LOUIS PASTEUR),BOSTON SCIENTIFIC,2475.0,,2023-04-17
Cathéter d’angioplastie coronaire pour artères tortueuses - GAPSCA - Fourniture de dispositifs médicaux de cardiologie interventionnelle et de rythmologie 2023/2026,CENTRE HOSPITALIER DE COLMAR (CENTRE HOSPITALIER LOUIS PASTEUR),BOSTON SCIENTIFIC,2025.0,,2023-04-17
Microcathéter coronaire double lumière coaxiale et triple port de sortie - GAPSCA - Fourniture de dispositifs médicaux de cardiologie interventionnelle et de rythmologie 2023/2026,CENTRE HOSPITALIER DE COLMAR (CENTRE HOSPITALIER LOUIS PASTEUR),BIOTRONIK FRANCE,1500.0,,2023-04-17
Cathéter double lumière pour CTO sur bifurcation - GAPSCA - Fourniture de dispositifs médicaux de cardiologie interventionnelle et de rythmologie 2023/2026,CENTRE HOSPITALIER DE COLMAR (CENTRE HOSPITALIER LOUIS PASTEUR),BIOTRONIK FRANCE,4875.0,,2023-04-17
Stent coronaire couvert - GAPSCA - Fourniture de dispositifs médicaux de cardiologie interventionnelle et de rythmologie 2023/2026,CENTRE HOSPITALIER DE COLMAR (CENTRE HOSPITALIER LOUIS PASTEUR),BIOTRONIK FRANCE,7109.0,,2023-04-17
Stimulateur cardiaque simple chambre - GAPSCA - Fourniture de dispositifs médicaux de cardiologie interventionnelle et de rythmologie 2023/2026,CENTRE HOSPITALIER DE COLMAR (CENTRE HOSPITALIER LOUIS PASTEUR),BIOTRONIK FRANCE,160538.0,,2023-04-17
Stimulateur cardiaque double chambre pour la prise en charge du dysfonctionnement sinusale - GAPSCA - Fourniture de dispositifs médicaux de cardiologie interventionnelle et de rythmologie 2023/2026,CENTRE HOSPITALIER DE COLMAR (CENTRE HOSPITALIER LOUIS PASTEUR),BIOTRONIK FRANCE,497712.0,,2023-04-17
Stimulateur cardiaque triple chambre - GAPSCA - Fourniture de dispositifs médicaux de cardiologie interventionnelle et de rythmologie 2023/2026,CENTRE HOSPITALIER DE COLMAR (CENTRE HOSPITALIER LOUIS PASTEUR),BIOTRONIK FRANCE,22275.0,,2023-04-17
Défibrillateur cardiaque implantable - GAPSCA - Fourniture de dispositifs médicaux de cardiologie interventionnelle et de rythmologie 2023/2026,CENTRE HOSPITALIER DE COLMAR (CENTRE HOSPITALIER LOUIS PASTEUR),BIOTRONIK FRANCE,119090.0,,2023-04-17
Cathéter d’angioplastie coronaire à libération de principe actif - GAPSCA - Fourniture de dispositifs médicaux de cardiologie interventionnelle et de rythmologie 2023/2026,CENTRE HOSPITALIER DE COLMAR (CENTRE HOSPITALIER LOUIS PASTEUR),BIOTRONIK FRANCE,45000.0,,2023-04-17
Cathéter pour échographie coronarienne intravasculaire - GAPSCA - Fourniture de dispositifs médicaux de cardiologie interventionnelle et de rythmologie 2023/2026,CENTRE HOSPITALIER DE COLMAR (CENTRE HOSPITALIER LOUIS PASTEUR),BOSTON SCIENTIFIC,11250.0,,2023-04-17
Cathéter coronaire de ré-entrée pour angioplastie de CTO - GAPSCA - Fourniture de dispositifs médicaux de cardiologie interventionnelle et de rythmologie 2023/2026,CENTRE HOSPITALIER DE COLMAR (CENTRE HOSPITALIER LOUIS PASTEUR),BOSTON SCIENTIFIC,4641.0,,2023-04-14
FOURNITURE DE DISPOSITIFS MEDICAUX STERILES : Cathéter de dénervation rénale multi-électrodes Symplicity Spyral - Mise à disposition de l’équipement (Générateur de radiofréquence G3),GROUPEMENT COOPERATION SANITAIRE - UNION DES HOPITAUX POUR LES ACHATS,MEDTRONIC FRANCE,358.2,,2023-04-11
Dispositifs médicaux à Usage Unique pour angioplastie coronaire et coronarographie et endoprothèses coronaires: Lot 27: Guide extension de cathéter pour lésions complexes,CENTRE HOSPITALIER D ANGOULEME,MEDTRONIC FRANCE,30833.0,,2023-04-03
Dispositifs médicaux à Usage Unique pour angioplastie coronaire et coronarographie et endoprothèses coronaires: Lot 24: Guide de pression pour FFR,CENTRE HOSPITALIER D ANGOULEME,BOSTON SCIENTIFIC,105554.0,,2023-04-03
Dispositifs médicaux à Usage Unique pour angioplastie coronaire et coronarographie et endoprothèses coronaires: Lot 19: Endoprothèse coronaire avec libération de principe actif,CENTRE HOSPITALIER D ANGOULEME,BIOTRONIK FRANCE,427500.0,,2023-04-03
Dispositifs médicaux à Usage Unique pour angioplastie coronaire et coronarographie et endoprothèses coronaires: Lot 43: Système de fermeture artérielle,CENTRE HOSPITALIER D ANGOULEME,ABBOTT MEDICAL FRANCE SAS,47500.0,,2023-04-03
"Fourniture de Dispositifs Médicaux Implantables: Orthopédie et Traumatologie lots 4, 19, 27, 32, 35, 37, 44, 48, 63",CENTRE HOSPITALIER VERDUN SAINT MIHIEL,ZIMMER BIOMET FRANCE,0.0,,2023-03-28
Lot 2- Prothèse pénienne gonflable à deux compartiments - Fourniture de dispositifs médicaux prothèse pénienne 2023/2024,CENTRE HOSPITALIER DE COLMAR (CENTRE HOSPITALIER LOUIS PASTEUR),BOSTON SCIENTIFIC,14367.95,,2023-03-20
Acquisition de matériels de réanimation cardiaque et de ventilation médicale avec exécution de prestations annexes - Défibrillateur semi-automatique pour service d’urgences,UNION DES GROUPEMENTS D'ACHATS PUBLICS (UGAP),STRYKER FRANCE SA,5000000.0,,2023-03-07
Acquisition de matériels de réanimation cardiaque et de ventilation médicale avec exécution de prestations annexes - Défibrillateurs connectés avec centralisation pour surveillance territoriale,UNION DES GROUPEMENTS D'ACHATS PUBLICS (UGAP),STRYKER FRANCE SA,27500000.0,,2023-03-07
"FOURNITURE DE DISPOSITIFS MÉDICAUX ET/OU IMPLANTABLES DE LA SOCIETE BOSTON, accord-cadre sans minimum en valeur ou en quantité et avec un maximum de 21 340 000,00 € HT, en application des articles R. 2162-2, R. 2162-4, R. 2162-5 et R. 2162-6 du code de la",CENTRE HOSPITALIER REGIONAL UNIVERSITAIRE DE NANCY,BOSTON SCIENTIFIC,21340000.0,,2023-03-07
"Fourniture de prothèse fémorale à cimenter modulaire, prothèse de reprise résection importante et ostéosynthèse rachis supérieur pour montage court et montage type scoliose pour le CHRU de Tours - Prothèse de reprise résection importante",CENTRE HOSPITALIER REGIONAL UNIVERSITAIRE DE TOURS (CHRU TROUSSEAU CHAMBRAY),JOHNSON & JOHNSON MEDICAL SAS,293545.0,,2023-03-01
"Fourniture de dispositifs médicaux stériles, implantables ou non, nécessaires à l’activité des services et des blocs opératoires des établissements membres du GHT Vendée.",CHD LA ROCHE SUR YON LUCON MONTAIGU (CHD-VENDEE),GETINGE FRANCE,116484.0,,2023-02-16
"Fourniture de dispositifs médicaux stériles, implantables ou non, nécessaires à l’activité des services et des blocs opératoires des établissements membres du GHT Vendée.",CHD LA ROCHE SUR YON LUCON MONTAIGU (CHD-VENDEE),GETINGE FRANCE,443600.0,,2023-02-16
"Le présent marché porte sur la fourniture de dispositifs médicaux pour chirurgie cardiaque – procédure complémentaire, pour les établissements et structures associées du GHT44. - Prothèses vasculaires tricotées imprégnées en polyéthylène téréphtalate (PET",CHU NANTES (DIRECTION GENERALE),GETINGE FRANCE,318624.3,,2023-02-10
"Le présent marché porte sur la fourniture de dispositifs médicaux pour chirurgie cardiaque – procédure complémentaire, pour les établissements et structures associées du GHT44. - Prothèses vasculaires imprégnées en collagène pour chirurgie de l’aorte thor",CHU NANTES (DIRECTION GENERALE),GETINGE FRANCE,2956884.0,,2023-02-10
"Fourniture de dispositifs médicaux stériles, implantables ou non, nécessaires à l’activité des services et des blocs opératoires des établissements membres du GHT Vendée.",CHD LA ROCHE SUR YON LUCON MONTAIGU (CHD-VENDEE),STRYKER FRANCE SA,40838.0,,2023-02-07
"Fourniture de dispositifs médicaux stériles, implantables ou non, nécessaires à l’activité des services et des blocs opératoires des établissements membres du GHT Vendée.",CHD LA ROCHE SUR YON LUCON MONTAIGU (CHD-VENDEE),STRYKER FRANCE SA,26381.6,,2023-02-07
"Fourniture de dispositifs médicaux stériles, implantables ou non, nécessaires à l’activité des services et des blocs opératoires des établissements membres du GHT Vendée.",CHD LA ROCHE SUR YON LUCON MONTAIGU (CHD-VENDEE),STRYKER FRANCE SA,104228.0,,2023-02-07
"Fourniture de dispositifs médicaux stériles, implantables ou non, nécessaires à l’activité des services et des blocs opératoires des établissements membres du GHT Vendée.",CHD LA ROCHE SUR YON LUCON MONTAIGU (CHD-VENDEE),STRYKER FRANCE SA,55728.0,,2023-02-07
"Fourniture de dispositifs médicaux stériles, implantables ou non, nécessaires à l’activité des services et des blocs opératoires des établissements membres du GHT Vendée.",CHD LA ROCHE SUR YON LUCON MONTAIGU (CHD-VENDEE),STRYKER FRANCE SA,1127065.6,,2023-02-07
"Fourniture de dispositifs médicaux stériles, implantables ou non, nécessaires à l’activité des services et des blocs opératoires des établissements membres du GHT Vendée.",CHD LA ROCHE SUR YON LUCON MONTAIGU (CHD-VENDEE),STRYKER FRANCE SA,2341.76,,2023-02-07
"Fourniture de dispositifs médicaux stériles, implantables ou non, nécessaires à l’activité des services et des blocs opératoires des établissements membres du GHT Vendée.",CHD LA ROCHE SUR YON LUCON MONTAIGU (CHD-VENDEE),STRYKER FRANCE SA,51523.2,,2023-02-07
"Fourniture de dispositifs médicaux stériles, implantables ou non, nécessaires à l’activité des services et des blocs opératoires des établissements membres du GHT Vendée. Les consommables associés et les ancillaires de pose font également partie intégrant",CHD LA ROCHE SUR YON LUCON MONTAIGU (CHD-VENDEE),STRYKER FRANCE SA,839596.8,,2023-02-07
"Fourniture de dispositifs médicaux stériles, implantables ou non, nécessaires à l’activité des services et des blocs opératoires des établissements membres du GHT Vendée.",CHD LA ROCHE SUR YON LUCON MONTAIGU (CHD-VENDEE),MEDTRONIC FRANCE,570240.0,,2023-02-06
"Fourniture de dispositifs médicaux stériles, implantables ou non, nécessaires à l’activité des services et des blocs opératoires des établissements membres du GHT Vendée.",CHD LA ROCHE SUR YON LUCON MONTAIGU (CHD-VENDEE),MEDTRONIC FRANCE,77600.0,,2023-02-06
"Fourniture de dispositifs médicaux stériles, implantables ou non, nécessaires à l’activité des services et des blocs opératoires des établissements membres du GHT Vendée.",CHD LA ROCHE SUR YON LUCON MONTAIGU (CHD-VENDEE),MEDTRONIC FRANCE,96000.0,,2023-02-06
"Fourniture de dispositifs médicaux stériles, implantables ou non, nécessaires à l’activité des services et des blocs opératoires des établissements membres du GHT Vendée.",CHD LA ROCHE SUR YON LUCON MONTAIGU (CHD-VENDEE),MEDTRONIC FRANCE,6400.0,,2023-02-06
"Fourniture de dispositifs médicaux stériles, implantables ou non, nécessaires à l’activité des services et des blocs opératoires des établissements membres du GHT Vendée.",CHD LA ROCHE SUR YON LUCON MONTAIGU (CHD-VENDEE),MEDTRONIC FRANCE,35661.6,,2023-02-06
"Fourniture de dispositifs médicaux stériles, implantables ou non, nécessaires à l’activité des services et des blocs opératoires des établissements membres du GHT Vendée.",CHD LA ROCHE SUR YON LUCON MONTAIGU (CHD-VENDEE),MEDTRONIC FRANCE,73933.2,,2023-02-06
"Fourniture de dispositifs médicaux stériles, implantables ou non, nécessaires à l’activité des services et des blocs opératoires des établissements membres du GHT Vendée.",CHD LA ROCHE SUR YON LUCON MONTAIGU (CHD-VENDEE),MEDTRONIC FRANCE,5920.0,,2023-02-06
"Fourniture de dispositifs médicaux stériles, implantables ou non, nécessaires à l’activité des services et des blocs opératoires des établissements membres du GHT Vendée.",CHD LA ROCHE SUR YON LUCON MONTAIGU (CHD-VENDEE),MEDTRONIC FRANCE,18900.0,,2023-02-06
"Fourniture de dispositifs médicaux stériles, implantables ou non, nécessaires à l’activité des services et des blocs opératoires des établissements membres du GHT Vendée.",CHD LA ROCHE SUR YON LUCON MONTAIGU (CHD-VENDEE),MEDTRONIC FRANCE,21559.2,,2023-02-06
"Fourniture de dispositifs médicaux stériles, implantables ou non, nécessaires à l’activité des services et des blocs opératoires des établissements membres du GHT Vendée. Les consommables associés et les ancillaires de pose font également partie intégrant",CHD LA ROCHE SUR YON LUCON MONTAIGU (CHD-VENDEE),MEDTRONIC FRANCE,1237529.6,,2023-02-06
"Fourniture de dispositifs médicaux stériles, implantables ou non, nécessaires à l’activité des services et des blocs opératoires des établissements membres du GHT Vendée. Les consommables associés et les ancillaires de pose font également partie intégrant",CHD LA ROCHE SUR YON LUCON MONTAIGU (CHD-VENDEE),ABBOTT MEDICAL FRANCE SAS,123222.0,,2023-02-06
"Fourniture de dispositifs médicaux stériles, implantables ou non, nécessaires à l’activité des services et des blocs opératoires des établissements membres du GHT Vendée. Les consommables associés et les ancillaires de pose font également partie intégrant",CHD LA ROCHE SUR YON LUCON MONTAIGU (CHD-VENDEE),ABBOTT MEDICAL FRANCE SAS,416000.0,,2023-02-06
"Fourniture de dispositifs médicaux stériles, implantables ou non, nécessaires à l’activité des services et des blocs opératoires des établissements membres du GHT Vendée.",CHD LA ROCHE SUR YON LUCON MONTAIGU (CHD-VENDEE),MEDTRONIC FRANCE,44087.2,,2023-02-06
"Fourniture de dispositifs médicaux stériles, implantables ou non, nécessaires à l’activité des services et des blocs opératoires des établissements membres du GHT Vendée. Les consommables associés et les ancillaires de pose font également partie intégrant",CHD LA ROCHE SUR YON LUCON MONTAIGU (CHD-VENDEE),MEDTRONIC FRANCE,152382.8,,2023-02-06
"Fourniture de dispositifs médicaux stériles, implantables ou non, nécessaires à l’activité des services et des blocs opératoires des établissements membres du GHT Vendée.",CHD LA ROCHE SUR YON LUCON MONTAIGU (CHD-VENDEE),ZIMMER BIOMET FRANCE,59901.6,,2023-02-03
"Fourniture de dispositifs médicaux stériles, implantables ou non, nécessaires à l’activité des services et des blocs opératoires des établissements membres du GHT Vendée.",CHD LA ROCHE SUR YON LUCON MONTAIGU (CHD-VENDEE),ZIMMER BIOMET FRANCE,5452331.2,,2023-02-03
"Fourniture de dispositifs médicaux stériles, implantables ou non, nécessaires à l’activité des services et des blocs opératoires des établissements membres du GHT Vendée.",CHD LA ROCHE SUR YON LUCON MONTAIGU (CHD-VENDEE),ZIMMER BIOMET FRANCE,40997.6,,2023-02-03
"Fourniture de dispositifs médicaux stériles, implantables ou non, nécessaires à l’activité des services et des blocs opératoires des établissements membres du GHT Vendée.",CHD LA ROCHE SUR YON LUCON MONTAIGU (CHD-VENDEE),ZIMMER BIOMET FRANCE,6429104.0,,2023-02-03
"Fourniture de dispositifs médicaux stériles, implantables ou non, nécessaires à l’activité des services et des blocs opératoires des établissements membres du GHT Vendée.",CHD LA ROCHE SUR YON LUCON MONTAIGU (CHD-VENDEE),ZIMMER BIOMET FRANCE,353164.8,,2023-02-03
"Fourniture de dispositifs médicaux stériles, implantables ou non, nécessaires à l’activité des services et des blocs opératoires des établissements membres du GHT Vendée.",CHD LA ROCHE SUR YON LUCON MONTAIGU (CHD-VENDEE),ZIMMER BIOMET FRANCE,186835.2,,2023-02-03
"Fourniture de dispositifs médicaux stériles, implantables ou non, nécessaires à l’activité des services et des blocs opératoires des établissements membres du GHT Vendée.",CHD LA ROCHE SUR YON LUCON MONTAIGU (CHD-VENDEE),JOHNSON & JOHNSON MEDICAL SAS,172552.32,,2023-02-02
"Fourniture de dispositifs médicaux stériles, implantables ou non, nécessaires à l’activité des services et des blocs opératoires des établissements membres du GHT Vendée.",CHD LA ROCHE SUR YON LUCON MONTAIGU (CHD-VENDEE),JOHNSON & JOHNSON MEDICAL SAS,113247.44,,2023-02-02
"Fourniture de dispositifs médicaux stériles, implantables ou non, nécessaires à l’activité des services et des blocs opératoires des établissements membres du GHT Vendée.",CHD LA ROCHE SUR YON LUCON MONTAIGU (CHD-VENDEE),BOSTON SCIENTIFIC,1038400.0,,2023-02-02
"Fourniture de dispositifs médicaux stériles, implantables ou non, nécessaires à l’activité des services et des blocs opératoires des établissements membres du GHT Vendée.",CHD LA ROCHE SUR YON LUCON MONTAIGU (CHD-VENDEE),BOSTON SCIENTIFIC,38080.0,,2023-02-02
"Fourniture de dispositifs médicaux stériles, implantables ou non, nécessaires à l’activité des services et des blocs opératoires des établissements membres du GHT Vendée.",CHD LA ROCHE SUR YON LUCON MONTAIGU (CHD-VENDEE),BOSTON SCIENTIFIC,197600.0,,2023-02-02
"Fourniture de dispositifs médicaux stériles, implantables ou non, nécessaires à l’activité des services et des blocs opératoires des établissements membres du GHT Vendée.",CHD LA ROCHE SUR YON LUCON MONTAIGU (CHD-VENDEE),BOSTON SCIENTIFIC,110543.6,,2023-02-02
"Fourniture de dispositifs médicaux stériles, implantables ou non, nécessaires à l’activité des services et des blocs opératoires des établissements membres du GHT Vendée.",CHD LA ROCHE SUR YON LUCON MONTAIGU (CHD-VENDEE),BOSTON SCIENTIFIC,366225.2,,2023-02-02
"Fourniture de dispositifs médicaux stériles, implantables ou non, nécessaires à l’activité des services et des blocs opératoires des établissements membres du GHT Vendée.",CHD LA ROCHE SUR YON LUCON MONTAIGU (CHD-VENDEE),BOSTON SCIENTIFIC,1236729.6,,2023-02-02
"Fourniture de dispositifs médicaux stériles, implantables ou non, nécessaires à l’activité des services et des blocs opératoires des établissements membres du GHT Vendée.",CHD LA ROCHE SUR YON LUCON MONTAIGU (CHD-VENDEE),BIOTRONIK FRANCE,46400.0,,2023-02-02
"Fourniture de dispositifs médicaux stériles, implantables ou non, nécessaires à l’activité des services et des blocs opératoires des établissements membres du GHT Vendée.",CHD LA ROCHE SUR YON LUCON MONTAIGU (CHD-VENDEE),BIOTRONIK FRANCE,118000.0,,2023-02-02
"Fourniture de dispositifs médicaux stériles, implantables ou non, nécessaires à l’activité des services et des blocs opératoires des établissements membres du GHT Vendée.",CHD LA ROCHE SUR YON LUCON MONTAIGU (CHD-VENDEE),BIOTRONIK FRANCE,10000.0,,2023-02-02
"Fourniture de dispositifs médicaux stériles, implantables ou non, nécessaires à l’activité des services et des blocs opératoires des établissements membres du GHT Vendée.",CHD LA ROCHE SUR YON LUCON MONTAIGU (CHD-VENDEE),JOHNSON & JOHNSON MEDICAL SAS,55370.24,,2023-02-02
Fourniture de dispositifs médicaux de Neurostimulation et pompes implantables et de dispositifs médicaux pour Ostéosynthèse des membres et extrémités,CENTRE HOSPITALIER UNIVERSITAIRE DE LILLE,JOHNSON & JOHNSON MEDICAL SAS,1.0,,2023-01-17
Fourniture de dispositifs médicaux de Neurostimulation et pompes implantables et de dispositifs médicaux pour Ostéosynthèse des membres et extrémités,CENTRE HOSPITALIER UNIVERSITAIRE DE LILLE,BOSTON SCIENTIFIC,1.0,,2023-01-17
Fourniture de dispositifs médicaux de Neurostimulation et pompes implantables et de dispositifs médicaux pour Ostéosynthèse des membres et extrémités,CENTRE HOSPITALIER UNIVERSITAIRE DE LILLE,STRYKER FRANCE SA,1.0,,2023-01-17
Fourniture de dispositifs médicaux de Neurostimulation et pompes implantables et de dispositifs médicaux pour Ostéosynthèse des membres et extrémités,CENTRE HOSPITALIER UNIVERSITAIRE DE LILLE,ABBOTT MEDICAL FRANCE SAS,1.0,,2023-01-17
Fourniture de dispositifs médicaux de Neurostimulation et pompes implantables et de dispositifs médicaux pour Ostéosynthèse des membres et extrémités,CENTRE HOSPITALIER UNIVERSITAIRE DE LILLE,MEDTRONIC FRANCE,1.0,,2023-01-17
Fourniture de dispositifs médicaux de Neurostimulation et pompes implantables et de dispositifs médicaux pour Ostéosynthèse des membres et extrémités,CENTRE HOSPITALIER UNIVERSITAIRE DE LILLE,ZIMMER BIOMET FRANCE,1.0,,2023-01-17
FOURNITURE DE DISPOSITIFS MEDICAUX STERILES POUR ABORD CHIRURGICAL UROLOGIQUE DIGESTIF ET GYNECOLOGIQUE - Implant de renforcement tissulaire treillis résorbable,CTRE HOSPITALIER UNIVERS PONTCHAILLOU,JOHNSON & JOHNSON MEDICAL SAS,31130.78,,2023-01-13
FOURNITURE DE DISPOSITIFS MEDICAUX STERILES POUR ABORD CHIRURGICAL UROLOGIQUE DIGESTIF ET GYNECOLOGIQUE - Implant de renfort pariétal biface polyester/collagène,CTRE HOSPITALIER UNIVERS PONTCHAILLOU,MEDTRONIC FRANCE,3901.5,,2023-01-13
"FOURNITURE DE DISPOSITIFS MEDICAUX STERILES POUR ABORD CHIRURGICAL UROLOGIQUE DIGESTIF ET GYNECOLOGIQUE - Implant de renfort pariétal non résorbable (hernie) non préformé, anatomique",CTRE HOSPITALIER UNIVERS PONTCHAILLOU,MEDTRONIC FRANCE,4590.0,,2023-01-13
FOURNITURE DE DISPOSITIFS MEDICAUX STERILES POUR ABORD CHIRURGICAL UROLOGIQUE DIGESTIF ET GYNECOLOGIQUE - Cathéter à ballonnet pour dilatation,CTRE HOSPITALIER UNIVERS PONTCHAILLOU,BOSTON SCIENTIFIC,5610.0,,2023-01-13
FOURNITURE DE DISPOSITIFS MEDICAUX STERILES POUR ABORD CHIRURGICAL UROLOGIQUE DIGESTIF ET GYNECOLOGIQUE - Implant pénien,CTRE HOSPITALIER UNIVERS PONTCHAILLOU,BOSTON SCIENTIFIC,89115.94,,2023-01-13
FOURNITURE DE DISPOSITIFS MEDICAUX STERILES POUR ABORD CHIRURGICAL UROLOGIQUE DIGESTIF ET GYNECOLOGIQUE - Implant pénien malléable,CTRE HOSPITALIER UNIVERS PONTCHAILLOU,BOSTON SCIENTIFIC,8968.32,,2023-01-13
FOURNITURE DE DISPOSITIFS MEDICAUX STERILES POUR ABORD CHIRURGICAL UROLOGIQUE DIGESTIF ET GYNECOLOGIQUE - Implant sphinctérien,CTRE HOSPITALIER UNIVERS PONTCHAILLOU,BOSTON SCIENTIFIC,355680.0,,2023-01-13
FOURNITURE DE DISPOSITIFS MEDICAUX STERILES POUR ABORD CHIRURGICAL UROLOGIQUE DIGESTIF ET GYNECOLOGIQUE - Cathéter à ballonnet pour néphrolithotomie percutanée,CTRE HOSPITALIER UNIVERS PONTCHAILLOU,BOSTON SCIENTIFIC,4140.0,,2023-01-13
Cathéter de dialyse péritonéale - Fourniture de dispositifs médicaux d’épuration extra rénale 2023/2026,CENTRE HOSPITALIER DE COLMAR (CENTRE HOSPITALIER LOUIS PASTEUR),MEDTRONIC FRANCE,9998.0,,2023-01-04
Cathéter d’hémodialyse tunnélisé double voie 14FR 70cm - Fourniture de dispositifs médicaux d’épuration extra rénale 2023/2026,CENTRE HOSPITALIER DE COLMAR (CENTRE HOSPITALIER LOUIS PASTEUR),MEDTRONIC FRANCE,1050.0,,2023-01-04
AOO relatif à la fourniture de de DMS et DMI pour la cardiologie dans le cadre du Groupement Hospitalier de Territoire (GHT) Nord Franche-Comté - STIMULATEUR CARDIAQUE DOUBLE CHAMBRE DDDR + SONDES DE STIMULATION COMPATIBLES IRM + SYST TELESURVEIL,HOPITAL NORD FRANCHE COMTE,ABBOTT MEDICAL FRANCE SAS,6391150.08,,2023-01-03
AOO relatif à la fourniture de de DMS et DMI pour la cardiologie dans le cadre du Groupement Hospitalier de Territoire (GHT) Nord Franche-Comté - STIMULATEUR CARDIAQUE TRIPLE CHAMBRE + SONDES COMPATIBLES IRM+ SYSTÈME DE TELESURVEILLANCE,HOPITAL NORD FRANCHE COMTE,BIOTRONIK FRANCE,310589.49,,2023-01-03
AOO relatif à la fourniture de de DMS et DMI pour la cardiologie dans le cadre du Groupement Hospitalier de Territoire (GHT) Nord Franche-Comté - STIMULATEUR CARDIAQUE DOUBLE CHAMBRE DDDR + SONDES DE STIMULATION COMPATIBLES IRM + SYST TELESURVEIL,HOPITAL NORD FRANCHE COMTE,BIOTRONIK FRANCE,4565107.2,,2023-01-03
AOO relatif à la fourniture de de DMS et DMI pour la cardiologie dans le cadre du Groupement Hospitalier de Territoire (GHT) Nord Franche-Comté - STIMULATEUR CARDIAQUE DOUBLE CHAMBRE DDDR + SONDES DE STIMULATION COMPATIBLES IRM + SYST TELESURVEIL,HOPITAL NORD FRANCHE COMTE,MEDTRONIC FRANCE,3652085.76,,2023-01-03
AOO relatif à la fourniture de de DMS et DMI pour la cardiologie dans le cadre du Groupement Hospitalier de Territoire (GHT) Nord Franche-Comté - STIMULATEUR CARDIAQUE TRIPLE CHAMBRE + SONDES COMPATIBLES IRM+ SYSTÈME DE TELESURVEILLANCE,HOPITAL NORD FRANCHE COMTE,BOSTON SCIENTIFIC,164429.73,,2023-01-03
AOO relatif à la fourniture de de DMS et DMI pour la cardiologie dans le cadre du Groupement Hospitalier de Territoire (GHT) Nord Franche-Comté - STIMULATEUR CARDIAQUE DOUBLE CHAMBRE DDDR + SONDES DE STIMULATION COMPATIBLES IRM + SYST TELESURVEIL,HOPITAL NORD FRANCHE COMTE,BOSTON SCIENTIFIC,2739064.32,,2023-01-03
AOO relatif à la fourniture de de DMS et DMI pour la cardiologie dans le cadre du Groupement Hospitalier de Territoire (GHT) Nord Franche-Comté - STIMULATEUR CARDIAQUE TRIPLE CHAMBRE + SONDES COMPATIBLES IRM+ SYSTÈME DE TELESURVEILLANCE,HOPITAL NORD FRANCHE COMTE,MEDTRONIC FRANCE,164429.73,,2023-01-03
"FOURNITURE DE DISPOSITIFS MEDICAUX STERILES DE STIMULATEURS CARDIAQUES IMPLANTABLES ET SONDES, DEFIBRILLATEURS IMPLANTABLES ET SONDES, ET AUTRES DISPOSITIFS POUR ELECTROPHYSIOLOGIE ET RYTHMOLOGIE CARDIAQUE - Système de FERMETURE PERCUTANEE de l’auricule g",CENTRE HOSPITALIER UNIVERSITAIRE ROUEN (HOPITAL CHARLES NICOLLE CHU ROUEN),BOSTON SCIENTIFIC,105782.0,,2023-01-03
Fourniture de prothèses chirurgicales et dispositifs médicaux  2022chro0014 - PROTHESE VASCULAIRE PTFE - Marché n° 232-055,CENTRE HOSPITALIER UNIVERSITAIRE D ORLEANS (HOPITAL MADELEINE ORLEANS),GETINGE FRANCE,15548.0,,2023-01-01
Fourniture de prothèses chirurgicales et dispositifs médicaux  2022chro0014 - ENDOPROTHESE CORONAIRE  A ELUTION DE SUBSTANCE marché n° 232-034,CENTRE HOSPITALIER UNIVERSITAIRE D ORLEANS (HOPITAL MADELEINE ORLEANS),ABBOTT MEDICAL FRANCE SAS,698183.0,,2023-01-01
Fourniture de prothèses chirurgicales et dispositifs médicaux  2022chro0014 - ENDOPROTHESE CORONAIRE  A ELUTION DE SUBSTANCE marché n° 232-034,CENTRE HOSPITALIER UNIVERSITAIRE D ORLEANS (HOPITAL MADELEINE ORLEANS),MEDTRONIC FRANCE,698183.0,,2023-01-01
Fourniture de prothèses chirurgicales et dispositifs médicaux  2022chro0014 - ENDOPROTHESE CORONAIRE  A ELUTION DE SUBSTANCE marché n° 232-034,CENTRE HOSPITALIER UNIVERSITAIRE D ORLEANS (HOPITAL MADELEINE ORLEANS),BIOTRONIK FRANCE,698183.0,,2023-01-01
Fourniture de prothèses chirurgicales et dispositifs médicaux  2022chro0014 - STIMULATEUR CARDIAQUE TRIPLE CHAMBRE marché n° 232-036,CENTRE HOSPITALIER UNIVERSITAIRE D ORLEANS (HOPITAL MADELEINE ORLEANS),ABBOTT MEDICAL FRANCE SAS,51867.0,,2023-01-01
Fourniture de prothèses chirurgicales et dispositifs médicaux  2022chro0014 - STIMULATEUR CARDIAQUE TRIPLE CHAMBRE marché n° 232-036,CENTRE HOSPITALIER UNIVERSITAIRE D ORLEANS (HOPITAL MADELEINE ORLEANS),MEDTRONIC FRANCE,51867.0,,2023-01-01
Fourniture de prothèses chirurgicales et dispositifs médicaux  2022chro0014 - STIMULATEUR CARDIAQUE TRIPLE CHAMBRE marché n° 232-036,CENTRE HOSPITALIER UNIVERSITAIRE D ORLEANS (HOPITAL MADELEINE ORLEANS),BIOTRONIK FRANCE,51867.0,,2023-01-01
Fourniture de prothèses chirurgicales et dispositifs médicaux  2022chro0014 - PLAQUES AVEC CABLE POUR FRACTURE PERIPROTHETIQUE - Marché n° 232-049,CENTRE HOSPITALIER UNIVERSITAIRE D ORLEANS (HOPITAL MADELEINE ORLEANS),STRYKER FRANCE SA,86522.0,,2023-01-01
Fourniture de prothèses chirurgicales et dispositifs médicaux  2022chro0014 - PLAQUES AVEC CABLE POUR FRACTURE PERIPROTHETIQUE - Marché n° 232-049,CENTRE HOSPITALIER UNIVERSITAIRE D ORLEANS (HOPITAL MADELEINE ORLEANS),JOHNSON & JOHNSON MEDICAL SAS,86522.0,,2023-01-01
Fourniture de prothèses chirurgicales et dispositifs médicaux  2022chro0014 - ENDOPROTHESE VASCULAIRE PERIPHERIQUE A ELUTION DE SUBSTANCE - Marché n° 232-011,CENTRE HOSPITALIER UNIVERSITAIRE D ORLEANS (HOPITAL MADELEINE ORLEANS),BOSTON SCIENTIFIC,40911.0,,2023-01-01
Fourniture de prothèses chirurgicales et dispositifs médicaux  2022chro0014 - ENDOPROTHESE VASCULAIRE CAROTIDIENNE - Marché n° 232-002,CENTRE HOSPITALIER UNIVERSITAIRE D ORLEANS (HOPITAL MADELEINE ORLEANS),ABBOTT MEDICAL FRANCE SAS,11388.0,,2023-01-01
Fourniture de prothèses chirurgicales et dispositifs médicaux  2022chro0014 - DEFIBRILLATEUR IMPLANTABLE SIMPLE CHAMBRE - marché n° 232-001,CENTRE HOSPITALIER UNIVERSITAIRE D ORLEANS (HOPITAL MADELEINE ORLEANS),BOSTON SCIENTIFIC,436345.0,,2023-01-01
Fourniture de prothèses chirurgicales et dispositifs médicaux  2022chro0014 - DISPOSITIF POUR ATHERECTOMIE ROTATIVE CHIRURGIE VASCULAIRE - Marché n° 232-011,CENTRE HOSPITALIER UNIVERSITAIRE D ORLEANS (HOPITAL MADELEINE ORLEANS),BOSTON SCIENTIFIC,60000.0,,2023-01-01
Fourniture de prothèses chirurgicales et dispositifs médicaux  2022chro0014 - CATHETER STERILE DE RECANALISATION VASCULAIRE - Marché n° 232-011,CENTRE HOSPITALIER UNIVERSITAIRE D ORLEANS (HOPITAL MADELEINE ORLEANS),BOSTON SCIENTIFIC,13500.0,,2023-01-01
Fourniture de prothèses chirurgicales et dispositifs médicaux  2022chro0014 - PROTHESE  VASCULAIRE  MODULAIRE POSE ENDOLUMINALE - Marché n° 232-034,CENTRE HOSPITALIER UNIVERSITAIRE D ORLEANS (HOPITAL MADELEINE ORLEANS),MEDTRONIC FRANCE,110716.0,,2023-01-01
Fourniture de prothèses chirurgicales et dispositifs médicaux  2022chro0014 - CLOUS TIBIAUX ET HUMERAUX INTRAMEDULLAIRES  - Marché n° 232-049,CENTRE HOSPITALIER UNIVERSITAIRE D ORLEANS (HOPITAL MADELEINE ORLEANS),STRYKER FRANCE SA,138727.0,,2023-01-01
Fourniture de prothèses chirurgicales et dispositifs médicaux  2022chro0014 - GUIDE HYDRO PR DILATATION PERIPHERIQUE  0.018 - Marché n° 232-002,CENTRE HOSPITALIER UNIVERSITAIRE D ORLEANS (HOPITAL MADELEINE ORLEANS),ABBOTT MEDICAL FRANCE SAS,23689.0,,2023-01-01
Fourniture de prothèses chirurgicales et dispositifs médicaux  2022chro0014 - CATH BALLONNET NON COMPLIANT  PR DILATATION PERIPHERIQUE - Marché n° 232-014,CENTRE HOSPITALIER UNIVERSITAIRE D ORLEANS (HOPITAL MADELEINE ORLEANS),BOSTON SCIENTIFIC,15333.0,,2023-01-01
Fourniture de prothèses chirurgicales et dispositifs médicaux  2022chro0014 - CATH BALLONNET NON COMPLIANT PR DILATATION PERIPHERIQUE A ELUTION DE SUBSTANCE - Marché n° 232-011,CENTRE HOSPITALIER UNIVERSITAIRE D ORLEANS (HOPITAL MADELEINE ORLEANS),BOSTON SCIENTIFIC,45000.0,,2023-01-01
Fourniture de prothèses chirurgicales et dispositifs médicaux  2022chro0014 - CATH BALLONNET COMPLIANT PR DILATATION PERIPHERIQUE - Marché n° 232-002,CENTRE HOSPITALIER UNIVERSITAIRE D ORLEANS (HOPITAL MADELEINE ORLEANS),ABBOTT MEDICAL FRANCE SAS,81000.0,,2023-01-01
Fourniture de prothèses chirurgicales et dispositifs médicaux  2022chro0014 - PROTHESE D’EPAULE - Marché n° 232-053,CENTRE HOSPITALIER UNIVERSITAIRE D ORLEANS (HOPITAL MADELEINE ORLEANS),STRYKER FRANCE SA,59748.0,,2023-01-01
Fourniture de prothèses chirurgicales et dispositifs médicaux  2022chro0014 - PROTHESE TOTALE DE GENOU - Marché n° 232-031,CENTRE HOSPITALIER UNIVERSITAIRE D ORLEANS (HOPITAL MADELEINE ORLEANS),JOHNSON & JOHNSON MEDICAL SAS,518070.0,,2023-01-01
Fourniture de prothèses chirurgicales et dispositifs médicaux  2022chro0014 - DISPOSITIF DE REINSERTION MENISCALE - Marché n° 232-047,CENTRE HOSPITALIER UNIVERSITAIRE D ORLEANS (HOPITAL MADELEINE ORLEANS),JOHNSON & JOHNSON MEDICAL SAS,23020.0,,2023-01-01
Fourniture de prothèses chirurgicales et dispositifs médicaux  2022chro0014 - DISPOSITIF D’ANCRAGE SUTURES TYPE HARPON - Marché n° 232-031,CENTRE HOSPITALIER UNIVERSITAIRE D ORLEANS (HOPITAL MADELEINE ORLEANS),JOHNSON & JOHNSON MEDICAL SAS,16595.0,,2023-01-01
Fourniture de prothèses chirurgicales et dispositifs médicaux  2022chro0014 - PLAQUE DE COMPRESSION POUR FRACTURE DU COL DU FEMUR  - Marché n° 232-031,CENTRE HOSPITALIER UNIVERSITAIRE D ORLEANS (HOPITAL MADELEINE ORLEANS),JOHNSON & JOHNSON MEDICAL SAS,29272.0,,2023-01-01
Fourniture de prothèses chirurgicales et dispositifs médicaux  2022chro0014 - PROTHESE DE TETE RADIALE - Marché n° 232-049,CENTRE HOSPITALIER UNIVERSITAIRE D ORLEANS (HOPITAL MADELEINE ORLEANS),STRYKER FRANCE SA,9893.0,,2023-01-01
Fourniture de prothèses chirurgicales et dispositifs médicaux  2022chro0014 - CLOU INTRAMEDULLAIRE POUR  FRACTURE TROCHANTERIENNE - Marché n° 232-049,CENTRE HOSPITALIER UNIVERSITAIRE D ORLEANS (HOPITAL MADELEINE ORLEANS),STRYKER FRANCE SA,599006.0,,2023-01-01
Fourniture de prothèses chirurgicales et dispositifs médicaux  2022chro0014 - CLOU FEMORAL INTRAMEDULLAIRE VERROUILLE  - Marché n° 232-049,CENTRE HOSPITALIER UNIVERSITAIRE D ORLEANS (HOPITAL MADELEINE ORLEANS),STRYKER FRANCE SA,123425.0,,2023-01-01
Fourniture de prothèses chirurgicales et dispositifs médicaux  2022chro0014 - PLAQUES ET VIS TITANE POUR OSTEOSYNTHESE - Marché n° 232-031,CENTRE HOSPITALIER UNIVERSITAIRE D ORLEANS (HOPITAL MADELEINE ORLEANS),JOHNSON & JOHNSON MEDICAL SAS,397639.0,,2023-01-01
Fourniture de prothèses chirurgicales et dispositifs médicaux  2022chro0014 - STIMULATEUR CARDIAQUE DOUBLE CHAMBRE marché n° 232-036,CENTRE HOSPITALIER UNIVERSITAIRE D ORLEANS (HOPITAL MADELEINE ORLEANS),BIOTRONIK FRANCE,373284.0,,2023-01-01
Fourniture de prothèses chirurgicales et dispositifs médicaux  2022chro0014 - PROTHESE DISCALE CERVICALE marché n° 232-056,CENTRE HOSPITALIER UNIVERSITAIRE D ORLEANS (HOPITAL MADELEINE ORLEANS),ZIMMER BIOMET FRANCE,67500.0,,2023-01-01
Fourniture de prothèses chirurgicales et dispositifs médicaux  2022chro0014 - DEFIBRILLATEUR IMPLANTABLE TRIPLE CHAMBRE marché n° 232-001,CENTRE HOSPITALIER UNIVERSITAIRE D ORLEANS (HOPITAL MADELEINE ORLEANS),ABBOTT MEDICAL FRANCE SAS,256977.0,,2023-01-01
Fourniture de prothèses chirurgicales et dispositifs médicaux  2022chro0014 - STIMULATEUR CARDIAQUE DOUBLE CHAMBRE marché n° 232-036,CENTRE HOSPITALIER UNIVERSITAIRE D ORLEANS (HOPITAL MADELEINE ORLEANS),ABBOTT MEDICAL FRANCE SAS,373284.0,,2023-01-01
Fourniture de prothèses chirurgicales et dispositifs médicaux  2022chro0014 - DEFIBRILLATEUR IMPLANTABLE SIMPLE CHAMBRE - marché n° 232-001,CENTRE HOSPITALIER UNIVERSITAIRE D ORLEANS (HOPITAL MADELEINE ORLEANS),MEDTRONIC FRANCE,436345.0,,2023-01-01
Fourniture de prothèses chirurgicales et dispositifs médicaux  2022chro0014 - DEFIBRILLATEUR IMPLANTABLE SIMPLE CHAMBRE - marché n° 232-001,CENTRE HOSPITALIER UNIVERSITAIRE D ORLEANS (HOPITAL MADELEINE ORLEANS),ABBOTT MEDICAL FRANCE SAS,436345.0,,2023-01-01
Fourniture de prothèses chirurgicales et dispositifs médicaux  2022chro0014 - DEFIBRILLATEUR IMPLANTABLE TRIPLE CHAMBRE marché n° 232-001,CENTRE HOSPITALIER UNIVERSITAIRE D ORLEANS (HOPITAL MADELEINE ORLEANS),BOSTON SCIENTIFIC,256977.0,,2023-01-01
Fourniture de prothèses chirurgicales et dispositifs médicaux  2022chro0014 - DEFIBRILLATEUR IMPLANTABLE TRIPLE CHAMBRE marché n° 232-001,CENTRE HOSPITALIER UNIVERSITAIRE D ORLEANS (HOPITAL MADELEINE ORLEANS),BIOTRONIK FRANCE,256977.0,,2023-01-01
Fourniture de prothèses chirurgicales et dispositifs médicaux  2022chro0014 - DEFIBRILLATEUR IMPLANTABLE TRIPLE CHAMBRE marché n° 232-001,CENTRE HOSPITALIER UNIVERSITAIRE D ORLEANS (HOPITAL MADELEINE ORLEANS),MEDTRONIC FRANCE,256977.0,,2023-01-01
Fourniture de prothèses chirurgicales et dispositifs médicaux  2022chro0014 - STIMULATEUR CARDIAQUE SIMPLE CHAMBRE marché n° 2323-001,CENTRE HOSPITALIER UNIVERSITAIRE D ORLEANS (HOPITAL MADELEINE ORLEANS),BOSTON SCIENTIFIC,40135.0,,2023-01-01
Fourniture de prothèses chirurgicales et dispositifs médicaux  2022chro0014 - DEFIBRILLATEUR IMPLANTABLE AVEC SONDE SOUS CUTANEE marché n° 232-011,CENTRE HOSPITALIER UNIVERSITAIRE D ORLEANS (HOPITAL MADELEINE ORLEANS),BOSTON SCIENTIFIC,422250.0,,2023-01-01
Fourniture de prothèses chirurgicales et dispositifs médicaux  2022chro0014 - STIMULATEUR CARDIAQUE SIMPLE CHAMBRE marché n° 2323-001,CENTRE HOSPITALIER UNIVERSITAIRE D ORLEANS (HOPITAL MADELEINE ORLEANS),BIOTRONIK FRANCE,40135.0,,2023-01-01
Fourniture de prothèses chirurgicales et dispositifs médicaux  2022chro0014 - lot n° 66 PROTHESE DISCALE LOMBAIRE - marché n' 232-056,CENTRE HOSPITALIER UNIVERSITAIRE D ORLEANS (HOPITAL MADELEINE ORLEANS),ZIMMER BIOMET FRANCE,48626.0,,2023-01-01
Fourniture de prothèses chirurgicales et dispositifs médicaux  2022chro0014 - STIMULATEUR CARDIAQUE SIMPLE CHAMBRE marché n° 2323-001,CENTRE HOSPITALIER UNIVERSITAIRE D ORLEANS (HOPITAL MADELEINE ORLEANS),MEDTRONIC FRANCE,40135.0,,2023-01-01
Fourniture de prothèses chirurgicales et dispositifs médicaux  2022chro0014 - STIMULATEUR CARDIAQUE DOUBLE CHAMBRE marché n° 232-036,CENTRE HOSPITALIER UNIVERSITAIRE D ORLEANS (HOPITAL MADELEINE ORLEANS),MEDTRONIC FRANCE,373284.0,,2023-01-01
Fourniture de prothèses chirurgicales et dispositifs médicaux  2022chro0014 - STIMULATEUR CARDIAQUE SIMPLE CHAMBRE marché n° 2323-001,CENTRE HOSPITALIER UNIVERSITAIRE D ORLEANS (HOPITAL MADELEINE ORLEANS),ABBOTT MEDICAL FRANCE SAS,40135.0,,2023-01-01
Fourniture de prothèses chirurgicales et dispositifs médicaux  2022chro0014 - STIMULATEUR CARDIAQUE DOUBLE CHAMBRE marché n° 232-036,CENTRE HOSPITALIER UNIVERSITAIRE D ORLEANS (HOPITAL MADELEINE ORLEANS),BOSTON SCIENTIFIC,373284.0,,2023-01-01
Fourniture de prothèses chirurgicales et dispositifs médicaux  2022chro0014 - STIMULATEUR CARDIAQUE TRIPLE CHAMBRE marché n° 232-036,CENTRE HOSPITALIER UNIVERSITAIRE D ORLEANS (HOPITAL MADELEINE ORLEANS),BOSTON SCIENTIFIC,51867.0,,2023-01-01
Fourniture de prothèses chirurgicales et dispositifs médicaux  2022chro0014 - CATHETER GUIDE P.T.C.A STANDARD marché n° 232-034,CENTRE HOSPITALIER UNIVERSITAIRE D ORLEANS (HOPITAL MADELEINE ORLEANS),MEDTRONIC FRANCE,230400.0,,2023-01-01
Fourniture de prothèses chirurgicales et dispositifs médicaux  2022chro0014 - CATH BALLONNET PTCA  ECHANGE RAPIDE SEMI COMPLIANT- marché n° 232-041,CENTRE HOSPITALIER UNIVERSITAIRE D ORLEANS (HOPITAL MADELEINE ORLEANS),BIOTRONIK FRANCE,151563.0,,2023-01-01
Fourniture de prothèses chirurgicales et dispositifs médicaux  2022chro0014 - BALLON DE CONTREPULSION Marché n° 232-024,CENTRE HOSPITALIER UNIVERSITAIRE D ORLEANS (HOPITAL MADELEINE ORLEANS),GETINGE FRANCE,16710.0,,2023-01-01
Fourniture de prothèses chirurgicales et dispositifs médicaux  2022chro0014 - CATHETER D’ATHERECTOMIE A BALLONNET -Marché n° 232-110,CENTRE HOSPITALIER UNIVERSITAIRE D ORLEANS (HOPITAL MADELEINE ORLEANS),BOSTON SCIENTIFIC,60000.0,,2023-01-01
Fourniture de prothèses chirurgicales et dispositifs médicaux  2022chro0014 - DISPOSITIF D’OCLUSION POUR CIA ET PFO - Marché n° 232-002,CENTRE HOSPITALIER UNIVERSITAIRE D ORLEANS (HOPITAL MADELEINE ORLEANS),ABBOTT MEDICAL FRANCE SAS,265521.0,,2023-01-01
Fourniture de prothèses chirurgicales et dispositifs médicaux  2022chro0014 - STIMULATEUR MEDULLAIR POUR TRAITEMENT  DE LA DOULEUR - Marché n° 232-034,CENTRE HOSPITALIER UNIVERSITAIRE D ORLEANS (HOPITAL MADELEINE ORLEANS),BOSTON SCIENTIFIC,138062.0,,2023-01-01
Fourniture de prothèses chirurgicales et dispositifs médicaux  2022chro0014 - STIMULATEUR MEDULLAIR POUR TRAITEMENT  DE LA DOULEUR - Marché n° 232-034,CENTRE HOSPITALIER UNIVERSITAIRE D ORLEANS (HOPITAL MADELEINE ORLEANS),MEDTRONIC FRANCE,138062.0,,2023-01-01
Fourniture de prothèses chirurgicales et dispositifs médicaux  2022chro0014 - PLAQUES ET VIS TITANE POUR OSTEOSYNTHESE - Marché n° 232-031,CENTRE HOSPITALIER UNIVERSITAIRE D ORLEANS (HOPITAL MADELEINE ORLEANS),STRYKER FRANCE SA,397639.0,,2023-01-01
Fourniture de prothèses chirurgicales et dispositifs médicaux  2022chro0014 - MONITEUR ECG IMPLANTABLE - Marché n° 232-034,CENTRE HOSPITALIER UNIVERSITAIRE D ORLEANS (HOPITAL MADELEINE ORLEANS),ABBOTT MEDICAL FRANCE SAS,103044.0,,2023-01-01
Fourniture de prothèses chirurgicales et dispositifs médicaux  2022chro0014 - MONITEUR ECG IMPLANTABLE - Marché n° 232-034,CENTRE HOSPITALIER UNIVERSITAIRE D ORLEANS (HOPITAL MADELEINE ORLEANS),MEDTRONIC FRANCE,103044.0,,2023-01-01
Fourniture de prothèses chirurgicales et dispositifs médicaux  2022chro0014 - DISPOSITIFS MEDICAUX POUR ABLATION marché n° 2323-001,CENTRE HOSPITALIER UNIVERSITAIRE D ORLEANS (HOPITAL MADELEINE ORLEANS),ABBOTT MEDICAL FRANCE SAS,744000.0,,2023-01-01
Fourniture de prothèses chirurgicales et dispositifs médicaux  2022chro0014 - ELECTRODE ENDOCAVITAIRE TEMPORAIRE INTRACARDIAQUE marché n° 232-001,CENTRE HOSPITALIER UNIVERSITAIRE D ORLEANS (HOPITAL MADELEINE ORLEANS),ABBOTT MEDICAL FRANCE SAS,36000.0,,2023-01-01
Fourniture de prothèses chirurgicales et dispositifs médicaux  2022chro0014 - DISPOSITIF POUR ATHERECTOMIE ROTATIVE CORONAIRE marché n° 232-011,CENTRE HOSPITALIER UNIVERSITAIRE D ORLEANS (HOPITAL MADELEINE ORLEANS),BOSTON SCIENTIFIC,71775.0,,2023-01-01
Fourniture de prothèses chirurgicales et dispositifs médicaux  2022chro0014 - ENDOPROTHESE CORONAIRE COUVERTE marché n° 232-010,CENTRE HOSPITALIER UNIVERSITAIRE D ORLEANS (HOPITAL MADELEINE ORLEANS),BIOTRONIK FRANCE,21327.0,,2023-01-01
Fourniture de prothèses chirurgicales et dispositifs médicaux  2022chro0014 - ENDOPROTHESE CORONAIRE METALLIQUE marché n° 232-002,CENTRE HOSPITALIER UNIVERSITAIRE D ORLEANS (HOPITAL MADELEINE ORLEANS),ABBOTT MEDICAL FRANCE SAS,11374.0,,2023-01-01
Fourniture de prothèses chirurgicales et dispositifs médicaux  2022chro0014 - ENVELOPPE ANTIBACTERIENNE RESORBABLE marché n° 232-034,CENTRE HOSPITALIER UNIVERSITAIRE D ORLEANS (HOPITAL MADELEINE ORLEANS),MEDTRONIC FRANCE,64919.0,,2023-01-01
"Fourniture de prothèses chirurgicales et dispositifs médicaux  2022chro0014 - lot n° 121 - BROCHE DE TYPE ""KIRSCHNER"" - marché n° 232-056",CENTRE HOSPITALIER UNIVERSITAIRE D ORLEANS (HOPITAL MADELEINE ORLEANS),ZIMMER BIOMET FRANCE,14660.0,,2023-01-01
Fourniture de prothèses chirurgicales et dispositifs médicaux  2022chro0014 - DEFIBRILLATEUR IMPLANTABLE SIMPLE CHAMBRE - marché n° 232-001,CENTRE HOSPITALIER UNIVERSITAIRE D ORLEANS (HOPITAL MADELEINE ORLEANS),BIOTRONIK FRANCE,436345.0,,2023-01-01
DMS 2022-01 AO087 - CATHETER GUIDE - BALLONNET SILICONE,CENTRE HOSPITALIER UNIVERSITAIRE,STRYKER FRANCE SA,11700.0,,2023-01-01
"DMS 2022-01 AO087 - IMPLANT TENDINEUX, PROTHETIQUE OU DE RENFORT",CENTRE HOSPITALIER UNIVERSITAIRE,ZIMMER BIOMET FRANCE,42080.0,,2023-01-01
DMS 2022-01 AO087 - IMPLANT ARTICULAIRE HANCHE,CENTRE HOSPITALIER UNIVERSITAIRE,ZIMMER BIOMET FRANCE,21684.56,,2023-01-01
DMS 2022-01 AO087 - IMPLANT GENOU UNICOMPARTIMENTAL,CENTRE HOSPITALIER UNIVERSITAIRE,ZIMMER BIOMET FRANCE,115317.32,,2023-01-01
DMS 2022-01 AO087 - ENDOPROTHESE VASCULAIRE PERIPHERIQUE AUTOEXPANSIBLE,CENTRE HOSPITALIER UNIVERSITAIRE,ABBOTT MEDICAL FRANCE SAS,73933.2,,2023-01-01
DMS 2022-01 AO087 - ENDOPROTHESE CORONAIRE A LIBERATION DE SIROLIMUS,CENTRE HOSPITALIER UNIVERSITAIRE,BIOTRONIK FRANCE,1067376.0,,2023-01-01
DMS 2022-01 AO087 - ENDOPROTHESE CORONAIRE DITE STENT COUVERT,CENTRE HOSPITALIER UNIVERSITAIRE,BIOTRONIK FRANCE,28436.0,,2023-01-01
DMS 2022-01 AO087 - IMPLANT ENDOVASCULAIRE PERIPHERIQUE NU ALLIAGE COBALT - CHROME,CENTRE HOSPITALIER UNIVERSITAIRE,ABBOTT MEDICAL FRANCE SAS,80000.0,,2023-01-01
DMS 2022-01 AO087 - ENDOPROTHESE INTRACRANIENNE NITINOL AUTOEXPANSIBLE,CENTRE HOSPITALIER UNIVERSITAIRE,STRYKER FRANCE SA,52227.4,,2023-01-01
DMS 2022-01 AO087 - SPONDYLOPLASTIE AVEC EXPANSION PAR IMPLANT HORS STENT,CENTRE HOSPITALIER UNIVERSITAIRE,STRYKER FRANCE SA,1341520.0,,2023-01-01
"FOURNITURE DE DISPOSITIFS MEDICAUX STERILES DE STIMULATEURS CARDIAQUES IMPLANTABLES ET SONDES, DEFIBRILLATEURS IMPLANTABLES ET SONDES, ET AUTRES DISPOSITIFS POUR ELECTROPHYSIOLOGIE ET RYTHMOLOGIE CARDIAQUE - CATHETER D’ABLATION  irrigué quadripolaire soup",CENTRE HOSPITALIER UNIVERSITAIRE ROUEN (HOPITAL CHARLES NICOLLE CHU ROUEN),JOHNSON & JOHNSON MEDICAL SAS,1778000.0,,2022-12-29
"FOURNITURE DE DISPOSITIFS MEDICAUX STERILES DE STIMULATEURS CARDIAQUES IMPLANTABLES ET SONDES, DEFIBRILLATEURS IMPLANTABLES ET SONDES, ET AUTRES DISPOSITIFS POUR ELECTROPHYSIOLOGIE ET RYTHMOLOGIE CARDIAQUE - STIMULATEUR CARDIAQUE SANS SONDE AVEC DETECTION",CENTRE HOSPITALIER UNIVERSITAIRE ROUEN (HOPITAL CHARLES NICOLLE CHU ROUEN),MEDTRONIC FRANCE,34000.0,,2022-12-29
"FOURNITURE DE DISPOSITIFS MEDICAUX STERILES DE STIMULATEURS CARDIAQUES IMPLANTABLES ET SONDES, DEFIBRILLATEURS IMPLANTABLES ET SONDES, ET AUTRES DISPOSITIFS POUR ELECTROPHYSIOLOGIE ET RYTHMOLOGIE CARDIAQUE - STIMULATEUR CARDIAQUE SIMPLE CHAMBRE SANS SONDE",CENTRE HOSPITALIER UNIVERSITAIRE ROUEN (HOPITAL CHARLES NICOLLE CHU ROUEN),MEDTRONIC FRANCE,621042.0,,2022-12-29
"FOURNITURE DE DISPOSITIFS MEDICAUX STERILES DE STIMULATEURS CARDIAQUES IMPLANTABLES ET SONDES, DEFIBRILLATEURS IMPLANTABLES ET SONDES, ET AUTRES DISPOSITIFS POUR ELECTROPHYSIOLOGIE ET RYTHMOLOGIE CARDIAQUE - STIMULATEUR CARDIAQUE SIMPLE CHAMBRE AVEC COMPT",CENTRE HOSPITALIER UNIVERSITAIRE ROUEN (HOPITAL CHARLES NICOLLE CHU ROUEN),MEDTRONIC FRANCE,706369.0,,2022-12-29
"FOURNITURE DE DISPOSITIFS MEDICAUX STERILES DE STIMULATEURS CARDIAQUES IMPLANTABLES ET SONDES, DEFIBRILLATEURS IMPLANTABLES ET SONDES, ET AUTRES DISPOSITIFS POUR ELECTROPHYSIOLOGIE ET RYTHMOLOGIE CARDIAQUE - ELECTRODE D’ENREGISTREMENT décapolaire, longeur",CENTRE HOSPITALIER UNIVERSITAIRE ROUEN (HOPITAL CHARLES NICOLLE CHU ROUEN),JOHNSON & JOHNSON MEDICAL SAS,120800.0,,2022-12-29
"FOURNITURE DE DISPOSITIFS MEDICAUX STERILES DE STIMULATEURS CARDIAQUES IMPLANTABLES ET SONDES, DEFIBRILLATEURS IMPLANTABLES ET SONDES, ET AUTRES DISPOSITIFS POUR ELECTROPHYSIOLOGIE ET RYTHMOLOGIE CARDIAQUE - KIT DE PATCHS pour reconstruction et enregistre",CENTRE HOSPITALIER UNIVERSITAIRE ROUEN (HOPITAL CHARLES NICOLLE CHU ROUEN),JOHNSON & JOHNSON MEDICAL SAS,554600.0,,2022-12-29
"FOURNITURE DE DISPOSITIFS MEDICAUX STERILES DE STIMULATEURS CARDIAQUES IMPLANTABLES ET SONDES, DEFIBRILLATEURS IMPLANTABLES ET SONDES, ET AUTRES DISPOSITIFS POUR ELECTROPHYSIOLOGIE ET RYTHMOLOGIE CARDIAQUE - ELECTRODE D’ENREGISTREMENT SPECIALE multipolair",CENTRE HOSPITALIER UNIVERSITAIRE ROUEN (HOPITAL CHARLES NICOLLE CHU ROUEN),JOHNSON & JOHNSON MEDICAL SAS,1155512.0,,2022-12-29
"FOURNITURE DE DISPOSITIFS MEDICAUX STERILES DE STIMULATEURS CARDIAQUES IMPLANTABLES ET SONDES, DEFIBRILLATEURS IMPLANTABLES ET SONDES, ET AUTRES DISPOSITIFS POUR ELECTROPHYSIOLOGIE ET RYTHMOLOGIE CARDIAQUE - DEFIBRILLATEUR DOUBLE CHAMBRE avec induction pa",CENTRE HOSPITALIER UNIVERSITAIRE ROUEN (HOPITAL CHARLES NICOLLE CHU ROUEN),ABBOTT MEDICAL FRANCE SAS,53005.0,,2022-12-29
"FOURNITURE DE DISPOSITIFS MEDICAUX STERILES DE STIMULATEURS CARDIAQUES IMPLANTABLES ET SONDES, DEFIBRILLATEURS IMPLANTABLES ET SONDES, ET AUTRES DISPOSITIFS POUR ELECTROPHYSIOLOGIE ET RYTHMOLOGIE CARDIAQUE - STIMULATEUR CARDIAQUE A FREQUENCE ASSERVIE, DDD",CENTRE HOSPITALIER UNIVERSITAIRE ROUEN (HOPITAL CHARLES NICOLLE CHU ROUEN),MEDTRONIC FRANCE,3556854.0,,2022-12-29
"FOURNITURE DE DISPOSITIFS MEDICAUX STERILES DE STIMULATEURS CARDIAQUES IMPLANTABLES ET SONDES, DEFIBRILLATEURS IMPLANTABLES ET SONDES, ET AUTRES DISPOSITIFS POUR ELECTROPHYSIOLOGIE ET RYTHMOLOGIE CARDIAQUE - STIMULATEUR CARDIAQUE DOUBLE CHAMBRE , VDD AVEC",CENTRE HOSPITALIER UNIVERSITAIRE ROUEN (HOPITAL CHARLES NICOLLE CHU ROUEN),MEDTRONIC FRANCE,61318.0,,2022-12-29
"FOURNITURE DE DISPOSITIFS MEDICAUX STERILES DE STIMULATEURS CARDIAQUES IMPLANTABLES ET SONDES, DEFIBRILLATEURS IMPLANTABLES ET SONDES, ET AUTRES DISPOSITIFS POUR ELECTROPHYSIOLOGIE ET RYTHMOLOGIE CARDIAQUE - ELECTRODES D’ENREGISTREMENT quadripolaire et dé",CENTRE HOSPITALIER UNIVERSITAIRE ROUEN (HOPITAL CHARLES NICOLLE CHU ROUEN),ABBOTT MEDICAL FRANCE SAS,388660.0,,2022-12-29
"FOURNITURE DE DISPOSITIFS MEDICAUX STERILES DE STIMULATEURS CARDIAQUES IMPLANTABLES ET SONDES, DEFIBRILLATEURS IMPLANTABLES ET SONDES, ET AUTRES DISPOSITIFS POUR ELECTROPHYSIOLOGIE ET RYTHMOLOGIE CARDIAQUE - STIMULATEUR CARDIAQUE DDDR, AVEC STIMULATION MU",CENTRE HOSPITALIER UNIVERSITAIRE ROUEN (HOPITAL CHARLES NICOLLE CHU ROUEN),MEDTRONIC FRANCE,285119.0,,2022-12-29
"FOURNITURE DE DISPOSITIFS MEDICAUX STERILES DE STIMULATEURS CARDIAQUES IMPLANTABLES ET SONDES, DEFIBRILLATEURS IMPLANTABLES ET SONDES, ET AUTRES DISPOSITIFS POUR ELECTROPHYSIOLOGIE ET RYTHMOLOGIE CARDIAQUE - KIT DE PATCHS pour reconstruction 3D, compatibl",CENTRE HOSPITALIER UNIVERSITAIRE ROUEN (HOPITAL CHARLES NICOLLE CHU ROUEN),BOSTON SCIENTIFIC,26000.0,,2022-12-29
"FOURNITURE DE DISPOSITIFS MEDICAUX STERILES DE STIMULATEURS CARDIAQUES IMPLANTABLES ET SONDES, DEFIBRILLATEURS IMPLANTABLES ET SONDES, ET AUTRES DISPOSITIFS POUR ELECTROPHYSIOLOGIE ET RYTHMOLOGIE CARDIAQUE - DEFIBRILLATEUR TRIPLE CHAMBRE avec induction pa",CENTRE HOSPITALIER UNIVERSITAIRE ROUEN (HOPITAL CHARLES NICOLLE CHU ROUEN),ABBOTT MEDICAL FRANCE SAS,56303.0,,2022-12-29
"FOURNITURE DE DISPOSITIFS MEDICAUX STERILES DE STIMULATEURS CARDIAQUES IMPLANTABLES ET SONDES, DEFIBRILLATEURS IMPLANTABLES ET SONDES, ET AUTRES DISPOSITIFS POUR ELECTROPHYSIOLOGIE ET RYTHMOLOGIE CARDIAQUE - GAINE TRANSSEPTALE A COURBURE MODULAIRE - Gai...",CENTRE HOSPITALIER UNIVERSITAIRE ROUEN (HOPITAL CHARLES NICOLLE CHU ROUEN),ABBOTT MEDICAL FRANCE SAS,64800.0,,2022-12-29
"FOURNITURE DE DISPOSITIFS MEDICAUX STERILES DE STIMULATEURS CARDIAQUES IMPLANTABLES ET SONDES, DEFIBRILLATEURS IMPLANTABLES ET SONDES, ET AUTRES DISPOSITIFS POUR ELECTROPHYSIOLOGIE ET RYTHMOLOGIE CARDIAQUE - AIGUILLE DE PONCTION TRANSSEPTALE A DOUBLE BISE",CENTRE HOSPITALIER UNIVERSITAIRE ROUEN (HOPITAL CHARLES NICOLLE CHU ROUEN),ABBOTT MEDICAL FRANCE SAS,198120.0,,2022-12-29
"FOURNITURE DE DISPOSITIFS MEDICAUX STERILES DE STIMULATEURS CARDIAQUES IMPLANTABLES ET SONDES, DEFIBRILLATEURS IMPLANTABLES ET SONDES, ET AUTRES DISPOSITIFS POUR ELECTROPHYSIOLOGIE ET RYTHMOLOGIE CARDIAQUE - CATHETER D’ABLATION irrigué quadripolaire à ext",CENTRE HOSPITALIER UNIVERSITAIRE ROUEN (HOPITAL CHARLES NICOLLE CHU ROUEN),BOSTON SCIENTIFIC,2840.0,,2022-12-29
"FOURNITURE DE DISPOSITIFS MEDICAUX STERILES DE STIMULATEURS CARDIAQUES IMPLANTABLES ET SONDES, DEFIBRILLATEURS IMPLANTABLES ET SONDES, ET AUTRES DISPOSITIFS POUR ELECTROPHYSIOLOGIE ET RYTHMOLOGIE CARDIAQUE - ELECTRODE D’ENREGISTREMENT SPECIALE circulaire",CENTRE HOSPITALIER UNIVERSITAIRE ROUEN (HOPITAL CHARLES NICOLLE CHU ROUEN),ABBOTT MEDICAL FRANCE SAS,7400.0,,2022-12-29
"FOURNITURE DE DISPOSITIFS MEDICAUX STERILES DE STIMULATEURS CARDIAQUES IMPLANTABLES ET SONDES, DEFIBRILLATEURS IMPLANTABLES ET SONDES, ET AUTRES DISPOSITIFS POUR ELECTROPHYSIOLOGIE ET RYTHMOLOGIE CARDIAQUE - CATHETER D’ABLATION  irrigué quadripolaire soup",CENTRE HOSPITALIER UNIVERSITAIRE ROUEN (HOPITAL CHARLES NICOLLE CHU ROUEN),JOHNSON & JOHNSON MEDICAL SAS,10680.0,,2022-12-29
"FOURNITURE DE DISPOSITIFS MEDICAUX STERILES DE STIMULATEURS CARDIAQUES IMPLANTABLES ET SONDES, DEFIBRILLATEURS IMPLANTABLES ET SONDES, ET AUTRES DISPOSITIFS POUR ELECTROPHYSIOLOGIE ET RYTHMOLOGIE CARDIAQUE - ELECTRODE D’ENREGISTREMENT SPECIALE décapolaire",CENTRE HOSPITALIER UNIVERSITAIRE ROUEN (HOPITAL CHARLES NICOLLE CHU ROUEN),ABBOTT MEDICAL FRANCE SAS,4400.0,,2022-12-29
"FOURNITURE DE DISPOSITIFS MEDICAUX STERILES DE STIMULATEURS CARDIAQUES IMPLANTABLES ET SONDES, DEFIBRILLATEURS IMPLANTABLES ET SONDES, ET AUTRES DISPOSITIFS POUR ELECTROPHYSIOLOGIE ET RYTHMOLOGIE CARDIAQUE - CATHETER D’ABLATION irrigué, à extrémité distal",CENTRE HOSPITALIER UNIVERSITAIRE ROUEN (HOPITAL CHARLES NICOLLE CHU ROUEN),BOSTON SCIENTIFIC,31320.0,,2022-12-29
"FOURNITURE DE DISPOSITIFS MEDICAUX STERILES DE STIMULATEURS CARDIAQUES IMPLANTABLES ET SONDES, DEFIBRILLATEURS IMPLANTABLES ET SONDES, ET AUTRES DISPOSITIFS POUR ELECTROPHYSIOLOGIE ET RYTHMOLOGIE CARDIAQUE - CATHETER D’ABLATION irrigué quadripolaire soupl",CENTRE HOSPITALIER UNIVERSITAIRE ROUEN (HOPITAL CHARLES NICOLLE CHU ROUEN),JOHNSON & JOHNSON MEDICAL SAS,6800.0,,2022-12-29
"FOURNITURE DE DISPOSITIFS MEDICAUX STERILES DE STIMULATEURS CARDIAQUES IMPLANTABLES ET SONDES, DEFIBRILLATEURS IMPLANTABLES ET SONDES, ET AUTRES DISPOSITIFS POUR ELECTROPHYSIOLOGIE ET RYTHMOLOGIE CARDIAQUE - CATHETER DE CARTOGRAPHIE 3D HAUTE RESOLUTION, a",CENTRE HOSPITALIER UNIVERSITAIRE ROUEN (HOPITAL CHARLES NICOLLE CHU ROUEN),BOSTON SCIENTIFIC,231200.0,,2022-12-29
"FOURNITURE DE DISPOSITIFS MEDICAUX STERILES DE STIMULATEURS CARDIAQUES IMPLANTABLES ET SONDES, DEFIBRILLATEURS IMPLANTABLES ET SONDES, ET AUTRES DISPOSITIFS POUR ELECTROPHYSIOLOGIE ET RYTHMOLOGIE CARDIAQUE - STIMULATEUR DDDR, AVEC STIMULATION MULTISITE VE",CENTRE HOSPITALIER UNIVERSITAIRE ROUEN (HOPITAL CHARLES NICOLLE CHU ROUEN),BIOTRONIK FRANCE,20785.0,,2022-12-29
"FOURNITURE DE DISPOSITIFS MEDICAUX STERILES DE STIMULATEURS CARDIAQUES IMPLANTABLES ET SONDES, DEFIBRILLATEURS IMPLANTABLES ET SONDES, ET AUTRES DISPOSITIFS POUR ELECTROPHYSIOLOGIE ET RYTHMOLOGIE CARDIAQUE - STIMULATEUR CARDIAQUE SIMPLE CHAMBRE AVEC AUTO-",CENTRE HOSPITALIER UNIVERSITAIRE ROUEN (HOPITAL CHARLES NICOLLE CHU ROUEN),ABBOTT MEDICAL FRANCE SAS,10703.0,,2022-12-29
"FOURNITURE DE DISPOSITIFS MEDICAUX STERILES DE STIMULATEURS CARDIAQUES IMPLANTABLES ET SONDES, DEFIBRILLATEURS IMPLANTABLES ET SONDES, ET AUTRES DISPOSITIFS POUR ELECTROPHYSIOLOGIE ET RYTHMOLOGIE CARDIAQUE - STIMULATEUR CARDIAQUE DOUBLE CHAMBRE DDD  AVEC",CENTRE HOSPITALIER UNIVERSITAIRE ROUEN (HOPITAL CHARLES NICOLLE CHU ROUEN),ABBOTT MEDICAL FRANCE SAS,58709.0,,2022-12-29
"FOURNITURE DE DISPOSITIFS MEDICAUX STERILES DE STIMULATEURS CARDIAQUES IMPLANTABLES ET SONDES, DEFIBRILLATEURS IMPLANTABLES ET SONDES, ET AUTRES DISPOSITIFS POUR ELECTROPHYSIOLOGIE ET RYTHMOLOGIE CARDIAQUE - STIMULATEUR CARDIAQUE DDDR, AVEC STIMULATION VE",CENTRE HOSPITALIER UNIVERSITAIRE ROUEN (HOPITAL CHARLES NICOLLE CHU ROUEN),ABBOTT MEDICAL FRANCE SAS,19607.0,,2022-12-29
"FOURNITURE DE DISPOSITIFS MEDICAUX STERILES DE STIMULATEURS CARDIAQUES IMPLANTABLES ET SONDES, DEFIBRILLATEURS IMPLANTABLES ET SONDES, ET AUTRES DISPOSITIFS POUR ELECTROPHYSIOLOGIE ET RYTHMOLOGIE CARDIAQUE - SONDE DE STIMULATION DU VENTRICULE GAUCHE, PREF",CENTRE HOSPITALIER UNIVERSITAIRE ROUEN (HOPITAL CHARLES NICOLLE CHU ROUEN),ABBOTT MEDICAL FRANCE SAS,9010.0,,2022-12-29
"FOURNITURE DE DISPOSITIFS MEDICAUX STERILES DE STIMULATEURS CARDIAQUES IMPLANTABLES ET SONDES, DEFIBRILLATEURS IMPLANTABLES ET SONDES, ET AUTRES DISPOSITIFS POUR ELECTROPHYSIOLOGIE ET RYTHMOLOGIE CARDIAQUE - GAINE ORIENTABLE DE POSITIONNEMENT SUR LES VOIE",CENTRE HOSPITALIER UNIVERSITAIRE ROUEN (HOPITAL CHARLES NICOLLE CHU ROUEN),ABBOTT MEDICAL FRANCE SAS,4200.0,,2022-12-29
"FOURNITURE DE DISPOSITIFS MEDICAUX STERILES DE STIMULATEURS CARDIAQUES IMPLANTABLES ET SONDES, DEFIBRILLATEURS IMPLANTABLES ET SONDES, ET AUTRES DISPOSITIFS POUR ELECTROPHYSIOLOGIE ET RYTHMOLOGIE CARDIAQUE - DEFIBRILLATEUR SIMPLE CHAMBRE avec induction pa",CENTRE HOSPITALIER UNIVERSITAIRE ROUEN (HOPITAL CHARLES NICOLLE CHU ROUEN),ABBOTT MEDICAL FRANCE SAS,40948.0,,2022-12-29
"FOURNITURE DE DISPOSITIFS MEDICAUX STERILES DE STIMULATEURS CARDIAQUES IMPLANTABLES ET SONDES, DEFIBRILLATEURS IMPLANTABLES ET SONDES, ET AUTRES DISPOSITIFS POUR ELECTROPHYSIOLOGIE ET RYTHMOLOGIE CARDIAQUE - CATHETER DE CARTOGRAPHIE 3D HAUTE RESOLUTION, e",CENTRE HOSPITALIER UNIVERSITAIRE ROUEN (HOPITAL CHARLES NICOLLE CHU ROUEN),ABBOTT MEDICAL FRANCE SAS,6400.0,,2022-12-29
"FOURNITURE DE DISPOSITIFS MEDICAUX STERILES DE STIMULATEURS CARDIAQUES IMPLANTABLES ET SONDES, DEFIBRILLATEURS IMPLANTABLES ET SONDES, ET AUTRES DISPOSITIFS POUR ELECTROPHYSIOLOGIE ET RYTHMOLOGIE CARDIAQUE - KIT DE PATCHS POUR RECONSTRUCTION ET ENREGISTRE",CENTRE HOSPITALIER UNIVERSITAIRE ROUEN (HOPITAL CHARLES NICOLLE CHU ROUEN),ABBOTT MEDICAL FRANCE SAS,3600.0,,2022-12-29
"FOURNITURE DE DISPOSITIFS MEDICAUX STERILES DE STIMULATEURS CARDIAQUES IMPLANTABLES ET SONDES, DEFIBRILLATEURS IMPLANTABLES ET SONDES, ET AUTRES DISPOSITIFS POUR ELECTROPHYSIOLOGIE ET RYTHMOLOGIE CARDIAQUE - CATHETER D’ABLATION irrigué  avec irrigation di",CENTRE HOSPITALIER UNIVERSITAIRE ROUEN (HOPITAL CHARLES NICOLLE CHU ROUEN),ABBOTT MEDICAL FRANCE SAS,4400.0,,2022-12-29
"FOURNITURE DE DISPOSITIFS MEDICAUX STERILES DE STIMULATEURS CARDIAQUES IMPLANTABLES ET SONDES, DEFIBRILLATEURS IMPLANTABLES ET SONDES, ET AUTRES DISPOSITIFS POUR ELECTROPHYSIOLOGIE ET RYTHMOLOGIE CARDIAQUE - ELECTRODE D’ENREGISTREMENT quadripolaire et déc",CENTRE HOSPITALIER UNIVERSITAIRE ROUEN (HOPITAL CHARLES NICOLLE CHU ROUEN),BOSTON SCIENTIFIC,19580.0,,2022-12-29
"FOURNITURE DE DISPOSITIFS MEDICAUX STERILES DE STIMULATEURS CARDIAQUES IMPLANTABLES ET SONDES, DEFIBRILLATEURS IMPLANTABLES ET SONDES, ET AUTRES DISPOSITIFS POUR ELECTROPHYSIOLOGIE ET RYTHMOLOGIE CARDIAQUE - HOLTER IMPLANTABLE AVEC COMMUNICATION SANS FIL",CENTRE HOSPITALIER UNIVERSITAIRE ROUEN (HOPITAL CHARLES NICOLLE CHU ROUEN),ABBOTT MEDICAL FRANCE SAS,5341.0,,2022-12-29
"FOURNITURE DE DISPOSITIFS MEDICAUX STERILES DE STIMULATEURS CARDIAQUES IMPLANTABLES ET SONDES, DEFIBRILLATEURS IMPLANTABLES ET SONDES, ET AUTRES DISPOSITIFS POUR ELECTROPHYSIOLOGIE ET RYTHMOLOGIE CARDIAQUE - SONDE/SYSTEME DE MESURE de température oesophag",CENTRE HOSPITALIER UNIVERSITAIRE ROUEN (HOPITAL CHARLES NICOLLE CHU ROUEN),ABBOTT MEDICAL FRANCE SAS,138000.0,,2022-12-29
"FOURNITURE DE DISPOSITIFS MEDICAUX STERILES DE STIMULATEURS CARDIAQUES IMPLANTABLES ET SONDES, DEFIBRILLATEURS IMPLANTABLES ET SONDES, ET AUTRES DISPOSITIFS POUR ELECTROPHYSIOLOGIE ET RYTHMOLOGIE CARDIAQUE - STIMULATEUR CARDIAQUE SIMPLE CHAMBRE VVIR, AVEC",CENTRE HOSPITALIER UNIVERSITAIRE ROUEN (HOPITAL CHARLES NICOLLE CHU ROUEN),BIOTRONIK FRANCE,171241.0,,2022-12-29
"FOURNITURE DE DISPOSITIFS MEDICAUX STERILES DE STIMULATEURS CARDIAQUES IMPLANTABLES ET SONDES, DEFIBRILLATEURS IMPLANTABLES ET SONDES, ET AUTRES DISPOSITIFS POUR ELECTROPHYSIOLOGIE ET RYTHMOLOGIE CARDIAQUE - STIMULATEUR CARDIAQUE A FREQUENCE ASSERVIE, DDD",CENTRE HOSPITALIER UNIVERSITAIRE ROUEN (HOPITAL CHARLES NICOLLE CHU ROUEN),BIOTRONIK FRANCE,485970.0,,2022-12-29
"FOURNITURE DE DISPOSITIFS MEDICAUX STERILES DE STIMULATEURS CARDIAQUES IMPLANTABLES ET SONDES, DEFIBRILLATEURS IMPLANTABLES ET SONDES, ET AUTRES DISPOSITIFS POUR ELECTROPHYSIOLOGIE ET RYTHMOLOGIE CARDIAQUE - CATHETER D’ABLATION quadripolaire avec électrod",CENTRE HOSPITALIER UNIVERSITAIRE ROUEN (HOPITAL CHARLES NICOLLE CHU ROUEN),ABBOTT MEDICAL FRANCE SAS,374000.0,,2022-12-29
"FOURNITURE DE DISPOSITIFS MEDICAUX STERILES DE STIMULATEURS CARDIAQUES IMPLANTABLES ET SONDES, DEFIBRILLATEURS IMPLANTABLES ET SONDES, ET AUTRES DISPOSITIFS POUR ELECTROPHYSIOLOGIE ET RYTHMOLOGIE CARDIAQUE - DEFIBRILLATEUR SIMPLE CHAMBRE avec asservisseme",CENTRE HOSPITALIER UNIVERSITAIRE ROUEN (HOPITAL CHARLES NICOLLE CHU ROUEN),BIOTRONIK FRANCE,149050.0,,2022-12-29
"FOURNITURE DE DISPOSITIFS MEDICAUX STERILES DE STIMULATEURS CARDIAQUES IMPLANTABLES ET SONDES, DEFIBRILLATEURS IMPLANTABLES ET SONDES, ET AUTRES DISPOSITIFS POUR ELECTROPHYSIOLOGIE ET RYTHMOLOGIE CARDIAQUE - DEFIBRILLATEUR SIMPLE CHAMBRE  avec discriminat",CENTRE HOSPITALIER UNIVERSITAIRE ROUEN (HOPITAL CHARLES NICOLLE CHU ROUEN),BOSTON SCIENTIFIC,637149.0,,2022-12-29
"FOURNITURE DE DISPOSITIFS MEDICAUX STERILES DE STIMULATEURS CARDIAQUES IMPLANTABLES ET SONDES, DEFIBRILLATEURS IMPLANTABLES ET SONDES, ET AUTRES DISPOSITIFS POUR ELECTROPHYSIOLOGIE ET RYTHMOLOGIE CARDIAQUE - ELECTRODES D’ENREGISTREMENT bipolaire et quadri",CENTRE HOSPITALIER UNIVERSITAIRE ROUEN (HOPITAL CHARLES NICOLLE CHU ROUEN),BOSTON SCIENTIFIC,640.0,,2022-12-29
"FOURNITURE DE DISPOSITIFS MEDICAUX STERILES DE STIMULATEURS CARDIAQUES IMPLANTABLES ET SONDES, DEFIBRILLATEURS IMPLANTABLES ET SONDES, ET AUTRES DISPOSITIFS POUR ELECTROPHYSIOLOGIE ET RYTHMOLOGIE CARDIAQUE - DEFIBRILLATEUR SIMPLE CHAMBRE AVEC ECOUTE AURIC",CENTRE HOSPITALIER UNIVERSITAIRE ROUEN (HOPITAL CHARLES NICOLLE CHU ROUEN),BIOTRONIK FRANCE,47500.0,,2022-12-29
"FOURNITURE DE DISPOSITIFS MEDICAUX STERILES DE STIMULATEURS CARDIAQUES IMPLANTABLES ET SONDES, DEFIBRILLATEURS IMPLANTABLES ET SONDES, ET AUTRES DISPOSITIFS POUR ELECTROPHYSIOLOGIE ET RYTHMOLOGIE CARDIAQUE - DEFIBRILLATEUR IMPLANTABLE SOUS-CUTANEE et sond",CENTRE HOSPITALIER UNIVERSITAIRE ROUEN (HOPITAL CHARLES NICOLLE CHU ROUEN),BOSTON SCIENTIFIC,850443.0,,2022-12-29
"FOURNITURE DE DISPOSITIFS MEDICAUX STERILES DE STIMULATEURS CARDIAQUES IMPLANTABLES ET SONDES, DEFIBRILLATEURS IMPLANTABLES ET SONDES, ET AUTRES DISPOSITIFS POUR ELECTROPHYSIOLOGIE ET RYTHMOLOGIE CARDIAQUE - DEFIBRILLATEUR TRIPLE CHAMBRE  AVEC OPTIMISATIO",CENTRE HOSPITALIER UNIVERSITAIRE ROUEN (HOPITAL CHARLES NICOLLE CHU ROUEN),BOSTON SCIENTIFIC,243640.0,,2022-12-29
"FOURNITURE DE DISPOSITIFS MEDICAUX STERILES DE STIMULATEURS CARDIAQUES IMPLANTABLES ET SONDES, DEFIBRILLATEURS IMPLANTABLES ET SONDES, ET AUTRES DISPOSITIFS POUR ELECTROPHYSIOLOGIE ET RYTHMOLOGIE CARDIAQUE - DEFIBRILLATEUR DOUBLE CHAMBRE avec discriminati",CENTRE HOSPITALIER UNIVERSITAIRE ROUEN (HOPITAL CHARLES NICOLLE CHU ROUEN),BOSTON SCIENTIFIC,248645.0,,2022-12-29
"FOURNITURE DE DISPOSITIFS MEDICAUX STERILES DE STIMULATEURS CARDIAQUES IMPLANTABLES ET SONDES, DEFIBRILLATEURS IMPLANTABLES ET SONDES, ET AUTRES DISPOSITIFS POUR ELECTROPHYSIOLOGIE ET RYTHMOLOGIE CARDIAQUE - GAINE ORIENTABLE A COURBURE ASYMETRIQUE, AVEC V",CENTRE HOSPITALIER UNIVERSITAIRE ROUEN (HOPITAL CHARLES NICOLLE CHU ROUEN),BOSTON SCIENTIFIC,2200.0,,2022-12-29
"FOURNITURE DE DISPOSITIFS MEDICAUX STERILES DE STIMULATEURS CARDIAQUES IMPLANTABLES ET SONDES, DEFIBRILLATEURS IMPLANTABLES ET SONDES, ET AUTRES DISPOSITIFS POUR ELECTROPHYSIOLOGIE ET RYTHMOLOGIE CARDIAQUE - SONDE DE STIMULATION DU VENTRICULE GAUCHE, IS4,",CENTRE HOSPITALIER UNIVERSITAIRE ROUEN (HOPITAL CHARLES NICOLLE CHU ROUEN),BOSTON SCIENTIFIC,12056.0,,2022-12-29
"FOURNITURE DE DISPOSITIFS MEDICAUX STERILES DE STIMULATEURS CARDIAQUES IMPLANTABLES ET SONDES, DEFIBRILLATEURS IMPLANTABLES ET SONDES, ET AUTRES DISPOSITIFS POUR ELECTROPHYSIOLOGIE ET RYTHMOLOGIE CARDIAQUE - STIMULATEUR CARDIAQUE A FREQUENCE ASSERVIE, DDD",CENTRE HOSPITALIER UNIVERSITAIRE ROUEN (HOPITAL CHARLES NICOLLE CHU ROUEN),BOSTON SCIENTIFIC,76514.0,,2022-12-29
"FOURNITURE DE DISPOSITIFS MEDICAUX STERILES DE STIMULATEURS CARDIAQUES IMPLANTABLES ET SONDES, DEFIBRILLATEURS IMPLANTABLES ET SONDES, ET AUTRES DISPOSITIFS POUR ELECTROPHYSIOLOGIE ET RYTHMOLOGIE CARDIAQUE - DEFIBRILLATEUR TRIPLE CHAMBRE avec asservisseme",CENTRE HOSPITALIER UNIVERSITAIRE ROUEN (HOPITAL CHARLES NICOLLE CHU ROUEN),BIOTRONIK FRANCE,59989.0,,2022-12-29
"FOURNITURE DE DISPOSITIFS MEDICAUX STERILES DE STIMULATEURS CARDIAQUES IMPLANTABLES ET SONDES, DEFIBRILLATEURS IMPLANTABLES ET SONDES, ET AUTRES DISPOSITIFS POUR ELECTROPHYSIOLOGIE ET RYTHMOLOGIE CARDIAQUE - DEFIBRILLATEUR DOUBLE CHAMBRE avec asservisseme",CENTRE HOSPITALIER UNIVERSITAIRE ROUEN (HOPITAL CHARLES NICOLLE CHU ROUEN),BIOTRONIK FRANCE,67428.0,,2022-12-29
"FOURNITURE DE DISPOSITIFS MEDICAUX STERILES DE STIMULATEURS CARDIAQUES IMPLANTABLES ET SONDES, DEFIBRILLATEURS IMPLANTABLES ET SONDES, ET AUTRES DISPOSITIFS POUR ELECTROPHYSIOLOGIE ET RYTHMOLOGIE CARDIAQUE - STIMULATEUR CARDIAQUE, DDDR, AVEC STIMULATION M",CENTRE HOSPITALIER UNIVERSITAIRE ROUEN (HOPITAL CHARLES NICOLLE CHU ROUEN),BOSTON SCIENTIFIC,53460.0,,2022-12-29
"Fourniture de dispositifs médicaux stériles pour angioplastie coronaire et cardiologie interventionelle  - Cathéter à ballonnet dilatation coronaire, nu, semi-compliant, coaxial, diam du ballon de 1,2 à 2mm à minima, toutes longueurs de ballonnet, guide 0",CENTRE HOSPITALIER LES CHANAUX,ABBOTT MEDICAL FRANCE SAS,660.0,,2022-12-27
"Fourniture de dispositifs médicaux stériles pour angioplastie coronaire et cardiologie interventionelle  - Micro cathéter coronaire double lumière, long 140 cm",CENTRE HOSPITALIER LES CHANAUX,BIOTRONIK FRANCE,1700.0,,2022-12-27
"Fourniture de dispositifs médicaux stériles pour angioplastie coronaire et cardiologie interventionelle  - Endoprothèse coronaire, couverte en PTFE, prémontée, semi-compliante, monorail",CENTRE HOSPITALIER LES CHANAUX,BIOTRONIK FRANCE,3554.5,,2022-12-27
"Fourniture de dispositifs médicaux stériles pour angioplastie coronaire et cardiologie interventionelle  - Cathéter à ballonnet dilatation coronaire à libération de médicament, semi compliant,  monorail, diam du ballon de 2,00 à 3,5mm à minima, toutes lon",CENTRE HOSPITALIER LES CHANAUX,BIOTRONIK FRANCE,12750.0,,2022-12-27
"Fourniture de dispositifs médicaux stériles pour angioplastie coronaire et cardiologie interventionelle  - Cathéter à ballonnet dilatation coronaire, non compliant,  monorail, diam du ballon de 2,25 à 4,5mm à minima, toutes longueurs de ballonnet, guide 0",CENTRE HOSPITALIER LES CHANAUX,ABBOTT MEDICAL FRANCE SAS,16280.0,,2022-12-27
LOT 6 - DM éléctrophy et rythmo cardiaque -Défibrillateur Double Chambre,CENTRE HOSPITALIER DE PAU,MEDTRONIC FRANCE,443312.0,,2022-12-27
DM éléctrophy et rythmo cardiaque -Dispositifs médicaux pour pose de Stimulateurs et de Défibrillateurs,CENTRE HOSPITALIER DE PAU,MEDTRONIC FRANCE,12963.0,,2022-12-27
LOT 7 - DM éléctrophy et rythmo cardiaque -Défibrillateur Triple Chambre,CENTRE HOSPITALIER DE PAU,BIOTRONIK FRANCE,1596432.0,,2022-12-27
DM éléctrophy et rythmo cardiaque -Défibrillateur sonde sous cutanée,CENTRE HOSPITALIER DE PAU,BOSTON SCIENTIFIC,491392.0,,2022-12-27
LOT 4 -DM éléctrophy et rythmo cardiaque -Défibrillateur Simple Chambre,CENTRE HOSPITALIER DE PAU,BIOTRONIK FRANCE,444205.0,,2022-12-27
Fourniture de dispositifs médicaux stériles pour angioplastie coronaire et cardiologie interventionelle  - Kit de thrombo-aspiration coronaire (cathéter monorail + accessoires),CENTRE HOSPITALIER LES CHANAUX,MEDTRONIC FRANCE,4500.0,,2022-12-27
"Fourniture de dispositifs médicaux stériles pour angioplastie coronaire et cardiologie interventionelle  - Cathéter guide coronaire, courbures type "" EBU JL JR AR SAR AL SAL FR IMA MULTIPURPOSE"", DRT et GC, longueur 100cm, 5F 6F et 7F",CENTRE HOSPITALIER LES CHANAUX,MEDTRONIC FRANCE,52650.0,,2022-12-27
"Fourniture de dispositifs médicaux stériles pour angioplastie coronaire et cardiologie interventionelle  - Endoprothèse coronaire, à élution médicamenteuse, avec ou sans polymère, prémontée, compliante, monorail, tous diam, toutes long",CENTRE HOSPITALIER LES CHANAUX,BOSTON SCIENTIFIC,628443.0,,2022-12-27
FOURNITURE DE PROTHESES ET DISPOSITIFS MEDICAUX STERILES D’ORTHOPEDIE - Kit stérile de fixateur externe,HOSPICES CIVILS DE BEAUNE,STRYKER FRANCE SA,,,2022-12-27
FOURNITURE DE PROTHESES ET DISPOSITIFS MEDICAUX STERILES D’ORTHOPEDIE - Dispositifs médicaux implantables d’ostéosynthèse de cheville et de clavicule,HOSPICES CIVILS DE BEAUNE,STRYKER FRANCE SA,,,2022-12-27
FOURNITURE DE PROTHESES ET DISPOSITIFS MEDICAUX STERILES D’ORTHOPEDIE - Clou tibial,HOSPICES CIVILS DE BEAUNE,STRYKER FRANCE SA,,,2022-12-27
FOURNITURE DE PROTHESES ET DISPOSITIFS MEDICAUX STERILES D’ORTHOPEDIE - Système d’enclouage pour fractures fémorales de la région trochantérienne,HOSPICES CIVILS DE BEAUNE,STRYKER FRANCE SA,,,2022-12-27
FOURNITURE DE PROTHESES ET DISPOSITIFS MEDICAUX STERILES D’ORTHOPEDIE - Bouchon obturateur fémoral,HOSPICES CIVILS DE BEAUNE,ZIMMER BIOMET FRANCE,,,2022-12-21
FOURNITURE DE PROTHESES ET DISPOSITIFS MEDICAUX STERILES D’ORTHOPEDIE - Implant de réparation de coiffe d’épaule,HOSPICES CIVILS DE BEAUNE,ZIMMER BIOMET FRANCE,,,2022-12-21
FOURNITURE DE PROTHESES ET DISPOSITIFS MEDICAUX STERILES D’ORTHOPEDIE - Prothèse de genou unicompartimentale,HOSPICES CIVILS DE BEAUNE,ZIMMER BIOMET FRANCE,,,2022-12-21
FOURNITURE DE PROTHESES ET DISPOSITIFS MEDICAUX STERILES D’ORTHOPEDIE - Prothèse de genou tricompartimentale,HOSPICES CIVILS DE BEAUNE,ZIMMER BIOMET FRANCE,,,2022-12-21
FOURNITURE DE PROTHESES ET DISPOSITIFS MEDICAUX STERILES D’ORTHOPEDIE - Suture pour chirurgie de l’épaule,HOSPICES CIVILS DE BEAUNE,ZIMMER BIOMET FRANCE,,,2022-12-21
FOURNITURE DE PROTHESES ET DISPOSITIFS MEDICAUX STERILES D’ORTHOPEDIE - Plaques fémorales cerclées,HOSPICES CIVILS DE BEAUNE,ZIMMER BIOMET FRANCE,,,2022-12-21
FOURNITURE DE PROTHESES ET DISPOSITIFS MEDICAUX STERILES D’ORTHOPEDIE - Prothèse de hanche de reprise,HOSPICES CIVILS DE BEAUNE,ZIMMER BIOMET FRANCE,,,2022-12-21
FOURNITURE DE PROTHESES ET DISPOSITIFS MEDICAUX STERILES D’ORTHOPEDIE - Prothèse de genou à charnière,HOSPICES CIVILS DE BEAUNE,ZIMMER BIOMET FRANCE,,,2022-12-21
FOURNITURE DE PROTHESES ET DISPOSITIFS MEDICAUX STERILES D’ORTHOPEDIE - Dispositifs médicaux implantables d’ostéosynthèse et apparentés,HOSPICES CIVILS DE BEAUNE,JOHNSON & JOHNSON MEDICAL SAS,,,2022-12-19
Fourniture de dispositifs médicaux implantables - Ostéosynthèse rachidienne et Chirurgie Maxillo-faciale - RMX23,CENTRE HOSPITALIER REGIONAL DE MARSEILLE (ASSISTANCE PUBLIQUE-HOPITAUX MARSEILLE),ZIMMER BIOMET FRANCE,375000.0,,2022-12-19
FOURNITURE DE PROTHESES ET DISPOSITIFS MEDICAUX STERILES D’ORTHOPEDIE - Clou huméral avec vis,HOSPICES CIVILS DE BEAUNE,JOHNSON & JOHNSON MEDICAL SAS,,,2022-12-19
FOURNITURE DE PROTHESES ET DISPOSITIFS MEDICAUX STERILES D’ORTHOPEDIE - Vis canulée autotaraudeuse pour ostéosynthèse,HOSPICES CIVILS DE BEAUNE,JOHNSON & JOHNSON MEDICAL SAS,,,2022-12-19
Fourniture de dispositifs médicaux implantables - Ostéosynthèse rachidienne - MNRMX,CENTRE HOSPITALIER REGIONAL DE MARSEILLE (ASSISTANCE PUBLIQUE-HOPITAUX MARSEILLE),STRYKER FRANCE SA,720000.0,,2022-12-15
Fourniture de dispositifs médicaux implantables - Ostéosynthèse rachidienne - MNRMX,CENTRE HOSPITALIER REGIONAL DE MARSEILLE (ASSISTANCE PUBLIQUE-HOPITAUX MARSEILLE),STRYKER FRANCE SA,100000.0,,2022-12-15
2020-006-MS040 - Fournitures de dispositifs médicaux implantables d’Orthopédie et prestations associées - DAPSA,RESEAU DES ACHETEURS HOSPITALIERS,JOHNSON & JOHNSON MEDICAL SAS,0.0,,2022-11-28
2020-006-MS040 - Fournitures de dispositifs médicaux implantables d’Orthopédie et prestations associées - DAPSA,RESEAU DES ACHETEURS HOSPITALIERS,ZIMMER BIOMET FRANCE,0.0,,2022-11-28
2020-006-MS040 - Fournitures de dispositifs médicaux implantables d’Orthopédie et prestations associées - DAPSA,RESEAU DES ACHETEURS HOSPITALIERS,STRYKER FRANCE SA,0.0,,2022-11-28
Fourniture de Dispositifs Médicaux Implantables de cardiologie BOSTON Lot n°2,CENTRE HOSPITALIER VERDUN SAINT MIHIEL,BOSTON SCIENTIFIC,0.0,,2022-11-21
"FOURNITURE DE DISPOSITIFS MÉDICAUX CONSOMMABLES POUR ORTHOPÉDIE, TRAUMATOLOGIE & CHIRURGIE MAXILLO-FACIALE STÉRILES ET NON STÉRILES - POUR LE CHM, LE CH DE LA FERTE BERNARD et LE PSSL  - Prothèse totale de genou anatomique avec ou sans ciment (ancillaire e",HOPITAL LE MANS,ZIMMER BIOMET FRANCE,199100.0,,2022-11-17
"FOURNITURE DE DISPOSITIFS MÉDICAUX CONSOMMABLES POUR ORTHOPÉDIE, TRAUMATOLOGIE & CHIRURGIE MAXILLO-FACIALE STÉRILES ET NON STÉRILES - POUR LE CHM, LE CH DE LA FERTE BERNARD et LE PSSL  - Prothèses de genou de reconstruction et/ou révision de genou (ancilla",HOPITAL LE MANS,ZIMMER BIOMET FRANCE,92000.0,,2022-11-17
Fourniture de Dispositifs Médicaux Implantables de Cardiologie ABBOTT MEDICAL Lot n°6,CENTRE HOSPITALIER VERDUN SAINT MIHIEL,ABBOTT MEDICAL FRANCE SAS,0.0,,2022-11-15
"Fourniture de dilatateur stérile, à usage unique, pour implantations périnéales",CENTRE HOSPITALIER UNIVERSITAIRE REIMS,BOSTON SCIENTIFIC,19380.0,,2022-11-07
"Dispositifs médicaux à usage unique de cardiologie divers - Relance pour le groupement de commande composé du CHU de Caen, CH Argentan, CH Aunay Bayeux, CH de Falaise, CH de Lisieux, CH de Saint-Lô et CH de Cherbourg - CATHETER DILATATION VASCULAIRE 0.035",CENTRE HOSPITALIER UNIVERSITAIRE DE CAEN NORMANDIE,ABBOTT MEDICAL FRANCE SAS,205458.0,,2022-11-03
"Dispositifs médicaux à usage unique de cardiologie divers - Relance pour le groupement de commande composé du CHU de Caen, CH Argentan, CH Aunay Bayeux, CH de Falaise, CH de Lisieux, CH de Saint-Lô et CH de Cherbourg - CATHETER DILATATION VASCULAIRE SEMI COMPLIANT HAUTE PRESSION BAS PROFIL",CENTRE HOSPITALIER UNIVERSITAIRE DE CAEN NORMANDIE,ABBOTT MEDICAL FRANCE SAS,205458.0,,2022-11-03
Fourniture de Dispositifs Médicaux Implantables de cardiologie BIOTRONIK Lot n°1,CENTRE HOSPITALIER VERDUN SAINT MIHIEL,BIOTRONIK FRANCE,824016.0,,2022-11-02
Fourniture de Dispositifs Médicaux Implantables de Cardiologie MEDTRONIC Lot n°4,CENTRE HOSPITALIER VERDUN SAINT MIHIEL,MEDTRONIC FRANCE,175496.0,,2022-11-02
Fourniture de Dispositifs Médicaux Implantables de cardiologie BOSTON Lot n°2,CENTRE HOSPITALIER VERDUN SAINT MIHIEL,BOSTON SCIENTIFIC,108504.0,,2022-11-02
Fourniture de dispositifs médicaux implantables - Ostéosynthèse rachidienne et Chirurgie Maxillo-faciale - RMX23,CENTRE HOSPITALIER REGIONAL DE MARSEILLE (ASSISTANCE PUBLIQUE-HOPITAUX MARSEILLE),MEDTRONIC FRANCE,1425000.0,,2022-10-31
Fourniture de dispositifs médicaux implantables - Ostéosynthèse rachidienne et Chirurgie Maxillo-faciale - RMX23,CENTRE HOSPITALIER REGIONAL DE MARSEILLE (ASSISTANCE PUBLIQUE-HOPITAUX MARSEILLE),MEDTRONIC FRANCE,10500000.0,,2022-10-31
Fourniture de dispositifs médicaux implantables - Ostéosynthèse rachidienne et Chirurgie Maxillo-faciale - RMX23,CENTRE HOSPITALIER REGIONAL DE MARSEILLE (ASSISTANCE PUBLIQUE-HOPITAUX MARSEILLE),MEDTRONIC FRANCE,120000.0,,2022-10-31
Fourniture de dispositifs médicaux implantables - Ostéosynthèse rachidienne et Chirurgie Maxillo-faciale - RMX23,CENTRE HOSPITALIER REGIONAL DE MARSEILLE (ASSISTANCE PUBLIQUE-HOPITAUX MARSEILLE),MEDTRONIC FRANCE,300000.0,,2022-10-31
Fourniture de dispositifs médicaux implantables - Ostéosynthèse rachidienne et Chirurgie Maxillo-faciale - RMX23,CENTRE HOSPITALIER REGIONAL DE MARSEILLE (ASSISTANCE PUBLIQUE-HOPITAUX MARSEILLE),MEDTRONIC FRANCE,10800000.0,,2022-10-31
Fourniture de dispositifs médicaux implantables - Ostéosynthèse rachidienne et Chirurgie Maxillo-faciale - RMX23,CENTRE HOSPITALIER REGIONAL DE MARSEILLE (ASSISTANCE PUBLIQUE-HOPITAUX MARSEILLE),STRYKER FRANCE SA,585000.0,,2022-10-24
Fourniture de dispositifs médicaux implantables - Ostéosynthèse rachidienne et Chirurgie Maxillo-faciale - RMX23,CENTRE HOSPITALIER REGIONAL DE MARSEILLE (ASSISTANCE PUBLIQUE-HOPITAUX MARSEILLE),STRYKER FRANCE SA,18000000.0,,2022-10-24
Fourniture de dispositifs médicaux implantables - Ostéosynthèse rachidienne et Chirurgie Maxillo-faciale - RMX23,CENTRE HOSPITALIER REGIONAL DE MARSEILLE (ASSISTANCE PUBLIQUE-HOPITAUX MARSEILLE),ZIMMER BIOMET FRANCE,105000.0,,2022-10-24
Fourniture de dispositifs médicaux implantables - Ostéosynthèse rachidienne et Chirurgie Maxillo-faciale - RMX23,CENTRE HOSPITALIER REGIONAL DE MARSEILLE (ASSISTANCE PUBLIQUE-HOPITAUX MARSEILLE),JOHNSON & JOHNSON MEDICAL SAS,450000.0,,2022-10-24
Fourniture de dispositifs médicaux implantables - Ostéosynthèse rachidienne et Chirurgie Maxillo-faciale - RMX23,CENTRE HOSPITALIER REGIONAL DE MARSEILLE (ASSISTANCE PUBLIQUE-HOPITAUX MARSEILLE),JOHNSON & JOHNSON MEDICAL SAS,9000000.0,,2022-10-24
Fourniture de dispositifs médicaux implantables - Ostéosynthèse rachidienne et Chirurgie Maxillo-faciale - RMX23,CENTRE HOSPITALIER REGIONAL DE MARSEILLE (ASSISTANCE PUBLIQUE-HOPITAUX MARSEILLE),JOHNSON & JOHNSON MEDICAL SAS,600000.0,,2022-10-24
Fourniture de dispositifs médicaux implantables - Ostéosynthèse rachidienne et Chirurgie Maxillo-faciale - RMX23,CENTRE HOSPITALIER REGIONAL DE MARSEILLE (ASSISTANCE PUBLIQUE-HOPITAUX MARSEILLE),STRYKER FRANCE SA,30000.0,,2022-10-24
Fourniture de dispositifs médicaux implantables - Ostéosynthèse rachidienne et Chirurgie Maxillo-faciale - RMX23,CENTRE HOSPITALIER REGIONAL DE MARSEILLE (ASSISTANCE PUBLIQUE-HOPITAUX MARSEILLE),ZIMMER BIOMET FRANCE,120000.0,,2022-10-24
220038-Fourniture de holters implantables pour le centre hospitalier Avranches Granville,HOPITAUX DU SUD MANCHE,BIOTRONIK FRANCE,240359.4,,2022-10-21
FOURNITURE DE STENTS CORONAIRES,CENTRE HOSPITALIER UNIVERSITAIRE DE LA REUNION,ABBOTT MEDICAL FRANCE SAS,130000.0,,2022-10-07
GHT - Fourniture de dispositifs médicaux implantables - AO Cardio - ICAV2,CENTRE HOSPITALIER REGIONAL DE MARSEILLE (ASSISTANCE PUBLIQUE-HOPITAUX MARSEILLE),MEDTRONIC FRANCE,270000.0,,2022-10-03
Lot 62 - Cathéter de support pour échange de guide lors de procédures vasculaires périphériques - GAPSCA - PAN Fourniture de DM de chirurgie vasculaire et endovasculaire périphérique et de radiologie interventionnelle 2022/2024 - Lots 62 et 112,CENTRE HOSPITALIER DE COLMAR (CENTRE HOSPITALIER LOUIS PASTEUR),MEDTRONIC FRANCE,6000.0,,2022-09-20
GHT - Fourniture de dispositifs médicaux implantables - Cardiologie - MNICA,CENTRE HOSPITALIER REGIONAL DE MARSEILLE (ASSISTANCE PUBLIQUE-HOPITAUX MARSEILLE),MEDTRONIC FRANCE,13500000.0,,2022-08-26
FOURNITURE DE DISPOSITIFS MEDICAUX DE LA SOCIETE JOHNSON & JOHNSON : Cathéter QDOT MICRO,CENTRE HOSPITALIER UNIVERSITAIRE DE MONTPELLIER (CENT ADMINIST ANDRE BENECH),JOHNSON & JOHNSON MEDICAL SAS,86400.0,,2022-07-29
Fourniture de cathéters soins et traitement (16 lots) - La fourniture est décomposée en 16 lots,CHU NANTES (DIRECTION GENERALE),MEDTRONIC FRANCE,6400.0,,2022-07-26
MAPA 020A-PL01 FOURNITURE DE DISPOSITIFS MEDICAUX NECESSAIRES AUX TRAITEMENTS PAR EPURATION EXTRA-RENALE - Lot 7 CATHETER DE DIALYSE 2 VOIES COURT TERME EN PUR 10Fr- 11Fr,CENTRE HOSPITALIER UNIVERSITAIRE REIMS,MEDTRONIC FRANCE,59040.0,,2022-07-25
"Fourniture de Dispositifs Médicaux Stériles et Implantables pour Orthopédie, Ostéosynthèse et Divers 2022 LOT 6",CENTRE HOSPITALIER REGIONAL (CHR HOPITAL CIMIEZ),JOHNSON & JOHNSON MEDICAL SAS,6836.13,,2022-07-25
"Fourniture de Dispositifs Médicaux Stériles et Implantables pour Orthopédie, Ostéosynthèse et Divers 2022 lots 21, 22",CENTRE HOSPITALIER REGIONAL (CHR HOPITAL CIMIEZ),ZIMMER BIOMET FRANCE,1353.38,,2022-07-25
"GHT - Fourniture de dispositifs médicaux implantables - AO Cardio - ICA22<br />Familles Vasculaire, Cardiologie Interventionnelle, Chirurgie Cardiaque, Embolisation, Rythmologie",CENTRE HOSPITALIER REGIONAL DE MARSEILLE (ASSISTANCE PUBLIQUE-HOPITAUX MARSEILLE),BOSTON SCIENTIFIC,7800000.0,,2022-07-22
"GHT - Fourniture de dispositifs médicaux implantables - AO Cardio - ICA22<br />Familles Vasculaire, Cardiologie Interventionnelle, Chirurgie Cardiaque, Embolisation, Rythmologie",CENTRE HOSPITALIER REGIONAL DE MARSEILLE (ASSISTANCE PUBLIQUE-HOPITAUX MARSEILLE),BOSTON SCIENTIFIC,4530000.0,,2022-07-22
"GHT - Fourniture de dispositifs médicaux implantables - AO Cardio - ICA22<br />Familles Vasculaire, Cardiologie Interventionnelle, Chirurgie Cardiaque, Embolisation, Rythmologie",CENTRE HOSPITALIER REGIONAL DE MARSEILLE (ASSISTANCE PUBLIQUE-HOPITAUX MARSEILLE),MEDTRONIC FRANCE,2070000.0,,2022-07-22
"GHT - Fourniture de dispositifs médicaux implantables - AO Cardio - ICA22<br />Familles Vasculaire, Cardiologie Interventionnelle, Chirurgie Cardiaque, Embolisation, Rythmologie",CENTRE HOSPITALIER REGIONAL DE MARSEILLE (ASSISTANCE PUBLIQUE-HOPITAUX MARSEILLE),MEDTRONIC FRANCE,1650000.0,,2022-07-22
"GHT - Fourniture de dispositifs médicaux implantables - AO Cardio - ICA22<br />Familles Vasculaire, Cardiologie Interventionnelle, Chirurgie Cardiaque, Embolisation, Rythmologie",CENTRE HOSPITALIER REGIONAL DE MARSEILLE (ASSISTANCE PUBLIQUE-HOPITAUX MARSEILLE),MEDTRONIC FRANCE,591000.0,,2022-07-22
"GHT - Fourniture de dispositifs médicaux implantables - AO Cardio - ICA22<br />Familles Vasculaire, Cardiologie Interventionnelle, Chirurgie Cardiaque, Embolisation, Rythmologie",CENTRE HOSPITALIER REGIONAL DE MARSEILLE (ASSISTANCE PUBLIQUE-HOPITAUX MARSEILLE),BOSTON SCIENTIFIC,2925000.0,,2022-07-22
"GHT - Fourniture de dispositifs médicaux implantables - AO Cardio - ICA22<br />Familles Vasculaire, Cardiologie Interventionnelle, Chirurgie Cardiaque, Embolisation, Rythmologie",CENTRE HOSPITALIER REGIONAL DE MARSEILLE (ASSISTANCE PUBLIQUE-HOPITAUX MARSEILLE),BOSTON SCIENTIFIC,603000.0,,2022-07-22
"GHT - Fourniture de dispositifs médicaux implantables - AO Cardio - ICA22<br />Familles Vasculaire, Cardiologie Interventionnelle, Chirurgie Cardiaque, Embolisation, Rythmologie",CENTRE HOSPITALIER REGIONAL DE MARSEILLE (ASSISTANCE PUBLIQUE-HOPITAUX MARSEILLE),BOSTON SCIENTIFIC,2790000.0,,2022-07-22
"GHT - Fourniture de dispositifs médicaux implantables - AO Cardio - ICA22<br />Familles Vasculaire, Cardiologie Interventionnelle, Chirurgie Cardiaque, Embolisation, Rythmologie",CENTRE HOSPITALIER REGIONAL DE MARSEILLE (ASSISTANCE PUBLIQUE-HOPITAUX MARSEILLE),BOSTON SCIENTIFIC,2790000.0,,2022-07-22
"GHT - Fourniture de dispositifs médicaux implantables - AO Cardio - ICA22<br />Familles Vasculaire, Cardiologie Interventionnelle, Chirurgie Cardiaque, Embolisation, Rythmologie",CENTRE HOSPITALIER REGIONAL DE MARSEILLE (ASSISTANCE PUBLIQUE-HOPITAUX MARSEILLE),GETINGE FRANCE,1449000.0,,2022-07-22
"GHT - Fourniture de dispositifs médicaux implantables - AO Cardio - ICA22<br />Familles Vasculaire, Cardiologie Interventionnelle, Chirurgie Cardiaque, Embolisation, Rythmologie",CENTRE HOSPITALIER REGIONAL DE MARSEILLE (ASSISTANCE PUBLIQUE-HOPITAUX MARSEILLE),BOSTON SCIENTIFIC,8760000.0,,2022-07-22
"GHT - Fourniture de dispositifs médicaux implantables - AO Cardio - ICA22<br />Familles Vasculaire, Cardiologie Interventionnelle, Chirurgie Cardiaque, Embolisation, Rythmologie",CENTRE HOSPITALIER REGIONAL DE MARSEILLE (ASSISTANCE PUBLIQUE-HOPITAUX MARSEILLE),BOSTON SCIENTIFIC,405000.0,,2022-07-22
"GHT - Fourniture de dispositifs médicaux implantables - AO Cardio - ICA22<br />Familles Vasculaire, Cardiologie Interventionnelle, Chirurgie Cardiaque, Embolisation, Rythmologie",CENTRE HOSPITALIER REGIONAL DE MARSEILLE (ASSISTANCE PUBLIQUE-HOPITAUX MARSEILLE),MEDTRONIC FRANCE,279000.0,,2022-07-22
"GHT - Fourniture de dispositifs médicaux implantables - AO Cardio - ICA22<br />Familles Vasculaire, Cardiologie Interventionnelle, Chirurgie Cardiaque, Embolisation, Rythmologie",CENTRE HOSPITALIER REGIONAL DE MARSEILLE (ASSISTANCE PUBLIQUE-HOPITAUX MARSEILLE),BOSTON SCIENTIFIC,135000.0,,2022-07-22
"GHT - Fourniture de dispositifs médicaux implantables - AO Cardio - ICA22<br />Familles Vasculaire, Cardiologie Interventionnelle, Chirurgie Cardiaque, Embolisation, Rythmologie",CENTRE HOSPITALIER REGIONAL DE MARSEILLE (ASSISTANCE PUBLIQUE-HOPITAUX MARSEILLE),GETINGE FRANCE,1800000.0,,2022-07-22
"GHT - Fourniture de dispositifs médicaux implantables - AO Cardio - ICA22<br />Familles Vasculaire, Cardiologie Interventionnelle, Chirurgie Cardiaque, Embolisation, Rythmologie",CENTRE HOSPITALIER REGIONAL DE MARSEILLE (ASSISTANCE PUBLIQUE-HOPITAUX MARSEILLE),JOHNSON & JOHNSON MEDICAL SAS,570000.0,,2022-07-22
"GHT - Fourniture de dispositifs médicaux implantables - AO Cardio - ICA22<br />Familles Vasculaire, Cardiologie Interventionnelle, Chirurgie Cardiaque, Embolisation, Rythmologie",CENTRE HOSPITALIER REGIONAL DE MARSEILLE (ASSISTANCE PUBLIQUE-HOPITAUX MARSEILLE),JOHNSON & JOHNSON MEDICAL SAS,270000.0,,2022-07-22
"GHT - Fourniture de dispositifs médicaux implantables - AO Cardio - ICA22<br />Familles Vasculaire, Cardiologie Interventionnelle, Chirurgie Cardiaque, Embolisation, Rythmologie",CENTRE HOSPITALIER REGIONAL DE MARSEILLE (ASSISTANCE PUBLIQUE-HOPITAUX MARSEILLE),MEDTRONIC FRANCE,2097000.0,,2022-07-22
"GHT - Fourniture de dispositifs médicaux implantables - AO Cardio - ICA22<br />Familles Vasculaire, Cardiologie Interventionnelle, Chirurgie Cardiaque, Embolisation, Rythmologie",CENTRE HOSPITALIER REGIONAL DE MARSEILLE (ASSISTANCE PUBLIQUE-HOPITAUX MARSEILLE),GETINGE FRANCE,19800.0,,2022-07-22
"GHT - Fourniture de dispositifs médicaux implantables - AO Cardio - ICA22<br />Familles Vasculaire, Cardiologie Interventionnelle, Chirurgie Cardiaque, Embolisation, Rythmologie",CENTRE HOSPITALIER REGIONAL DE MARSEILLE (ASSISTANCE PUBLIQUE-HOPITAUX MARSEILLE),MEDTRONIC FRANCE,2430000.0,,2022-07-22
"GHT - Fourniture de dispositifs médicaux implantables - AO Cardio - ICA22<br />Familles Vasculaire, Cardiologie Interventionnelle, Chirurgie Cardiaque, Embolisation, Rythmologie",CENTRE HOSPITALIER REGIONAL DE MARSEILLE (ASSISTANCE PUBLIQUE-HOPITAUX MARSEILLE),BOSTON SCIENTIFIC,720000.0,,2022-07-22
"GHT - Fourniture de dispositifs médicaux implantables - AO Cardio - ICA22<br />Familles Vasculaire, Cardiologie Interventionnelle, Chirurgie Cardiaque, Embolisation, Rythmologie",CENTRE HOSPITALIER REGIONAL DE MARSEILLE (ASSISTANCE PUBLIQUE-HOPITAUX MARSEILLE),MEDTRONIC FRANCE,2160000.0,,2022-07-22
"GHT - Fourniture de dispositifs médicaux implantables - AO Cardio - ICA22<br />Familles Vasculaire, Cardiologie Interventionnelle, Chirurgie Cardiaque, Embolisation, Rythmologie",CENTRE HOSPITALIER REGIONAL DE MARSEILLE (ASSISTANCE PUBLIQUE-HOPITAUX MARSEILLE),MEDTRONIC FRANCE,2910000.0,,2022-07-22
"GHT - Fourniture de dispositifs médicaux implantables - AO Cardio - ICA22<br />Familles Vasculaire, Cardiologie Interventionnelle, Chirurgie Cardiaque, Embolisation, Rythmologie",CENTRE HOSPITALIER REGIONAL DE MARSEILLE (ASSISTANCE PUBLIQUE-HOPITAUX MARSEILLE),MEDTRONIC FRANCE,3789000.0,,2022-07-22
"GHT - Fourniture de dispositifs médicaux implantables - AO Cardio - ICA22<br />Familles Vasculaire, Cardiologie Interventionnelle, Chirurgie Cardiaque, Embolisation, Rythmologie",CENTRE HOSPITALIER REGIONAL DE MARSEILLE (ASSISTANCE PUBLIQUE-HOPITAUX MARSEILLE),MEDTRONIC FRANCE,2700000.0,,2022-07-22
"GHT - Fourniture de dispositifs médicaux implantables - AO Cardio - ICA22<br />Familles Vasculaire, Cardiologie Interventionnelle, Chirurgie Cardiaque, Embolisation, Rythmologie",CENTRE HOSPITALIER REGIONAL DE MARSEILLE (ASSISTANCE PUBLIQUE-HOPITAUX MARSEILLE),MEDTRONIC FRANCE,1140000.0,,2022-07-22
"GHT - Fourniture de dispositifs médicaux implantables - AO Cardio - ICA22<br />Familles Vasculaire, Cardiologie Interventionnelle, Chirurgie Cardiaque, Embolisation, Rythmologie",CENTRE HOSPITALIER REGIONAL DE MARSEILLE (ASSISTANCE PUBLIQUE-HOPITAUX MARSEILLE),MEDTRONIC FRANCE,5130000.0,,2022-07-22
"GHT - Fourniture de dispositifs médicaux implantables - AO Cardio - ICA22<br />Familles Vasculaire, Cardiologie Interventionnelle, Chirurgie Cardiaque, Embolisation, Rythmologie",CENTRE HOSPITALIER REGIONAL DE MARSEILLE (ASSISTANCE PUBLIQUE-HOPITAUX MARSEILLE),MEDTRONIC FRANCE,675000.0,,2022-07-22
"GHT - Fourniture de dispositifs médicaux implantables - AO Cardio - ICA22<br />Familles Vasculaire, Cardiologie Interventionnelle, Chirurgie Cardiaque, Embolisation, Rythmologie",CENTRE HOSPITALIER REGIONAL DE MARSEILLE (ASSISTANCE PUBLIQUE-HOPITAUX MARSEILLE),MEDTRONIC FRANCE,324000.0,,2022-07-22
"GHT - Fourniture de dispositifs médicaux implantables - AO Cardio - ICA22<br />Familles Vasculaire, Cardiologie Interventionnelle, Chirurgie Cardiaque, Embolisation, Rythmologie",CENTRE HOSPITALIER REGIONAL DE MARSEILLE (ASSISTANCE PUBLIQUE-HOPITAUX MARSEILLE),MEDTRONIC FRANCE,4710000.0,,2022-07-22
"GHT - Fourniture de dispositifs médicaux implantables - AO Cardio - ICA22<br />Familles Vasculaire, Cardiologie Interventionnelle, Chirurgie Cardiaque, Embolisation, Rythmologie",CENTRE HOSPITALIER REGIONAL DE MARSEILLE (ASSISTANCE PUBLIQUE-HOPITAUX MARSEILLE),BOSTON SCIENTIFIC,990000.0,,2022-07-22
"GHT - Fourniture de dispositifs médicaux implantables - AO Cardio - ICA22<br />Familles Vasculaire, Cardiologie Interventionnelle, Chirurgie Cardiaque, Embolisation, Rythmologie",CENTRE HOSPITALIER REGIONAL DE MARSEILLE (ASSISTANCE PUBLIQUE-HOPITAUX MARSEILLE),MEDTRONIC FRANCE,1050000.0,,2022-07-22
"GHT - Fourniture de dispositifs médicaux implantables - AO Cardio - ICA22<br />Familles Vasculaire, Cardiologie Interventionnelle, Chirurgie Cardiaque, Embolisation, Rythmologie",CENTRE HOSPITALIER REGIONAL DE MARSEILLE (ASSISTANCE PUBLIQUE-HOPITAUX MARSEILLE),MEDTRONIC FRANCE,2520000.0,,2022-07-22
"GHT - Fourniture de dispositifs médicaux implantables - AO Cardio - ICA22<br />Familles Vasculaire, Cardiologie Interventionnelle, Chirurgie Cardiaque, Embolisation, Rythmologie",CENTRE HOSPITALIER REGIONAL DE MARSEILLE (ASSISTANCE PUBLIQUE-HOPITAUX MARSEILLE),MEDTRONIC FRANCE,1215000.0,,2022-07-22
"GHT - Fourniture de dispositifs médicaux implantables - AO Cardio - ICA22<br />Familles Vasculaire, Cardiologie Interventionnelle, Chirurgie Cardiaque, Embolisation, Rythmologie",CENTRE HOSPITALIER REGIONAL DE MARSEILLE (ASSISTANCE PUBLIQUE-HOPITAUX MARSEILLE),BOSTON SCIENTIFIC,720000.0,,2022-07-22
"GHT - Fourniture de dispositifs médicaux implantables - AO Cardio - ICA22<br />Familles Vasculaire, Cardiologie Interventionnelle, Chirurgie Cardiaque, Embolisation, Rythmologie",CENTRE HOSPITALIER REGIONAL DE MARSEILLE (ASSISTANCE PUBLIQUE-HOPITAUX MARSEILLE),BOSTON SCIENTIFIC,279000.0,,2022-07-22
"GHT - Fourniture de dispositifs médicaux implantables - AO Cardio - ICA22<br />Familles Vasculaire, Cardiologie Interventionnelle, Chirurgie Cardiaque, Embolisation, Rythmologie",CENTRE HOSPITALIER REGIONAL DE MARSEILLE (ASSISTANCE PUBLIQUE-HOPITAUX MARSEILLE),ABBOTT MEDICAL FRANCE SAS,1179000.0,,2022-07-21
"GHT - Fourniture de dispositifs médicaux implantables - AO Cardio - ICA22<br />Familles Vasculaire, Cardiologie Interventionnelle, Chirurgie Cardiaque, Embolisation, Rythmologie",CENTRE HOSPITALIER REGIONAL DE MARSEILLE (ASSISTANCE PUBLIQUE-HOPITAUX MARSEILLE),ABBOTT MEDICAL FRANCE SAS,540000.0,,2022-07-21
"GHT - Fourniture de dispositifs médicaux implantables - AO Cardio - ICA22<br />Familles Vasculaire, Cardiologie Interventionnelle, Chirurgie Cardiaque, Embolisation, Rythmologie",CENTRE HOSPITALIER REGIONAL DE MARSEILLE (ASSISTANCE PUBLIQUE-HOPITAUX MARSEILLE),ABBOTT MEDICAL FRANCE SAS,5400000.0,,2022-07-21
"GHT - Fourniture de dispositifs médicaux implantables - AO Cardio - ICA22<br />Familles Vasculaire, Cardiologie Interventionnelle, Chirurgie Cardiaque, Embolisation, Rythmologie",CENTRE HOSPITALIER REGIONAL DE MARSEILLE (ASSISTANCE PUBLIQUE-HOPITAUX MARSEILLE),ABBOTT MEDICAL FRANCE SAS,2790000.0,,2022-07-21
"GHT - Fourniture de dispositifs médicaux implantables - AO Cardio - ICA22<br />Familles Vasculaire, Cardiologie Interventionnelle, Chirurgie Cardiaque, Embolisation, Rythmologie",CENTRE HOSPITALIER REGIONAL DE MARSEILLE (ASSISTANCE PUBLIQUE-HOPITAUX MARSEILLE),ABBOTT MEDICAL FRANCE SAS,10500000.0,,2022-07-21
"GHT - Fourniture de dispositifs médicaux implantables - AO Cardio - ICA22<br />Familles Vasculaire, Cardiologie Interventionnelle, Chirurgie Cardiaque, Embolisation, Rythmologie",CENTRE HOSPITALIER REGIONAL DE MARSEILLE (ASSISTANCE PUBLIQUE-HOPITAUX MARSEILLE),ABBOTT MEDICAL FRANCE SAS,1260000.0,,2022-07-21
"GHT - Fourniture de dispositifs médicaux implantables - AO Cardio - ICA22<br />Familles Vasculaire, Cardiologie Interventionnelle, Chirurgie Cardiaque, Embolisation, Rythmologie",CENTRE HOSPITALIER REGIONAL DE MARSEILLE (ASSISTANCE PUBLIQUE-HOPITAUX MARSEILLE),ABBOTT MEDICAL FRANCE SAS,10800000.0,,2022-07-21
"GHT - Fourniture de dispositifs médicaux implantables - AO Cardio - ICA22<br />Familles Vasculaire, Cardiologie Interventionnelle, Chirurgie Cardiaque, Embolisation, Rythmologie",CENTRE HOSPITALIER REGIONAL DE MARSEILLE (ASSISTANCE PUBLIQUE-HOPITAUX MARSEILLE),ABBOTT MEDICAL FRANCE SAS,2250000.0,,2022-07-21
"GHT - Fourniture de dispositifs médicaux implantables - AO Cardio - ICA22<br />Familles Vasculaire, Cardiologie Interventionnelle, Chirurgie Cardiaque, Embolisation, Rythmologie",CENTRE HOSPITALIER REGIONAL DE MARSEILLE (ASSISTANCE PUBLIQUE-HOPITAUX MARSEILLE),ABBOTT MEDICAL FRANCE SAS,117000.0,,2022-07-21
"GHT - Fourniture de dispositifs médicaux implantables - AO Cardio - ICA22<br />Familles Vasculaire, Cardiologie Interventionnelle, Chirurgie Cardiaque, Embolisation, Rythmologie",CENTRE HOSPITALIER REGIONAL DE MARSEILLE (ASSISTANCE PUBLIQUE-HOPITAUX MARSEILLE),ABBOTT MEDICAL FRANCE SAS,2520000.0,,2022-07-21
"GHT - Fourniture de dispositifs médicaux implantables - AO Cardio - ICA22<br />Familles Vasculaire, Cardiologie Interventionnelle, Chirurgie Cardiaque, Embolisation, Rythmologie",CENTRE HOSPITALIER REGIONAL DE MARSEILLE (ASSISTANCE PUBLIQUE-HOPITAUX MARSEILLE),ABBOTT MEDICAL FRANCE SAS,912000.0,,2022-07-21
"GHT - Fourniture de dispositifs médicaux implantables - AO Cardio - ICA22<br />Familles Vasculaire, Cardiologie Interventionnelle, Chirurgie Cardiaque, Embolisation, Rythmologie",CENTRE HOSPITALIER REGIONAL DE MARSEILLE (ASSISTANCE PUBLIQUE-HOPITAUX MARSEILLE),ABBOTT MEDICAL FRANCE SAS,4710000.0,,2022-07-21
"GHT - Fourniture de dispositifs médicaux implantables - AO Cardio - ICA22<br />Familles Vasculaire, Cardiologie Interventionnelle, Chirurgie Cardiaque, Embolisation, Rythmologie",CENTRE HOSPITALIER REGIONAL DE MARSEILLE (ASSISTANCE PUBLIQUE-HOPITAUX MARSEILLE),ABBOTT MEDICAL FRANCE SAS,216000.0,,2022-07-21
"GHT - Fourniture de dispositifs médicaux implantables - AO Cardio - ICA22<br />Familles Vasculaire, Cardiologie Interventionnelle, Chirurgie Cardiaque, Embolisation, Rythmologie",CENTRE HOSPITALIER REGIONAL DE MARSEILLE (ASSISTANCE PUBLIQUE-HOPITAUX MARSEILLE),ABBOTT MEDICAL FRANCE SAS,3300000.0,,2022-07-21
"GHT - Fourniture de dispositifs médicaux implantables - AO Cardio - ICA22<br />Familles Vasculaire, Cardiologie Interventionnelle, Chirurgie Cardiaque, Embolisation, Rythmologie",CENTRE HOSPITALIER REGIONAL DE MARSEILLE (ASSISTANCE PUBLIQUE-HOPITAUX MARSEILLE),ABBOTT MEDICAL FRANCE SAS,12600000.0,,2022-07-21
"GHT - Fourniture de dispositifs médicaux implantables - AO Cardio - ICA22<br />Familles Vasculaire, Cardiologie Interventionnelle, Chirurgie Cardiaque, Embolisation, Rythmologie",CENTRE HOSPITALIER REGIONAL DE MARSEILLE (ASSISTANCE PUBLIQUE-HOPITAUX MARSEILLE),BIOTRONIK FRANCE,1773000.0,,2022-07-21
"GHT - Fourniture de dispositifs médicaux implantables - AO Cardio - ICA22<br />Familles Vasculaire, Cardiologie Interventionnelle, Chirurgie Cardiaque, Embolisation, Rythmologie",CENTRE HOSPITALIER REGIONAL DE MARSEILLE (ASSISTANCE PUBLIQUE-HOPITAUX MARSEILLE),ABBOTT MEDICAL FRANCE SAS,360000.0,,2022-07-21
"GHT - Fourniture de dispositifs médicaux implantables - AO Cardio - ICA22<br />Familles Vasculaire, Cardiologie Interventionnelle, Chirurgie Cardiaque, Embolisation, Rythmologie",CENTRE HOSPITALIER REGIONAL DE MARSEILLE (ASSISTANCE PUBLIQUE-HOPITAUX MARSEILLE),ABBOTT MEDICAL FRANCE SAS,1470000.0,,2022-07-21
"GHT - Fourniture de dispositifs médicaux implantables - AO Cardio - ICA22<br />Familles Vasculaire, Cardiologie Interventionnelle, Chirurgie Cardiaque, Embolisation, Rythmologie",CENTRE HOSPITALIER REGIONAL DE MARSEILLE (ASSISTANCE PUBLIQUE-HOPITAUX MARSEILLE),ABBOTT MEDICAL FRANCE SAS,5430000.0,,2022-07-21
FOURNITURE DE DISPOSITIFS MEDICAUX STERILES DE CHIRURGIE 2021 - Prothèse d’enveloppement résorbable,CENTRE HOSPITALIER REGIONAL (CHR HOPITAL CIMIEZ),JOHNSON & JOHNSON MEDICAL SAS,8557.3,,2022-07-19
"FOURNITURE DE DISPOSITIFS MEDICAUX STERILES A VISEE VASCULAIRE INTERVENTIONNELLE - Cathéter d’angioplastie périphérique 0.014"" monorail",CTRE HOSPITALIER UNIVERS PONTCHAILLOU,MEDTRONIC FRANCE,8280.0,,2022-07-19
AOO relatif à la fourniture de dispositifs médicaux stériles pour la chirurgie vasculaire dans le cadre du Groupement Hospitalier de Territoire (GHT) Nord Franche-Comté - PROTHESE VASCULAIRE AXILLOBIFEMORALE ARMEE EN POLYESTER,HOPITAL NORD FRANCHE COMTE,GETINGE FRANCE,10871.36,,2022-07-12
AOO relatif à la fourniture de dispositifs médicaux stériles pour la chirurgie vasculaire dans le cadre du Groupement Hospitalier de Territoire (GHT) Nord Franche-Comté - ENDOPROTHESE VASCULAIRE PERIPHERIQUE COUVERTE,HOPITAL NORD FRANCHE COMTE,GETINGE FRANCE,209288.0,,2022-07-12
AOO relatif à la fourniture de dispositifs médicaux stériles pour la chirurgie vasculaire dans le cadre du Groupement Hospitalier de Territoire (GHT) Nord Franche-Comté - ENDOPROTHESE AORTE ABDOMINALE UNI-ILIAQUE AANCRAGE SUPRARENAL,HOPITAL NORD FRANCHE COMTE,MEDTRONIC FRANCE,48714.84,,2022-07-12
Lot 35 - Prothèse vasculaire hybride polyester et PTFE - Fourniture de dispositifs médicaux de chirurgie vasculaire et endovasculaire périphérique et de radiologie interventionnelle 2022/2024,CENTRE HOSPITALIER DE COLMAR (CENTRE HOSPITALIER LOUIS PASTEUR),GETINGE FRANCE,66330.59,,2022-07-04
Lot 40 - Cathéter d’angioplastie périphérique 0.018 - Fourniture de dispositifs médicaux de chirurgie vasculaire et endovasculaire périphérique et de radiologie interventionnelle 2022/2024,CENTRE HOSPITALIER DE COLMAR (CENTRE HOSPITALIER LOUIS PASTEUR),BIOTRONIK FRANCE,3600.19,,2022-07-04
Lot 15 - Stent carotidien autoexpandable - Fourniture de dispositifs médicaux de chirurgie vasculaire et endovasculaire périphérique et de radiologie interventionnelle 2022/2024,CENTRE HOSPITALIER DE COLMAR (CENTRE HOSPITALIER LOUIS PASTEUR),ABBOTT MEDICAL FRANCE SAS,5360.19,,2022-07-04
LOT 11 - DM Cardio Interventionnelle-Catheter à Ballonnet pour gros vaisseaux,CENTRE HOSPITALIER DE PAU,BOSTON SCIENTIFIC,6000.0,,2022-07-01
LOT 15 - DM Cardio Interventionnelle-Cathéter dénervation rénale,CENTRE HOSPITALIER DE PAU,MEDTRONIC FRANCE,80000.0,,2022-07-01
LOT 9 - DM Cardio Interventionnelle-Cathéter à ballonnet pour dilatation périphérique,CENTRE HOSPITALIER DE PAU,BIOTRONIK FRANCE,30800.0,,2022-07-01
LOT 6 - DM Cardio Interventionnelle-Cathéter à ballonnet pour dilatation coronaire,CENTRE HOSPITALIER DE PAU,BOSTON SCIENTIFIC,76800.0,,2022-07-01
LOT 14 - DM Cardio Interventionnelle-Catheter guide d’extension,CENTRE HOSPITALIER DE PAU,MEDTRONIC FRANCE,10400.0,,2022-07-01
DM Cardio Interventionnelle-Stent vasculaire autoexpansible,CENTRE HOSPITALIER DE PAU,BOSTON SCIENTIFIC,12322.0,,2022-07-01
Prothèse synthétique pour incontinence urinaire masculine - Fourniture de dispositifs médicaux d’urologie et de gynécologie 2022/2024 - Groupement d’Achat de Produits de Santé Centre Alsace,CENTRE HOSPITALIER DE COLMAR (CENTRE HOSPITALIER LOUIS PASTEUR),BOSTON SCIENTIFIC,6800.0,,2022-06-30
PA ACQUI MAINT EXTERNAL PACEMAKER (MEDTRONIC),CENTRE HOSPITALIER UNIVERSITAIRE DE TOULOUSE (HOTEL DIEU SAINT JACQUES),MEDTRONIC FRANCE,40000.0,,2022-06-29
PA ACQUI MAINT EXTERNAL PACEMAKER (MEDTRONIC),CENTRE HOSPITALIER UNIVERSITAIRE DE TOULOUSE (HOTEL DIEU SAINT JACQUES),MEDTRONIC FRANCE,40000.0,,2022-06-29
LOT 18 - DM Imagerie Médicale-Microcatheter d’aspiration,CENTRE HOSPITALIER DE PAU,STRYKER FRANCE SA,19000.0,,2022-06-28
"Fourniture de Dispositifs Médicaux Implantables
pour Stimulation & Défibrillation Cardiaque
 - SONDES ATRIALES & VENTRICULAIRES A FIXATION ACTIVE",CTRE HOSPITALIER UNIVERS PONTCHAILLOU,ABBOTT MEDICAL FRANCE SAS,435718.0,,2022-06-14
"Fourniture de Dispositifs Médicaux Implantables
pour Stimulation & Défibrillation Cardiaque
 - MONITEUR ECG IMPLANTABLE AVEC POSSSIBILITE DE TELESURVEILLANCE",CTRE HOSPITALIER UNIVERS PONTCHAILLOU,ABBOTT MEDICAL FRANCE SAS,224924.0,,2022-06-14
Fourniture de Dispositifs Médicaux Implantables - pour Stimulation & Défibrillation Cardiaque -  - INTRODUCTEUR A GAINE PELABLE POUR MISE EN PLACE DE SONDES DE STIMULATION,CTRE HOSPITALIER UNIVERS PONTCHAILLOU,ABBOTT MEDICAL FRANCE SAS,21804.0,,2022-06-14
"Fourniture de Dispositifs Médicaux Implantables
pour Stimulation & Défibrillation Cardiaque
 - DEFIBRILLATEUR SIMPLE CHAMBRE",CTRE HOSPITALIER UNIVERS PONTCHAILLOU,ABBOTT MEDICAL FRANCE SAS,364846.0,,2022-06-13
"Fourniture de Dispositifs Médicaux Implantables
pour Stimulation & Défibrillation Cardiaque
 - DEFIBRILLATEUR SIMPLE CHAMBRE",CTRE HOSPITALIER UNIVERS PONTCHAILLOU,MEDTRONIC FRANCE,607693.0,,2022-06-13
"Fourniture de Dispositifs Médicaux Implantables
pour Stimulation & Défibrillation Cardiaque
 - SONDE DE DEFIBRILLATION",CTRE HOSPITALIER UNIVERS PONTCHAILLOU,MEDTRONIC FRANCE,156967.0,,2022-06-13
"Fourniture de Dispositifs Médicaux Implantables
pour Stimulation & Défibrillation Cardiaque
 - SONDE DE DEFIBRILLATION",CTRE HOSPITALIER UNIVERS PONTCHAILLOU,ABBOTT MEDICAL FRANCE SAS,156966.0,,2022-06-13
"Fourniture de Dispositifs Médicaux Implantables
pour Stimulation & Défibrillation Cardiaque
 - SONDE DE DEFIBRILLATION",CTRE HOSPITALIER UNIVERS PONTCHAILLOU,BIOTRONIK FRANCE,78484.0,,2022-06-13
"Fourniture de Dispositifs Médicaux Implantables
pour Stimulation & Défibrillation Cardiaque
 - SONDE POUR STIMULATION VENTRICULAIRE GAUCHE",CTRE HOSPITALIER UNIVERS PONTCHAILLOU,MEDTRONIC FRANCE,40768.0,,2022-06-13
"Fourniture de Dispositifs Médicaux Implantables
pour Stimulation & Défibrillation Cardiaque
 - SONDE POUR STIMULATION VENTRICULAIRE GAUCHE",CTRE HOSPITALIER UNIVERS PONTCHAILLOU,BOSTON SCIENTIFIC,14825.0,,2022-06-13
"Fourniture de Dispositifs Médicaux Implantables
pour Stimulation & Défibrillation Cardiaque
 - SONDE POUR STIMULATION VENTRICULAIRE GAUCHE",CTRE HOSPITALIER UNIVERS PONTCHAILLOU,ABBOTT MEDICAL FRANCE SAS,144540.0,,2022-06-13
"Fourniture de Dispositifs Médicaux Implantables
pour Stimulation & Défibrillation Cardiaque
 - SONDE POUR STIMULATION VENTRICULAIRE GAUCHE",CTRE HOSPITALIER UNIVERS PONTCHAILLOU,BIOTRONIK FRANCE,66711.0,,2022-06-13
"Fourniture de Dispositifs Médicaux Implantables
pour Stimulation & Défibrillation Cardiaque
 - DEFIBRILLATEUR TRIPLE CHAMBRE",CTRE HOSPITALIER UNIVERS PONTCHAILLOU,MEDTRONIC FRANCE,1270438.0,,2022-06-13
"Fourniture de Dispositifs Médicaux Implantables
pour Stimulation & Défibrillation Cardiaque
 - DEFIBRILLATEUR TRIPLE CHAMBRE",CTRE HOSPITALIER UNIVERS PONTCHAILLOU,BOSTON SCIENTIFIC,428801.0,,2022-06-13
"Fourniture de Dispositifs Médicaux Implantables
pour Stimulation & Défibrillation Cardiaque
 - DEFIBRILLATEUR TRIPLE CHAMBRE",CTRE HOSPITALIER UNIVERS PONTCHAILLOU,ABBOTT MEDICAL FRANCE SAS,2249574.0,,2022-06-13
"Fourniture de Dispositifs Médicaux Implantables
pour Stimulation & Défibrillation Cardiaque
 - DEFIBRILLATEUR DOUBLE CHAMBRE",CTRE HOSPITALIER UNIVERS PONTCHAILLOU,MEDTRONIC FRANCE,381569.0,,2022-06-13
"Fourniture de Dispositifs Médicaux Implantables
pour Stimulation & Défibrillation Cardiaque
 - DEFIBRILLATEUR DOUBLE CHAMBRE",CTRE HOSPITALIER UNIVERS PONTCHAILLOU,BOSTON SCIENTIFIC,148846.0,,2022-06-13
"Fourniture de Dispositifs Médicaux Implantables
pour Stimulation & Défibrillation Cardiaque
 - DEFIBRILLATEUR DOUBLE CHAMBRE",CTRE HOSPITALIER UNIVERS PONTCHAILLOU,ABBOTT MEDICAL FRANCE SAS,38286.0,,2022-06-13
"Fourniture de Dispositifs Médicaux Implantables
pour Stimulation & Défibrillation Cardiaque
 - DEFIBRILLATEUR DOUBLE CHAMBRE",CTRE HOSPITALIER UNIVERS PONTCHAILLOU,BIOTRONIK FRANCE,191432.0,,2022-06-13
"Fourniture de Dispositifs Médicaux Implantables
pour Stimulation & Défibrillation Cardiaque
 - DEFIBRILLATEUR SIMPLE CHAMBRE",CTRE HOSPITALIER UNIVERS PONTCHAILLOU,BOSTON SCIENTIFIC,835338.0,,2022-06-13
"Fourniture de Dispositifs Médicaux Implantables
pour Stimulation & Défibrillation Cardiaque
 - DEFIBRILLATEUR SIMPLE CHAMBRE",CTRE HOSPITALIER UNIVERS PONTCHAILLOU,BIOTRONIK FRANCE,497517.0,,2022-06-13
"Fourniture de Dispositifs Médicaux Implantables
pour Stimulation & Défibrillation Cardiaque
 - SONDE DE DEFIBRILLATION",CTRE HOSPITALIER UNIVERS PONTCHAILLOU,BOSTON SCIENTIFIC,133422.0,,2022-06-13
"Fourniture de Dispositifs Médicaux Implantables
pour Stimulation & Défibrillation Cardiaque
 - DEFIBRILLATEUR TRIPLE CHAMBRE",CTRE HOSPITALIER UNIVERS PONTCHAILLOU,BIOTRONIK FRANCE,749858.0,,2022-06-13
"Fourniture de Dispositifs Médicaux Implantables
pour Stimulation & Défibrillation Cardiaque
 - SONDES ATRIALES & VENTRICULAIRES A FIXATION ACTIVE",CTRE HOSPITALIER UNIVERS PONTCHAILLOU,BIOTRONIK FRANCE,147474.0,,2022-06-13
Fourniture de Dispositifs Médicaux Implantables - pour Stimulation & Défibrillation Cardiaque -  - STIMULATEUR CARDIAQUE SANS SONDE AVEC SYSTEME DE POSE,CTRE HOSPITALIER UNIVERS PONTCHAILLOU,MEDTRONIC FRANCE,238862.0,,2022-06-13
Fourniture de Dispositifs Médicaux Implantables - pour Stimulation & Défibrillation Cardiaque -  - STIMULATEUR CARDIAQUE TRIPLE CHAMBRE (IS1 / IS4),CTRE HOSPITALIER UNIVERS PONTCHAILLOU,ABBOTT MEDICAL FRANCE SAS,427678.0,,2022-06-13
Fourniture de Dispositifs Médicaux Implantables - pour Stimulation & Défibrillation Cardiaque -  - STIMULATEUR CARDIAQUE TRIPLE CHAMBRE (IS1 / IS4),CTRE HOSPITALIER UNIVERS PONTCHAILLOU,BIOTRONIK FRANCE,400948.0,,2022-06-13
Fourniture de Dispositifs Médicaux Implantables - pour Stimulation & Défibrillation Cardiaque -  - STIMULATEUR CARDIAQUE DOUBLE CHAMBRE (DDDR) – fréquence asservie avec fonctions de télécardiologie,CTRE HOSPITALIER UNIVERS PONTCHAILLOU,BIOTRONIK FRANCE,777675.0,,2022-06-13
"Fourniture de Dispositifs Médicaux Implantables
pour Stimulation & Défibrillation Cardiaque
 - SONDES ATRIALES & VENTRICULAIRES A FIXATION ACTIVE",CTRE HOSPITALIER UNIVERS PONTCHAILLOU,BOSTON SCIENTIFIC,127364.0,,2022-06-13
Fourniture de Dispositifs Médicaux Implantables - pour Stimulation & Défibrillation Cardiaque -  - STIMULATEUR CARDIAQUE DOUBLE CHAMBRE (DDD),CTRE HOSPITALIER UNIVERS PONTCHAILLOU,ABBOTT MEDICAL FRANCE SAS,46630.0,,2022-06-13
Fourniture de Dispositifs Médicaux Implantables - pour Stimulation & Défibrillation Cardiaque -  - STIMULATEUR CARDIAQUE DOUBLE CHAMBRE (DDDR) – fréquence asservie à l’activité,CTRE HOSPITALIER UNIVERS PONTCHAILLOU,MEDTRONIC FRANCE,469242.0,,2022-06-13
Fourniture de Dispositifs Médicaux Implantables - pour Stimulation & Défibrillation Cardiaque -  - STIMULATEUR CARDIAQUE SIMPLE CHAMBRE (SSIR) – fréquence asservie à l’activité,CTRE HOSPITALIER UNIVERS PONTCHAILLOU,MEDTRONIC FRANCE,644355.0,,2022-06-13
"Fourniture de Dispositifs Médicaux Implantables
pour Stimulation & Défibrillation Cardiaque
 - MONITEUR ECG IMPLANTABLE AVEC POSSSIBILITE DE TELESURVEILLANCE",CTRE HOSPITALIER UNIVERS PONTCHAILLOU,MEDTRONIC FRANCE,362780.0,,2022-06-13
"Fourniture de Dispositifs Médicaux Implantables
pour Stimulation & Défibrillation Cardiaque
 - MONITEUR ECG IMPLANTABLE AVEC POSSSIBILITE DE TELESURVEILLANCE",CTRE HOSPITALIER UNIVERS PONTCHAILLOU,BIOTRONIK FRANCE,65300.0,,2022-06-13
Fourniture de Dispositifs Médicaux Implantables - pour Stimulation & Défibrillation Cardiaque -  - SONDE EPICARDIQUE,CTRE HOSPITALIER UNIVERS PONTCHAILLOU,MEDTRONIC FRANCE,4469.0,,2022-06-13
"Fourniture de Dispositifs Médicaux Implantables
pour Stimulation & Défibrillation Cardiaque
 - SONDES ATRIALES & VENTRICULAIRES A FIXATION ACTIVE",CTRE HOSPITALIER UNIVERS PONTCHAILLOU,MEDTRONIC FRANCE,248024.0,,2022-06-13
FOURNITURE DE DISPOSITIFS MEDICAUX STERILES A VISEE VASCULAIRE INTERVENTIONNELLE - Endoprothèse coronaire avec principe actif en alliage chrome cobalt,CTRE HOSPITALIER UNIVERS PONTCHAILLOU,MEDTRONIC FRANCE,651756.0,,2022-06-08
FOURNITURE DE DISPOSITIFS MEDICAUX STERILES A VISEE VASCULAIRE INTERVENTIONNELLE - Cathéter d’angioplastie coronaire semi compliant D :2.0 à 4.0mm,CTRE HOSPITALIER UNIVERS PONTCHAILLOU,MEDTRONIC FRANCE,88200.0,,2022-06-03
"FOURNITURE DE DISPOSITIFS MEDICAUX STERILES A VISEE VASCULAIRE INTERVENTIONNELLE - Endoprothèse périphérique autoexpansible 0.035"" avec principe actif",CTRE HOSPITALIER UNIVERS PONTCHAILLOU,BOSTON SCIENTIFIC,65142.9,,2022-06-03
FOURNITURE DE DISPOSITIFS MEDICAUX STERILES A VISEE VASCULAIRE INTERVENTIONNELLE - Cathéter guide 6 et 7F,CTRE HOSPITALIER UNIVERS PONTCHAILLOU,MEDTRONIC FRANCE,173280.0,,2022-06-03
FOURNITURE DE DISPOSITIFS MEDICAUX STERILES A VISEE VASCULAIRE INTERVENTIONNELLE - Cathéter de recanalisation vasculaire droit,CTRE HOSPITALIER UNIVERS PONTCHAILLOU,MEDTRONIC FRANCE,170820.0,,2022-06-03
"FOURNITURE DE DISPOSITIFS MEDICAUX STERILES A VISEE VASCULAIRE INTERVENTIONNELLE - Endoprothèse périphérique autoexpansible 0.014"" pour carotide",CTRE HOSPITALIER UNIVERS PONTCHAILLOU,BOSTON SCIENTIFIC,56128.8,,2022-06-03
"FOURNITURE DE DISPOSITIFS MEDICAUX STERILES A VISEE VASCULAIRE INTERVENTIONNELLE - Endoprothèse périphérique 0.014"" alliage chrome cobalt monorail",CTRE HOSPITALIER UNIVERS PONTCHAILLOU,GETINGE FRANCE,16746.0,,2022-06-03
"FOURNITURE DE DISPOSITIFS MEDICAUX STERILES A VISEE VASCULAIRE INTERVENTIONNELLE - Endoprothèse périphérique alliage chrome cobalt 0.035""",CTRE HOSPITALIER UNIVERS PONTCHAILLOU,GETINGE FRANCE,133968.0,,2022-06-03
FOURNITURE DE DISPOSITIFS MEDICAUX STERILES A VISEE VASCULAIRE INTERVENTIONNELLE - Endoprothèse aortique abdominale autoexpansible couverte,CTRE HOSPITALIER UNIVERS PONTCHAILLOU,MEDTRONIC FRANCE,705306.35,,2022-06-03
FOURNITURE DE DISPOSITIFS MEDICAUX STERILES A VISEE VASCULAIRE INTERVENTIONNELLE - Endoprothèse aortique thoracique autoexpansible couverte,CTRE HOSPITALIER UNIVERS PONTCHAILLOU,MEDTRONIC FRANCE,139998.55,,2022-06-03
"FOURNITURE DE DISPOSITIFS MEDICAUX STERILES A VISEE VASCULAIRE INTERVENTIONNELLE - Endoprothèse périphérique couverte 0.035"" coaxiale",CTRE HOSPITALIER UNIVERS PONTCHAILLOU,GETINGE FRANCE,86331.96,,2022-06-03
FOURNITURE DE DISPOSITIFS MEDICAUX STERILES A VISEE VASCULAIRE INTERVENTIONNELLE - Cathéter d’angioplastie coronaire semi-compliant type coaxial,CTRE HOSPITALIER UNIVERS PONTCHAILLOU,BOSTON SCIENTIFIC,1530.0,,2022-06-03
"FOURNITURE DE DISPOSITIFS MEDICAUX STERILES A VISEE VASCULAIRE INTERVENTIONNELLE - Endoprothèse périphérique autoexpansible 0.035"" coaxiale",CTRE HOSPITALIER UNIVERS PONTCHAILLOU,MEDTRONIC FRANCE,372797.1,,2022-06-03
FOURNITURE DE DISPOSITIFS MEDICAUX STERILES A VISEE VASCULAIRE INTERVENTIONNELLE - Applicateur d’agrafe pour endoprothèse aortique,CTRE HOSPITALIER UNIVERS PONTCHAILLOU,MEDTRONIC FRANCE,243000.0,,2022-06-03
FOURNITURE DE DISPOSITIFS MEDICAUX STERILES A VISEE VASCULAIRE INTERVENTIONNELLE - Endoprothèse périphérique pour artère rénale monorail,CTRE HOSPITALIER UNIVERS PONTCHAILLOU,BOSTON SCIENTIFIC,177905.4,,2022-06-03
FOURNITURE DE DISPOSITIFS MEDICAUX STERILES A VISEE VASCULAIRE INTERVENTIONNELLE - Cathéter guide périphérique,CTRE HOSPITALIER UNIVERS PONTCHAILLOU,BOSTON SCIENTIFIC,8580.0,,2022-06-03
FOURNITURE DE DISPOSITIFS MEDICAUX STERILES A VISEE VASCULAIRE INTERVENTIONNELLE - Cathéter pour embolisation périphérique,CTRE HOSPITALIER UNIVERS PONTCHAILLOU,BOSTON SCIENTIFIC,10800.0,,2022-06-03
"FOURNITURE DE DISPOSITIFS MEDICAUX STERILES A VISEE VASCULAIRE INTERVENTIONNELLE - Cathéter d’angioplastie périphérique 0.035"" avec principe actif",CTRE HOSPITALIER UNIVERS PONTCHAILLOU,MEDTRONIC FRANCE,151320.0,,2022-06-03
"FOURNITURE DE DISPOSITIFS MEDICAUX STERILES A VISEE VASCULAIRE INTERVENTIONNELLE - Cathéter d’angioplastie périphérique 0.018"" avec principe actif",CTRE HOSPITALIER UNIVERS PONTCHAILLOU,BOSTON SCIENTIFIC,29250.0,,2022-06-03
"FOURNITURE DE DISPOSITIFS MEDICAUX STERILES A VISEE VASCULAIRE INTERVENTIONNELLE - Cathéter d’angioplastie périphérique 0.018"" semi compliant coaxial L :60 à 250mm",CTRE HOSPITALIER UNIVERS PONTCHAILLOU,MEDTRONIC FRANCE,2550.0,,2022-06-03
FOURNITURE DE DISPOSITIFS MEDICAUX STERILES A VISEE VASCULAIRE INTERVENTIONNELLE - Endoprothèse coronaire avec principe actif en alliage platine chrome,CTRE HOSPITALIER UNIVERS PONTCHAILLOU,BOSTON SCIENTIFIC,290046.0,,2022-06-03
"FOURNITURE DE DISPOSITIFS MEDICAUX STERILES A VISEE VASCULAIRE INTERVENTIONNELLE - Endoprothèse périphérique acier 0.035"" coaxiale",CTRE HOSPITALIER UNIVERS PONTCHAILLOU,MEDTRONIC FRANCE,176588.1,,2022-06-03
FOURNITURE DE DISPOSITIFS MEDICAUX STERILES A VISEE VASCULAIRE INTERVENTIONNELLE - Cathéter guide 5F,CTRE HOSPITALIER UNIVERS PONTCHAILLOU,MEDTRONIC FRANCE,53580.0,,2022-06-03
FOURNITURE DE DISPOSITIFS MEDICAUX STERILES A VISEE VASCULAIRE INTERVENTIONNELLE - Implant exovasculaire pour fermeture de malformations cardiaques,CTRE HOSPITALIER UNIVERS PONTCHAILLOU,ABBOTT MEDICAL FRANCE SAS,492806.98,,2022-06-02
FOURNITURE DE DISPOSITIFS MEDICAUX STERILES A VISEE VASCULAIRE INTERVENTIONNELLE - Endoprothèse coronaire avec principe actif en alliage chrome cobalt,CTRE HOSPITALIER UNIVERS PONTCHAILLOU,ABBOTT MEDICAL FRANCE SAS,651756.0,,2022-06-02
FOURNITURE DE DISPOSITIFS MEDICAUX STERILES A VISEE VASCULAIRE INTERVENTIONNELLE - Endoprothèse coronaire couverte,CTRE HOSPITALIER UNIVERS PONTCHAILLOU,BIOTRONIK FRANCE,21327.0,,2022-06-02
FOURNITURE DE DISPOSITIFS MEDICAUX STERILES A VISEE VASCULAIRE INTERVENTIONNELLE - Endoprothèse coronaire avec principe actif en alliage chrome cobalt stent < 75µm,CTRE HOSPITALIER UNIVERS PONTCHAILLOU,BIOTRONIK FRANCE,290046.0,,2022-06-02
"FOURNITURE DE DISPOSITIFS MEDICAUX STERILES A VISEE VASCULAIRE INTERVENTIONNELLE - Endoprothèse périphérique autoexpansible 0.014"" pour carotide",CTRE HOSPITALIER UNIVERS PONTCHAILLOU,ABBOTT MEDICAL FRANCE SAS,68670.0,,2022-06-02
"FOURNITURE DE DISPOSITIFS MEDICAUX STERILES A VISEE VASCULAIRE INTERVENTIONNELLE - Endoprothèse périphérique autoexpansible 0.018"" nitinol accès fémoral",CTRE HOSPITALIER UNIVERS PONTCHAILLOU,BIOTRONIK FRANCE,162000.0,,2022-06-02
FOURNITURE DE DISPOSITIFS MEDICAUX STERILES A VISEE VASCULAIRE INTERVENTIONNELLE - Implant d’embolisation artérielle type plug métallique,CTRE HOSPITALIER UNIVERS PONTCHAILLOU,ABBOTT MEDICAL FRANCE SAS,71323.2,,2022-06-02
FOURNITURE DE DISPOSITIFS MEDICAUX STERILES A VISEE VASCULAIRE INTERVENTIONNELLE - Cathéter d’angioplastie coronaire non compliant,CTRE HOSPITALIER UNIVERS PONTCHAILLOU,MEDTRONIC FRANCE,102900.0,,2022-06-02
Prothèse combinée antérieure/postérieure en polypropylène pour hernie inguinale directe - Groupement d’Achat de Produits de Santé Centre Alsace (GAPSCA) - Fourniture de dispositifs médicaux de chirurgie digestive 2022/2024,CENTRE HOSPITALIER DE COLMAR (CENTRE HOSPITALIER LOUIS PASTEUR),JOHNSON & JOHNSON MEDICAL SAS,2895.0,,2022-05-27
"Fourniture de dispositifs médicaux implantables ou non, consommables associés et ancillaires de pose nécessaires à l’activité des établissements membres du GHT Vendée.   - AGRAFAGE MECANIQUE BLOC DIGESTIF",CHD LA ROCHE SUR YON LUCON MONTAIGU (CHD-VENDEE),JOHNSON & JOHNSON MEDICAL SAS,33261.21,,2022-05-24
"Fourniture de dispositifs médicaux implantables ou non, consommables associés et ancillaires de pose nécessaires à l’activité des établissements membres du GHT Vendée.   - SUTURE BLOC DIGESTIF",CHD LA ROCHE SUR YON LUCON MONTAIGU (CHD-VENDEE),JOHNSON & JOHNSON MEDICAL SAS,18690.21,,2022-05-24
"Fourniture de dispositifs médicaux implantables ou non, consommables associés et ancillaires de pose nécessaires à l’activité des établissements membres du GHT Vendée.   - SYSTÈME DE LAVAGE IRRIGATION",CHD LA ROCHE SUR YON LUCON MONTAIGU (CHD-VENDEE),STRYKER FRANCE SA,44098.23,,2022-05-24
"Fourniture de dispositifs médicaux implantables ou non, consommables associés et ancillaires de pose nécessaires à l’activité des établissements membres du GHT Vendée.   - GUIDE FFR",CHD LA ROCHE SUR YON LUCON MONTAIGU (CHD-VENDEE),BOSTON SCIENTIFIC,49999.5,,2022-05-24
"Fourniture de dispositifs médicaux implantables ou non, consommables associés et ancillaires de pose nécessaires à l’activité des établissements membres du GHT Vendée.   - CATHETER D’EXTENSION",CHD LA ROCHE SUR YON LUCON MONTAIGU (CHD-VENDEE),BOSTON SCIENTIFIC,20250.0,,2022-05-24
"Fourniture de dispositifs médicaux implantables ou non, consommables associés et ancillaires de pose nécessaires à l’activité des établissements membres du GHT Vendée.   - AGENT D’EMBOLISATION LIQUIDE",CHD LA ROCHE SUR YON LUCON MONTAIGU (CHD-VENDEE),MEDTRONIC FRANCE,9093.0,,2022-05-24
"Fourniture de dispositifs médicaux implantables ou non, consommables associés et ancillaires de pose nécessaires à l’activité des établissements membres du GHT Vendée.   - COIL RADIO-INTERVENTIONNEL A DETACHEMENT CONTRÔLE",CHD LA ROCHE SUR YON LUCON MONTAIGU (CHD-VENDEE),BOSTON SCIENTIFIC,4457.7,,2022-05-24
"Fourniture de dispositifs médicaux implantables ou non, consommables associés et ancillaires de pose nécessaires à l’activité des établissements membres du GHT Vendée.   - SET DE PONCTION PERICARDIQUE",CHD LA ROCHE SUR YON LUCON MONTAIGU (CHD-VENDEE),BOSTON SCIENTIFIC,11250.0,,2022-05-24
Fourniture d’endoprothèses coronaires - ENDOPROTHESE CORONAIRE SERTIE SUR BALLON DE DILATATION CORONAIRE A LIBERATION CONTROLEE DE PRINCIPE ACTIF,HOPITAL NORD FRANCHE COMTE,BOSTON SCIENTIFIC,1042790.4,,2022-05-11
Fourniture d’endoprothèses coronaires - ENDOPROTHESE CORONAIRE SERTIE SUR BALLON DE DILATATION CORONAIRE A LIBERATION CONTROLEE DE PRINCIPE ACTIF,HOPITAL NORD FRANCHE COMTE,BIOTRONIK FRANCE,2179200.0,,2022-05-11
Fourniture d’endoprothèses coronaires - ENDOPROTHESE CORONAIRE SERTIE SUR BALLON DE DILATATION CORONAIRE A LIBERATION CONTROLEE DE PRINCIPE ACTIF,HOPITAL NORD FRANCHE COMTE,ABBOTT MEDICAL FRANCE SAS,521404.8,,2022-05-11
FOURNITURE DE DISPOSITIFS MEDICAUX STERILES : - CAPTEUR DE GLUCOSE INTERSTITIEL  -  PROTHESE DE FERMETURE APPENDICE  -,CTRE HOSPITALIER UNIVERS PONTCHAILLOU,ABBOTT FRANCE,82440.66,,2022-05-09
Fourniture de moniteurs cardiaques implantables,CENTRE HOSPITALIER REGIONAL DE MARSEILLE (ASSISTANCE PUBLIQUE-HOPITAUX MARSEILLE),BIOTRONIK FRANCE,335000.0,,2022-04-04
Fourniture de dispositifs médicaux implantables pour Orthopédie et Ostéosynthèse - ORT21,CENTRE HOSPITALIER REGIONAL DE MARSEILLE (ASSISTANCE PUBLIQUE-HOPITAUX MARSEILLE),JOHNSON & JOHNSON MEDICAL SAS,2813228.0,,2022-03-31
FOURNITURE DE DISPOSITIFS MEDICAUX STERILES :  - Consommables pour pompe Minimed (capteurs Enlite/ réservoirs et sets d’infusion d’insuline) – Consommables pour radiofréquence endoveineuse (tubulures /cathéters d’ablation) et mise à - disposition du gén...,CTRE HOSPITALIER UNIVERS PONTCHAILLOU,MEDTRONIC FRANCE,346186.5,,2022-03-25
Fourniture de dispositifs médicaux implantables pour Orthopédie et Ostéosynthèse - ORT21,CENTRE HOSPITALIER REGIONAL DE MARSEILLE (ASSISTANCE PUBLIQUE-HOPITAUX MARSEILLE),STRYKER FRANCE SA,2489155.0,,2022-03-23
"Fourniture de dispositifs médicaux pour l’épuration extra-rénale, au CHRU de Tours - AC - Cathéter longue durée simple branche bilumière + kit de pose",CENTRE HOSPITALIER REGIONAL UNIVERSITAIRE DE TOURS (CHRU TROUSSEAU CHAMBRAY),MEDTRONIC FRANCE,21000.0,,2022-03-16
"GHT - Fourniture de dispositifs médicaux prothétiques implantables  et stériles à usage unique - IOO21<br />Spécialités pharmaceutiques, Instrumentation générale, Ophtalmologie et Odontologie<br />",CENTRE HOSPITALIER REGIONAL DE MARSEILLE (ASSISTANCE PUBLIQUE-HOPITAUX MARSEILLE),MEDTRONIC FRANCE,799852.0,,2022-03-03
"FOURNITURE DE DISPOSITIFS MEDICAUX STERILES A VISEE VASCULAIRE INTERVENTIONNELLE - Cathéter d’angioplastie périphérique 0.035"" semi-compliant coaxial",CTRE HOSPITALIER UNIVERS PONTCHAILLOU,MEDTRONIC FRANCE,184800.0,,2022-03-03
"APPEL D’OFFRES POUR LA FOURNITURE D’IMPLANTS ET MISE A DISPOSITION  D’ANCILLAIRESPOUR CHIRURGIE DE LA COLONNE Lots 8, 10, 12, 16, 21, 22, 25, 26, 31",HOSPICES CIVILS DE LYON (SIEGE ADMINISTRATIF),MEDTRONIC FRANCE,3824938.6,,2022-03-01
IMPLANT POUR CRANIOPLASTIE SUR MESURE EN PEEK,CENTRE HOSPITALIER REGIONAL (CHR HOPITAL CIMIEZ),STRYKER FRANCE SA,50312.53,,2022-02-22
APPEL D’OFFRES POUR LA FOURNITURE D’IMPLANTS ET MISE A DISPOSITION D’ANCILLAIRES POUR CHIRURGIE DE LA COLONNE - Lot 29,HOSPICES CIVILS DE LYON (SIEGE ADMINISTRATIF),JOHNSON & JOHNSON MEDICAL SAS,3681.6,,2022-02-16
"APPEL D’OFFRES POUR LA FOURNITURE D’IMPLANTS  ET MISE A DISPOSITION D’ANCILLAIRES POUR CHIRURGIE DE LA COLONNE  Lots 15, 17, 19, 24, 28",HOSPICES CIVILS DE LYON (SIEGE ADMINISTRATIF),STRYKER FRANCE SA,388831.0,,2022-02-16
Fourniture de STENTS INTRACRANIEN,CENTRE HOSPITALIER REGIONAL DE MARSEILLE (ASSISTANCE PUBLIQUE-HOPITAUX MARSEILLE),STRYKER FRANCE SA,254334.0,,2022-02-15
Fourniture de dispositifs médicaux implantables pour Orthopédie et Ostéosynthèse - ORT21,CENTRE HOSPITALIER REGIONAL DE MARSEILLE (ASSISTANCE PUBLIQUE-HOPITAUX MARSEILLE),JOHNSON & JOHNSON MEDICAL SAS,153066.0,,2022-02-14
Fourniture de dispositifs médicaux implantables pour Orthopédie et Ostéosynthèse - ORT21,CENTRE HOSPITALIER REGIONAL DE MARSEILLE (ASSISTANCE PUBLIQUE-HOPITAUX MARSEILLE),STRYKER FRANCE SA,54503.0,,2022-02-04
"Fourniture de dispositifs médicaux de cardiologie, vasculaires et de radiologie interventionnelle -  - LOT 42 - DEFIBRILLATEUR CARDIAQUE IMPLANTABLE TRIPLE CHAMBRE",CENTRE HOSPITALIER BRETAGNE ATLANTIQUE (CENTRE HOSPITALIER CHUBERT),BOSTON SCIENTIFIC,112600.0,,2022-01-28
Fourniture de dispositifs médicaux prothétiques implantables pour orthopédie et ostéosynthèse,CENTRE HOSPITALIER REGIONAL DE MARSEILLE (ASSISTANCE PUBLIQUE-HOPITAUX MARSEILLE),JOHNSON & JOHNSON MEDICAL SAS,576192.0,,2022-01-24
Fourniture de dispositifs médicaux implantables pour Orthopédie et Ostéosynthèse - ORT21,CENTRE HOSPITALIER REGIONAL DE MARSEILLE (ASSISTANCE PUBLIQUE-HOPITAUX MARSEILLE),STRYKER FRANCE SA,237728.04,,2022-01-17
Fourniture de dispositifs médicaux implantables pour Orthopédie et Ostéosynthèse - ORT21,CENTRE HOSPITALIER REGIONAL DE MARSEILLE (ASSISTANCE PUBLIQUE-HOPITAUX MARSEILLE),JOHNSON & JOHNSON MEDICAL SAS,2489155.0,,2022-01-17
Fourniture de dispositifs médicaux implantables pour Orthopédie et Ostéosynthèse - ORT21,CENTRE HOSPITALIER REGIONAL DE MARSEILLE (ASSISTANCE PUBLIQUE-HOPITAUX MARSEILLE),JOHNSON & JOHNSON MEDICAL SAS,0.0,,2022-01-07
Fourniture de dispositifs médicaux implantables pour Orthopédie et Ostéosynthèse - ORT21,CENTRE HOSPITALIER REGIONAL DE MARSEILLE (ASSISTANCE PUBLIQUE-HOPITAUX MARSEILLE),STRYKER FRANCE SA,0.0,,2022-01-07
Fourniture de dispositifs médicaux implantables pour Orthopédie et Ostéosynthèse - ORT21,CENTRE HOSPITALIER REGIONAL DE MARSEILLE (ASSISTANCE PUBLIQUE-HOPITAUX MARSEILLE),STRYKER FRANCE SA,0.0,,2022-01-07
Fourniture de dispositifs médicaux implantables pour Orthopédie et Ostéosynthèse - ORT21,CENTRE HOSPITALIER REGIONAL DE MARSEILLE (ASSISTANCE PUBLIQUE-HOPITAUX MARSEILLE),STRYKER FRANCE SA,0.0,,2022-01-07
Fourniture de prothèses orthopédiques et d’accessoires d’ostéosynthèses pour le Centre Hospitalier de la Région de Saint-Omer,CENTRE HOSPITALIER DE DUNKERQUE,ZIMMER BIOMET FRANCE,18057.68,,2022-01-04
Fourniture de prothèses orthopédiques et d’accessoires d’ostéosynthèses pour le Centre Hospitalier de la Région de Saint-Omer,CENTRE HOSPITALIER DE DUNKERQUE,STRYKER FRANCE SA,2404.8,,2022-01-04
Fourniture de prothèses orthopédiques et d’accessoires d’ostéosynthèses pour le Centre Hospitalier de la Région de Saint-Omer,CENTRE HOSPITALIER DE DUNKERQUE,STRYKER FRANCE SA,9710.8,,2022-01-04
Fourniture de prothèses orthopédiques et d’accessoires d’ostéosynthèses pour le Centre Hospitalier de la Région de Saint-Omer,CENTRE HOSPITALIER DE DUNKERQUE,STRYKER FRANCE SA,39844.0,,2022-01-04
Fourniture de prothèses orthopédiques et d’accessoires d’ostéosynthèses pour le Centre Hospitalier de la Région de Saint-Omer,CENTRE HOSPITALIER DE DUNKERQUE,JOHNSON & JOHNSON MEDICAL SAS,1536.57,,2022-01-04
Fourniture de prothèses orthopédiques et d’accessoires d’ostéosynthèses pour le Centre Hospitalier de la Région de Saint-Omer,CENTRE HOSPITALIER DE DUNKERQUE,ZIMMER BIOMET FRANCE,189408.92,,2022-01-04
Fourniture de prothèses orthopédiques et d’accessoires d’ostéosynthèses pour le Centre Hospitalier de la Région de Saint-Omer,CENTRE HOSPITALIER DE DUNKERQUE,ZIMMER BIOMET FRANCE,65095.49,,2022-01-04
Fourniture de prothèses orthopédiques et d’accessoires d’ostéosynthèses pour le Centre Hospitalier de la Région de Saint-Omer,CENTRE HOSPITALIER DE DUNKERQUE,ZIMMER BIOMET FRANCE,42373.17,,2022-01-04
Fourniture de prothèses orthopédiques et d’accessoires d’ostéosynthèses pour le Centre Hospitalier de la Région de Saint-Omer,CENTRE HOSPITALIER DE DUNKERQUE,ZIMMER BIOMET FRANCE,606116.56,,2022-01-04
Fourniture de prothèses orthopédiques et d’accessoires d’ostéosynthèses pour le Centre Hospitalier de la Région de Saint-Omer,CENTRE HOSPITALIER DE DUNKERQUE,STRYKER FRANCE SA,3335.4,,2022-01-04
Fourniture de prothèses orthopédiques et d’accessoires d’ostéosynthèses pour le Centre Hospitalier de la Région de Saint-Omer,CENTRE HOSPITALIER DE DUNKERQUE,ZIMMER BIOMET FRANCE,89531.85,,2022-01-04
Fourniture de prothèses orthopédiques et d’accessoires d’ostéosynthèses pour le Centre Hospitalier de la Région de Saint-Omer,CENTRE HOSPITALIER DE DUNKERQUE,ZIMMER BIOMET FRANCE,64965.68,,2022-01-04
Fourniture de prothèses orthopédiques et d’accessoires d’ostéosynthèses pour le Centre Hospitalier de la Région de Saint-Omer,CENTRE HOSPITALIER DE DUNKERQUE,ZIMMER BIOMET FRANCE,149.8,,2022-01-04
Fourniture de prothèses orthopédiques et d’accessoires d’ostéosynthèses pour le Centre Hospitalier de la Région de Saint-Omer,CENTRE HOSPITALIER DE DUNKERQUE,ZIMMER BIOMET FRANCE,2211.96,,2022-01-04
Fourniture de prothèses orthopédiques et d’accessoires d’ostéosynthèses pour le Centre Hospitalier de la Région de Saint-Omer,CENTRE HOSPITALIER DE DUNKERQUE,ZIMMER BIOMET FRANCE,230.4,,2022-01-04
Fourniture de prothèses orthopédiques et d’accessoires d’ostéosynthèses pour le Centre Hospitalier de la Région de Saint-Omer,CENTRE HOSPITALIER DE DUNKERQUE,STRYKER FRANCE SA,3116.36,,2022-01-04
Fourniture de prothèses orthopédiques et d’accessoires d’ostéosynthèses pour le Centre Hospitalier de la Région de Saint-Omer,CENTRE HOSPITALIER DE DUNKERQUE,STRYKER FRANCE SA,1786.4,,2022-01-04
Fourniture de prothèses orthopédiques et d’accessoires d’ostéosynthèses pour le Centre Hospitalier de la Région de Saint-Omer,CENTRE HOSPITALIER DE DUNKERQUE,STRYKER FRANCE SA,1738.28,,2022-01-04
Fourniture de prothèses orthopédiques et d’accessoires d’ostéosynthèses pour le Centre Hospitalier de la Région de Saint-Omer,CENTRE HOSPITALIER DE DUNKERQUE,STRYKER FRANCE SA,794.6,,2022-01-04
Fourniture de prothèses orthopédiques et d’accessoires d’ostéosynthèses pour le Centre Hospitalier de la Région de Saint-Omer,CENTRE HOSPITALIER DE DUNKERQUE,STRYKER FRANCE SA,872.12,,2022-01-04
Fourniture de prothèses orthopédiques et d’accessoires d’ostéosynthèses pour le Centre Hospitalier de la Région de Saint-Omer,CENTRE HOSPITALIER DE DUNKERQUE,STRYKER FRANCE SA,613.04,,2022-01-04
Fourniture de prothèses orthopédiques et d’accessoires d’ostéosynthèses pour le Centre Hospitalier de la Région de Saint-Omer,CENTRE HOSPITALIER DE DUNKERQUE,STRYKER FRANCE SA,102255.9,,2022-01-04
Fourniture de prothèses orthopédiques et d’accessoires d’ostéosynthèses pour le Centre Hospitalier de la Région de Saint-Omer,CENTRE HOSPITALIER DE DUNKERQUE,STRYKER FRANCE SA,1028.8,,2022-01-04
"Fourniture de dispositifs médicaux implantables de cardiologie et d’orthopédie ao2021chro0027
 - STIMULATEUR CARDIAQUE SIMPLE CHAMBRE marché n° 222-001 marché n° 222-005 marché n° 222-011",CENTRE HOSPITALIER UNIVERSITAIRE D ORLEANS (HOPITAL MADELEINE ORLEANS),ABBOTT MEDICAL FRANCE SAS,12430.0,,2022-01-03
"Fourniture de dispositifs médicaux implantables de cardiologie et d’orthopédie ao2021chro0027
 -  STIMULATEUR CARDIAQUE TRIPLE CHAMBRE marché n° 222-004",CENTRE HOSPITALIER UNIVERSITAIRE D ORLEANS (HOPITAL MADELEINE ORLEANS),BOSTON SCIENTIFIC,17290.0,,2022-01-03
"Fourniture de dispositifs médicaux implantables de cardiologie et d’orthopédie ao2021chro0027
 -  STIMULATEUR CARDIAQUE TRIPLE CHAMBRE marché n° 222-004",CENTRE HOSPITALIER UNIVERSITAIRE D ORLEANS (HOPITAL MADELEINE ORLEANS),MEDTRONIC FRANCE,17290.0,,2022-01-03
"Fourniture de dispositifs médicaux implantables de cardiologie et d’orthopédie ao2021chro0027
 -  STIMULATEUR CARDIAQUE TRIPLE CHAMBRE marché n° 222-004",CENTRE HOSPITALIER UNIVERSITAIRE D ORLEANS (HOPITAL MADELEINE ORLEANS),BIOTRONIK FRANCE,17290.0,,2022-01-03
"Fourniture de dispositifs médicaux implantables de cardiologie et d’orthopédie ao2021chro0027
 - ENDOPROTHESE CORONAIRE ""THERAPEUTIQUE"" marché n° 222-004",CENTRE HOSPITALIER UNIVERSITAIRE D ORLEANS (HOPITAL MADELEINE ORLEANS),MEDTRONIC FRANCE,194555.0,,2022-01-03
"Fourniture de dispositifs médicaux implantables de cardiologie et d’orthopédie ao2021chro0027
 - ENDOPROTHESE CORONAIRE ""THERAPEUTIQUE"" marché n° 222-004",CENTRE HOSPITALIER UNIVERSITAIRE D ORLEANS (HOPITAL MADELEINE ORLEANS),BIOTRONIK FRANCE,194555.0,,2022-01-03
"Fourniture de dispositifs médicaux implantables de cardiologie et d’orthopédie ao2021chro0027
 - PROTHESE TOTALE DE GENOU marché n° 222-002",CENTRE HOSPITALIER UNIVERSITAIRE D ORLEANS (HOPITAL MADELEINE ORLEANS),JOHNSON & JOHNSON MEDICAL SAS,152155.0,,2022-01-03
"Fourniture de dispositifs médicaux implantables de cardiologie et d’orthopédie ao2021chro0027
 - DEFIBRILLATEUR IMPLANTABLE SIMPLE CHAMBRE Marché n° 222-001 Marché n° 222-011",CENTRE HOSPITALIER UNIVERSITAIRE D ORLEANS (HOPITAL MADELEINE ORLEANS),ABBOTT MEDICAL FRANCE SAS,103500.0,,2022-01-03
"Fourniture de dispositifs médicaux implantables de cardiologie et d’orthopédie ao2021chro0027
 - DEFIBRILLATEUR IMPLANTABLE TRIPLE CHAMBRE marché n° 222-011",CENTRE HOSPITALIER UNIVERSITAIRE D ORLEANS (HOPITAL MADELEINE ORLEANS),ABBOTT MEDICAL FRANCE SAS,71105.0,,2022-01-03
"Fourniture de dispositifs médicaux implantables de cardiologie et d’orthopédie ao2021chro0027
 -  STIMULATEUR CARDIAQUE TRIPLE CHAMBRE marché n° 222-004",CENTRE HOSPITALIER UNIVERSITAIRE D ORLEANS (HOPITAL MADELEINE ORLEANS),ABBOTT MEDICAL FRANCE SAS,17290.0,,2022-01-03
"Fourniture de dispositifs médicaux implantables de cardiologie et d’orthopédie ao2021chro0027
 - STIMULATEUR CARDIAQUE DOUBLE CHAMBRE marché n° 222-011",CENTRE HOSPITALIER UNIVERSITAIRE D ORLEANS (HOPITAL MADELEINE ORLEANS),ABBOTT MEDICAL FRANCE SAS,116845.0,,2022-01-03
"Fourniture de dispositifs médicaux de cardiologie, vasculaires et de radiologie interventionnelle - CATHETER POUR ABLATION DE FAISCEAU DE KENT",CENTRE HOSPITALIER BRETAGNE ATLANTIQUE (CENTRE HOSPITALIER CHUBERT),JOHNSON & JOHNSON MEDICAL SAS,1660.0,,2022-01-03
"Fourniture de dispositifs médicaux implantables de cardiologie et d’orthopédie ao2021chro0027
 - ENDOPROTHESE CORONAIRE ""THERAPEUTIQUE"" marché n° 222-004",CENTRE HOSPITALIER UNIVERSITAIRE D ORLEANS (HOPITAL MADELEINE ORLEANS),ABBOTT MEDICAL FRANCE SAS,194555.0,,2022-01-03
"Fourniture de dispositifs médicaux implantables de cardiologie et d’orthopédie ao2021chro0027
 - DEFIBRILLATEUR IMPLANTABLE TRIPLE CHAMBRE marché n° 222-011",CENTRE HOSPITALIER UNIVERSITAIRE D ORLEANS (HOPITAL MADELEINE ORLEANS),BOSTON SCIENTIFIC,71105.0,,2022-01-03
"Fourniture de dispositifs médicaux implantables de cardiologie et d’orthopédie ao2021chro0027
 - DEFIBRILLATEUR IMPLANTABLE SIMPLE CHAMBRE Marché n° 222-001 Marché n° 222-011",CENTRE HOSPITALIER UNIVERSITAIRE D ORLEANS (HOPITAL MADELEINE ORLEANS),BOSTON SCIENTIFIC,103500.0,,2022-01-03
"Fourniture de dispositifs médicaux implantables de cardiologie et d’orthopédie ao2021chro0027
 - DEFIBRILLATEUR IMPLANTABLE SIMPLE CHAMBRE Marché n° 222-001 Marché n° 222-011",CENTRE HOSPITALIER UNIVERSITAIRE D ORLEANS (HOPITAL MADELEINE ORLEANS),MEDTRONIC FRANCE,103500.0,,2022-01-03
"Fourniture de dispositifs médicaux implantables de cardiologie et d’orthopédie ao2021chro0027
 - PLAQUES ET VIS TITANE POUR OSTEOSYNTHESE marché n° 222-008",CENTRE HOSPITALIER UNIVERSITAIRE D ORLEANS (HOPITAL MADELEINE ORLEANS),JOHNSON & JOHNSON MEDICAL SAS,250373.0,,2022-01-03
"Fourniture de dispositifs médicaux implantables de cardiologie et d’orthopédie ao2021chro0027
 - STIMULATEUR CARDIAQUE DOUBLE CHAMBRE marché n° 222-011",CENTRE HOSPITALIER UNIVERSITAIRE D ORLEANS (HOPITAL MADELEINE ORLEANS),MEDTRONIC FRANCE,116845.0,,2022-01-03
"Fourniture de dispositifs médicaux implantables de cardiologie et d’orthopédie ao2021chro0027
 - STIMULATEUR CARDIAQUE DOUBLE CHAMBRE marché n° 222-011",CENTRE HOSPITALIER UNIVERSITAIRE D ORLEANS (HOPITAL MADELEINE ORLEANS),BIOTRONIK FRANCE,116845.0,,2022-01-03
"Fourniture de dispositifs médicaux implantables de cardiologie et d’orthopédie ao2021chro0027
 - DEFIBRILLATEUR IMPLANTABLE SIMPLE CHAMBRE Marché n° 222-001 Marché n° 222-011",CENTRE HOSPITALIER UNIVERSITAIRE D ORLEANS (HOPITAL MADELEINE ORLEANS),BIOTRONIK FRANCE,103500.0,,2022-01-03
"Fourniture de dispositifs médicaux implantables de cardiologie et d’orthopédie ao2021chro0027
 - STIMULATEUR CARDIAQUE DOUBLE CHAMBRE marché n° 222-011",CENTRE HOSPITALIER UNIVERSITAIRE D ORLEANS (HOPITAL MADELEINE ORLEANS),BOSTON SCIENTIFIC,116845.0,,2022-01-03
"Fourniture de dispositifs médicaux implantables de cardiologie et d’orthopédie ao2021chro0027
 - DEFIBRILLATEUR IMPLANTABLE TRIPLE CHAMBRE marché n° 222-011",CENTRE HOSPITALIER UNIVERSITAIRE D ORLEANS (HOPITAL MADELEINE ORLEANS),MEDTRONIC FRANCE,71105.0,,2022-01-03
"Fourniture de dispositifs médicaux implantables de cardiologie et d’orthopédie ao2021chro0027
 - STIMULATEUR CARDIAQUE SIMPLE CHAMBRE marché n° 222-001 marché n° 222-005 marché n° 222-011",CENTRE HOSPITALIER UNIVERSITAIRE D ORLEANS (HOPITAL MADELEINE ORLEANS),BIOTRONIK FRANCE,12430.0,,2022-01-03
Fourniture de systèmes de prise en charge de la valvulopathie mitrale par voie transcathéter par clip et valve percutanés pour le Centre Hospitalier Universitaire de Reims. - SYSTEME DE CLIP PERCUTANE POUR VALVE MITRALE,CENTRE HOSPITALIER UNIVERSITAIRE REIMS,ABBOTT MEDICAL FRANCE SAS,1600000.0,,2022-01-03
Fourniture de systèmes de prise en charge de la valvulopathie mitrale par voie transcathéter par clip et valve percutanés pour le Centre Hospitalier Universitaire de Reims. - SYSTEME DE VALVE MITRALE TRANSCATHETER,CENTRE HOSPITALIER UNIVERSITAIRE REIMS,ABBOTT MEDICAL FRANCE SAS,560000.0,,2022-01-03
AOO relatif à la fourniture de de DMS et DMI pour la cardiologie dans le cadre du Groupement Hospitalier de Territoire (GHT) Nord Franche-Comté - STIMULATEUR CARDIAQUE TRIPLE CHAMBRE + SONDES COMPATIBLES IRM+ SYSTÈME DE TELESURVEILLANCE,HOPITAL NORD FRANCHE COMTE,ABBOTT MEDICAL FRANCE SAS,822148.65,,2022-01-03
"Fourniture de dispositifs médicaux implantables de cardiologie et d’orthopédie ao2021chro0027
 - DEFIBRILLATEUR IMPLANTABLE TRIPLE CHAMBRE marché n° 222-011",CENTRE HOSPITALIER UNIVERSITAIRE D ORLEANS (HOPITAL MADELEINE ORLEANS),BIOTRONIK FRANCE,71105.0,,2022-01-03
"Fourniture de dispositifs médicaux implantables de cardiologie et d’orthopédie ao2021chro0027
 - STIMULATEUR CARDIAQUE SIMPLE CHAMBRE marché n° 222-001 marché n° 222-005 marché n° 222-011",CENTRE HOSPITALIER UNIVERSITAIRE D ORLEANS (HOPITAL MADELEINE ORLEANS),BOSTON SCIENTIFIC,12430.0,,2022-01-03
"Fourniture de dispositifs médicaux implantables de cardiologie et d’orthopédie ao2021chro0027
 - STIMULATEUR CARDIAQUE SIMPLE CHAMBRE marché n° 222-001 marché n° 222-005 marché n° 222-011",CENTRE HOSPITALIER UNIVERSITAIRE D ORLEANS (HOPITAL MADELEINE ORLEANS),MEDTRONIC FRANCE,12430.0,,2022-01-03
Fourniture de prothèses chirurgicales et dispositifs médicaux  2022chro0014 - GUIDE PTCA - marché n° 232-006,CENTRE HOSPITALIER UNIVERSITAIRE D ORLEANS (HOPITAL MADELEINE ORLEANS),ABBOTT MEDICAL FRANCE SAS,153375.0,,2022-01-01
"Fourniture de Dispositifs Médicaux pour ELECTROPHYSIOLOGIE, électrodes de stimulation myocardique, aiguilles pour électromyographie (EMG), aiguilles pour électroencéphalogramme (EEG) et potentiels évoqués (PE) - CATHETER POUR CARTOGRAPHIE CARDIAQUE ET ABL",CTRE HOSPITALIER UNIVERS PONTCHAILLOU,ABBOTT MEDICAL FRANCE SAS,4888872.0,,2021-12-28
"Fourniture de Dispositifs Médicaux pour ELECTROPHYSIOLOGIE, électrodes de stimulation myocardique, aiguilles pour électromyographie (EMG), aiguilles pour électroencéphalogramme (EEG) et potentiels évoqués (PE) - CATHETER POUR CARTOGRAPHIE CARDIAQUE ET ABL",CTRE HOSPITALIER UNIVERS PONTCHAILLOU,JOHNSON & JOHNSON MEDICAL SAS,4888872.0,,2021-12-28
"GCS UniHA - Fourniture, installation, mise en service et évolutivité d’équipements d’explorations fonctionnelles neurologiques et cardiovasculaires avec les services associés de maintenance et de formation. - Eléments captifs de baies de cathétérisme hémo",GROUPEMENT COOPERATION SANITAIRE - UNION DES HOPITAUX POUR LES ACHATS,BOSTON SCIENTIFIC,40000.0,,2021-12-28
DM Orthèses Prothèses-Clou tibia et fémur,CENTRE HOSPITALIER DE PAU,ZIMMER BIOMET FRANCE,42605.97,,2021-12-27
DM Orthèses Prothèses-Implant articulaire du genou,CENTRE HOSPITALIER DE PAU,ZIMMER BIOMET FRANCE,33286.65,,2021-12-27
"14 - EA - Broche Kirschner
41 - GP - Prothèse cervicale
57 - KE - Lames pour moteur TRS SYNTHES
58 - LA - Tubulure pour pulse lavage usage unique",CENTRE HOSPITALIER REGIONAL UNIVERSITAIRE DE TOURS (CHRU TROUSSEAU CHAMBRAY),ZIMMER BIOMET FRANCE,237190.0,,2021-12-27
"DM Orthèses Prothèses-Plaque et vis pour fracture tibiale, péroné et fémorale LOT 27",CENTRE HOSPITALIER DE PAU,STRYKER FRANCE SA,56150.52,,2021-12-27
DM Orthèses Prothèses-Implants stériles ou stérilisables pour traumatologie  membre sup LOT 30,CENTRE HOSPITALIER DE PAU,STRYKER FRANCE SA,11175.0,,2021-12-27
DM Orthèses Prothèses-Clou de fémur à point d’entrée trochantérienne latérale LOT 26,CENTRE HOSPITALIER DE PAU,STRYKER FRANCE SA,18900.0,,2021-12-27
DM Orthèses Prothèses-Ligamentoplastie du genou,CENTRE HOSPITALIER DE PAU,ZIMMER BIOMET FRANCE,10613.7,,2021-12-27
DM Orthèses Prothèses-Sphère de navigation,CENTRE HOSPITALIER DE PAU,JOHNSON & JOHNSON MEDICAL SAS,12111.36,,2021-12-27
DM Orthèses Prothèses-Système d’ancrage de suture d’épaule,CENTRE HOSPITALIER DE PAU,JOHNSON & JOHNSON MEDICAL SAS,40145.7,,2021-12-27
DM Orthèses Prothèses-Système de suture méniscale par arthroscopie,CENTRE HOSPITALIER DE PAU,JOHNSON & JOHNSON MEDICAL SAS,5902.47,,2021-12-27
FOURNITURE DE STENTS CORONAIRES,CENTRE HOSPITALIER UNIVERSITAIRE DE LA REUNION,BOSTON SCIENTIFIC,2000000.0,,2021-12-20
"Fourniture de dispositifs médicaux implantables ou non, consommables associés et ancillaires de pose nécessaires à l’activité des établissements membres du GHT Vendée.",CHD LA ROCHE SUR YON LUCON MONTAIGU (CHD-VENDEE),JOHNSON & JOHNSON MEDICAL SAS,85094.0,,2021-12-14
"Fourniture de dispositifs médicaux implantables ou non, consommables associés et ancillaires de pose nécessaires à l’activité des établissements membres du GHT Vendée.",CHD LA ROCHE SUR YON LUCON MONTAIGU (CHD-VENDEE),JOHNSON & JOHNSON MEDICAL SAS,43360.0,,2021-12-14
"Fourniture de dispositifs médicaux implantables ou non, consommables associés et ancillaires de pose nécessaires à l’activité des établissements membres du GHT Vendée.",CHD LA ROCHE SUR YON LUCON MONTAIGU (CHD-VENDEE),BOSTON SCIENTIFIC,19000.0,,2021-12-13
"Fourniture de dispositifs médicaux implantables ou non, consommables associés et ancillaires de pose nécessaires à l’activité des établissements membres du GHT Vendée.",CHD LA ROCHE SUR YON LUCON MONTAIGU (CHD-VENDEE),MEDTRONIC FRANCE,52800.0,,2021-12-13
"Fourniture de dispositifs médicaux implantables ou non, consommables associés et ancillaires de pose nécessaires à l’activité des établissements membres du GHT Vendée.   - CATHETER ANGIOPLASTIE TYPE SCORING BALLOON",CHD LA ROCHE SUR YON LUCON MONTAIGU (CHD-VENDEE),BOSTON SCIENTIFIC,14700.0,,2021-12-13
"Fourniture de dispositifs médicaux implantables ou non, consommables associés et ancillaires de pose nécessaires à l’activité des établissements membres du GHT Vendée.",CHD LA ROCHE SUR YON LUCON MONTAIGU (CHD-VENDEE),BOSTON SCIENTIFIC,57120.0,,2021-12-13
"Fourniture de dispositifs médicaux implantables ou non, consommables associés et ancillaires de pose nécessaires à l’activité des établissements membres du GHT Vendée.",CHD LA ROCHE SUR YON LUCON MONTAIGU (CHD-VENDEE),MEDTRONIC FRANCE,32000.0,,2021-12-13
"Fourniture de dispositifs médicaux implantables ou non, consommables associés et ancillaires de pose nécessaires à l’activité des établissements membres du GHT Vendée.",CHD LA ROCHE SUR YON LUCON MONTAIGU (CHD-VENDEE),ABBOTT MEDICAL FRANCE SAS,46400.0,,2021-12-13
"Fourniture de dispositifs médicaux implantables ou non, consommables associés et ancillaires de pose nécessaires à l’activité des établissements membres du GHT Vendée.",CHD LA ROCHE SUR YON LUCON MONTAIGU (CHD-VENDEE),BOSTON SCIENTIFIC,72000.0,,2021-12-13
"Fourniture de dispositifs médicaux implantables ou non, consommables associés et ancillaires de pose nécessaires à l’activité des établissements membres du GHT Vendée.",CHD LA ROCHE SUR YON LUCON MONTAIGU (CHD-VENDEE),BOSTON SCIENTIFIC,29000.0,,2021-12-13
"Fourniture de dispositifs médicaux implantables ou non, consommables associés et ancillaires de pose nécessaires à l’activité des établissements membres du GHT Vendée.",CHD LA ROCHE SUR YON LUCON MONTAIGU (CHD-VENDEE),BIOTRONIK FRANCE,13780.0,,2021-12-13
"Fourniture de dispositifs médicaux implantables ou non, consommables associés et ancillaires de pose nécessaires à l’activité des établissements membres du GHT Vendée.",CHD LA ROCHE SUR YON LUCON MONTAIGU (CHD-VENDEE),MEDTRONIC FRANCE,29800.0,,2021-12-13
"Fourniture de dispositifs médicaux implantables ou non, consommables associés et ancillaires de pose nécessaires à l’activité des établissements membres du GHT Vendée.",CHD LA ROCHE SUR YON LUCON MONTAIGU (CHD-VENDEE),STRYKER FRANCE SA,74900.0,,2021-12-13
"Fourniture de dispositifs médicaux implantables ou non, consommables associés et ancillaires de pose nécessaires à l’activité des établissements membres du GHT Vendée.",CHD LA ROCHE SUR YON LUCON MONTAIGU (CHD-VENDEE),BOSTON SCIENTIFIC,28500.0,,2021-12-13
"Fourniture de dispositifs médicaux implantables ou non, consommables associés et ancillaires de pose nécessaires à l’activité des établissements membres du GHT Vendée.",CHD LA ROCHE SUR YON LUCON MONTAIGU (CHD-VENDEE),ABBOTT MEDICAL FRANCE SAS,20000.0,,2021-12-13
"Fourniture de dispositifs médicaux implantables ou non, consommables associés et ancillaires de pose nécessaires à l’activité des établissements membres du GHT Vendée.",CHD LA ROCHE SUR YON LUCON MONTAIGU (CHD-VENDEE),STRYKER FRANCE SA,4840.0,,2021-12-13
"Fourniture de dispositifs médicaux implantables ou non, consommables associés et ancillaires de pose nécessaires à l’activité des établissements membres du GHT Vendée.",CHD LA ROCHE SUR YON LUCON MONTAIGU (CHD-VENDEE),ABBOTT MEDICAL FRANCE SAS,43200.0,,2021-12-13
"Fourniture de dispositifs médicaux implantables ou non, consommables associés et ancillaires de pose nécessaires à l’activité des établissements membres du GHT Vendée.",CHD LA ROCHE SUR YON LUCON MONTAIGU (CHD-VENDEE),ABBOTT MEDICAL FRANCE SAS,70400.0,,2021-12-13
"Fourniture de dispositifs médicaux implantables ou non, consommables associés et ancillaires de pose nécessaires à l’activité des établissements membres du GHT Vendée.",CHD LA ROCHE SUR YON LUCON MONTAIGU (CHD-VENDEE),ABBOTT MEDICAL FRANCE SAS,21000.0,,2021-12-13
"Fourniture de dispositifs médicaux implantables ou non, consommables associés et ancillaires de pose nécessaires à l’activité des établissements membres du GHT Vendée.",CHD LA ROCHE SUR YON LUCON MONTAIGU (CHD-VENDEE),BOSTON SCIENTIFIC,10880.0,,2021-12-13
"Fourniture de dispositifs médicaux implantables ou non, consommables associés et ancillaires de pose nécessaires à l’activité des établissements membres du GHT Vendée.",CHD LA ROCHE SUR YON LUCON MONTAIGU (CHD-VENDEE),BOSTON SCIENTIFIC,45600.0,,2021-12-13
"Fourniture de dispositifs médicaux implantables ou non, consommables associés et ancillaires de pose nécessaires à l’activité des établissements membres du GHT Vendée.",CHD LA ROCHE SUR YON LUCON MONTAIGU (CHD-VENDEE),MEDTRONIC FRANCE,3136.8,,2021-12-13
"Fourniture de dispositifs médicaux implantables ou non, consommables associés et ancillaires de pose nécessaires à l’activité des établissements membres du GHT Vendée.",CHD LA ROCHE SUR YON LUCON MONTAIGU (CHD-VENDEE),BOSTON SCIENTIFIC,41400.0,,2021-12-13
"Fourniture de dispositifs médicaux implantables ou non, consommables associés et ancillaires de pose nécessaires à l’activité des établissements membres du GHT Vendée.",CHD LA ROCHE SUR YON LUCON MONTAIGU (CHD-VENDEE),ABBOTT MEDICAL FRANCE SAS,35000.0,,2021-12-13
"Fourniture de dispositifs médicaux implantables ou non, consommables associés et ancillaires de pose nécessaires à l’activité des établissements membres du GHT Vendée.",CHD LA ROCHE SUR YON LUCON MONTAIGU (CHD-VENDEE),MEDTRONIC FRANCE,18370.0,,2021-12-13
Fourniture de cathéters de thrombo-aspiration REACT™.,CENTRE HOSPITALIER UNIVERSITAIRE ROUEN (HOPITAL CHARLES NICOLLE CHU ROUEN),MEDTRONIC FRANCE,50000.0,,2021-12-10
"Fourniture de Dispositifs Médicaux pour ELECTROPHYSIOLOGIE, électrodes de stimulation myocardique, aiguilles pour électromyographie (EMG), aiguilles pour électroencéphalogramme (EEG) et potentiels évoqués (PE) - CATHETER POUR CRYOABLATION CARDIAQUE",CTRE HOSPITALIER UNIVERS PONTCHAILLOU,MEDTRONIC FRANCE,1176000.0,,2021-12-01
"Fourniture de prothèses chirurgicales et dispositifs médicaux AO 2020-45
 lot 1 (multi 2/5) - *DEFIBRILLATEUR IMPLANTABLE SIMPLE CHAMBRE marché n° 212-012",CENTRE HOSPITALIER UNIVERSITAIRE D ORLEANS (HOPITAL MADELEINE ORLEANS),ABBOTT MEDICAL FRANCE SAS,144874.55,,2021-12-01
"Fourniture de Dispositifs Médicaux pour ELECTROPHYSIOLOGIE, électrodes de stimulation myocardique, aiguilles pour électromyographie (EMG), aiguilles pour électroencéphalogramme (EEG) et potentiels évoqués (PE) - CATHETER D’ELECTROPHYSIOLOGIE DECAPOLAIRE 1",CTRE HOSPITALIER UNIVERS PONTCHAILLOU,ABBOTT MEDICAL FRANCE SAS,198050.0,,2021-11-26
"Fourniture de Dispositifs Médicaux pour ELECTROPHYSIOLOGIE, électrodes de stimulation myocardique, aiguilles pour électromyographie (EMG), aiguilles pour électroencéphalogramme (EEG) et potentiels évoqués (PE) - CATHETER D’ELECTROPHYSIOLOGIE QUADRIPOLAIRE",CTRE HOSPITALIER UNIVERS PONTCHAILLOU,ABBOTT MEDICAL FRANCE SAS,144900.0,,2021-11-26
"Fourniture de Dispositifs Médicaux pour ELECTROPHYSIOLOGIE, électrodes de stimulation myocardique, aiguilles pour électromyographie (EMG), aiguilles pour électroencéphalogramme (EEG) et potentiels évoqués (PE) - CATHETER D’ELECTROPHYSIOLOGIE BI ET QUADRIP",CTRE HOSPITALIER UNIVERS PONTCHAILLOU,ABBOTT MEDICAL FRANCE SAS,121670.0,,2021-11-26
"Fourniture de Dispositifs Médicaux pour ELECTROPHYSIOLOGIE, électrodes de stimulation myocardique, aiguilles pour électromyographie (EMG), aiguilles pour électroencéphalogramme (EEG) et potentiels évoqués (PE) - CATHETER D’ABLATION QUADRIPOLAIRE 110CM 7F",CTRE HOSPITALIER UNIVERS PONTCHAILLOU,ABBOTT MEDICAL FRANCE SAS,52500.0,,2021-11-26
"Fourniture de Dispositifs Médicaux pour ELECTROPHYSIOLOGIE, électrodes de stimulation myocardique, aiguilles pour électromyographie (EMG), aiguilles pour électroencéphalogramme (EEG) et potentiels évoqués (PE) - CATHETER D’ELECTROPHYSIOLOGIE DUODECAPOLAIR",CTRE HOSPITALIER UNIVERS PONTCHAILLOU,ABBOTT MEDICAL FRANCE SAS,13365.0,,2021-11-26
"Fourniture de Dispositifs Médicaux pour ELECTROPHYSIOLOGIE, électrodes de stimulation myocardique, aiguilles pour électromyographie (EMG), aiguilles pour électroencéphalogramme (EEG) et potentiels évoqués (PE) - CATHETER D’ABLATION QUADRIPOLAIRE 110CM 7F",CTRE HOSPITALIER UNIVERS PONTCHAILLOU,JOHNSON & JOHNSON MEDICAL SAS,171675.0,,2021-11-26
"Fourniture de Dispositifs Médicaux pour ELECTROPHYSIOLOGIE, électrodes de stimulation myocardique, aiguilles pour électromyographie (EMG), aiguilles pour électroencéphalogramme (EEG) et potentiels évoqués (PE) - CATHETER D’ELECTROPHYSIOLOGIE DECAPOLAIRE P",CTRE HOSPITALIER UNIVERS PONTCHAILLOU,ABBOTT MEDICAL FRANCE SAS,100380.0,,2021-11-26
"Fourniture de Dispositifs Médicaux pour ELECTROPHYSIOLOGIE, électrodes de stimulation myocardique, aiguilles pour électromyographie (EMG), aiguilles pour électroencéphalogramme (EEG) et potentiels évoqués (PE) - CATHETER D’ELECTROPHYSIOLOGIE BIPOLAIRE A B",CTRE HOSPITALIER UNIVERS PONTCHAILLOU,ABBOTT MEDICAL FRANCE SAS,55650.0,,2021-11-26
"Fourniture de Dispositifs Médicaux pour ELECTROPHYSIOLOGIE, électrodes de stimulation myocardique, aiguilles pour électromyographie (EMG), aiguilles pour électroencéphalogramme (EEG) et potentiels évoqués (PE) - AIGUILLE POUR CATHETERISME TRANS-SEPTAL + I",CTRE HOSPITALIER UNIVERS PONTCHAILLOU,ABBOTT MEDICAL FRANCE SAS,288212.0,,2021-11-26
"Fourniture de Dispositifs Médicaux pour ELECTROPHYSIOLOGIE, électrodes de stimulation myocardique, aiguilles pour électromyographie (EMG), aiguilles pour électroencéphalogramme (EEG) et potentiels évoqués (PE) - CATHETER D’ABLATION QUADRIPOLAIRE 110CM 8F",CTRE HOSPITALIER UNIVERS PONTCHAILLOU,ABBOTT MEDICAL FRANCE SAS,108750.0,,2021-11-26
"Fourniture de Dispositifs Médicaux pour ELECTROPHYSIOLOGIE, électrodes de stimulation myocardique, aiguilles pour électromyographie (EMG), aiguilles pour électroencéphalogramme (EEG) et potentiels évoqués (PE) - CATHETER D’ABLATION QUADRIPOLAIRE A EXTREMI",CTRE HOSPITALIER UNIVERS PONTCHAILLOU,JOHNSON & JOHNSON MEDICAL SAS,14085.0,,2021-11-26
DISPOSITIFS MEDICAUX STERILE POUR CHIRURGIE CARDIAQUE ET VASCULAIRE - PROTHESE VASCULAIRE POLYESTER TISSE BIFURQUEE,CTRE HOSPITALIER UNIVERS PONTCHAILLOU,GETINGE FRANCE,136882.0,,2021-11-22
DISPOSITIFS MEDICAUX STERILE POUR CHIRURGIE CARDIAQUE ET VASCULAIRE - PROTHESE VASCULAIRE POUR FISTULE D’HEMODIALYSE,CTRE HOSPITALIER UNIVERS PONTCHAILLOU,GETINGE FRANCE,6977.0,,2021-11-22
DISPOSITIFS MEDICAUX STERILE POUR CHIRURGIE CARDIAQUE ET VASCULAIRE - PROTHESE VASCULAIRE EN PTFE DROITE AVEC CONNECTEUR,CTRE HOSPITALIER UNIVERS PONTCHAILLOU,GETINGE FRANCE,93077.0,,2021-11-22
DISPOSITIFS MEDICAUX STERILE POUR CHIRURGIE CARDIAQUE ET VASCULAIRE - PROTHESE VASCULAIRE DOUBLE COUCHE,CTRE HOSPITALIER UNIVERS PONTCHAILLOU,GETINGE FRANCE,17212.0,,2021-11-22
DISPOSITIFS MEDICAUX STERILE POUR CHIRURGIE CARDIAQUE ET VASCULAIRE - PROTHESE VASCULAIRE POLYESTER TISSE DROITE,CTRE HOSPITALIER UNIVERS PONTCHAILLOU,GETINGE FRANCE,15918.0,,2021-11-22
2021AO011-67 Prothèse biliaire plastique set avec système de pose,CTRE HOSPITALIER VILLEFRANCHE S SAONE,BOSTON SCIENTIFIC,3261.72,,2021-11-16
"2021AO011-11 catheter drainage multiusage queue de cochon 10,2/12/14 fr",CTRE HOSPITALIER VILLEFRANCHE S SAONE,BOSTON SCIENTIFIC,690.0,,2021-11-16
2021AO011-70 prothese biliopancreatique avec sys de larguage et electrocauterisation,CTRE HOSPITALIER VILLEFRANCHE S SAONE,BOSTON SCIENTIFIC,39000.0,,2021-11-16
"2021AO011-80 Implant vasculaire d’embolisation microcoil à détachement mécanique controlé  guide 0,018",CTRE HOSPITALIER VILLEFRANCHE S SAONE,MEDTRONIC FRANCE,10978.8,,2021-11-16
2021AO011-69 prothese pancreatique préventive de pancreatite post catheter,CTRE HOSPITALIER VILLEFRANCHE S SAONE,BOSTON SCIENTIFIC,3459.4,,2021-11-16
2021AO011-10 cathéter drainage 6 Fr et 8 Fr 25cm polyurethane hydrophile permettant une ponction directe,CTRE HOSPITALIER VILLEFRANCHE S SAONE,BOSTON SCIENTIFIC,6480.0,,2021-11-16
"2021AO011-13 catheter drainage biliaire 8,5/10,2/12/14 Fr",CTRE HOSPITALIER VILLEFRANCHE S SAONE,BOSTON SCIENTIFIC,1625.0,,2021-11-16
"2021AO011-33 Microcathéter avec guide intégré 130 cm 0,021 droit  2,7/2,9 Fr",CTRE HOSPITALIER VILLEFRANCHE S SAONE,BOSTON SCIENTIFIC,12250.0,,2021-11-16
Fourniture de dispositifs médicaux implantables pour Orthopédie et Ostéosynthèse - ORT21,CENTRE HOSPITALIER REGIONAL DE MARSEILLE (ASSISTANCE PUBLIQUE-HOPITAUX MARSEILLE),JOHNSON & JOHNSON MEDICAL SAS,39348.0,,2021-11-15
Fourniture de dispositifs médicaux implantables pour Orthopédie et Ostéosynthèse - ORT21,CENTRE HOSPITALIER REGIONAL DE MARSEILLE (ASSISTANCE PUBLIQUE-HOPITAUX MARSEILLE),STRYKER FRANCE SA,141840.0,,2021-11-15
Fourniture de dispositifs médicaux implantables pour Orthopédie et Ostéosynthèse - ORT21,CENTRE HOSPITALIER REGIONAL DE MARSEILLE (ASSISTANCE PUBLIQUE-HOPITAUX MARSEILLE),STRYKER FRANCE SA,343919.0,,2021-11-15
Fourniture de dispositifs médicaux implantables pour Orthopédie et Ostéosynthèse - ORT21,CENTRE HOSPITALIER REGIONAL DE MARSEILLE (ASSISTANCE PUBLIQUE-HOPITAUX MARSEILLE),STRYKER FRANCE SA,503443.0,,2021-11-15
Fourniture de dispositifs médicaux implantables pour Orthopédie et Ostéosynthèse - ORT21,CENTRE HOSPITALIER REGIONAL DE MARSEILLE (ASSISTANCE PUBLIQUE-HOPITAUX MARSEILLE),STRYKER FRANCE SA,17047.0,,2021-11-15
Fourniture de dispositifs médicaux implantables pour Orthopédie et Ostéosynthèse - ORT21,CENTRE HOSPITALIER REGIONAL DE MARSEILLE (ASSISTANCE PUBLIQUE-HOPITAUX MARSEILLE),STRYKER FRANCE SA,136599.0,,2021-11-15
Fourniture de dispositifs médicaux implantables pour Orthopédie et Ostéosynthèse - ORT21,CENTRE HOSPITALIER REGIONAL DE MARSEILLE (ASSISTANCE PUBLIQUE-HOPITAUX MARSEILLE),STRYKER FRANCE SA,46973.0,,2021-11-15
Fourniture de dispositifs médicaux implantables pour Orthopédie et Ostéosynthèse - ORT21,CENTRE HOSPITALIER REGIONAL DE MARSEILLE (ASSISTANCE PUBLIQUE-HOPITAUX MARSEILLE),STRYKER FRANCE SA,29407.0,,2021-11-15
Fourniture de dispositifs médicaux implantables pour Orthopédie et Ostéosynthèse - ORT21,CENTRE HOSPITALIER REGIONAL DE MARSEILLE (ASSISTANCE PUBLIQUE-HOPITAUX MARSEILLE),STRYKER FRANCE SA,383423.0,,2021-11-15
Fourniture de dispositifs médicaux implantables pour Orthopédie et Ostéosynthèse - ORT21,CENTRE HOSPITALIER REGIONAL DE MARSEILLE (ASSISTANCE PUBLIQUE-HOPITAUX MARSEILLE),JOHNSON & JOHNSON MEDICAL SAS,4404.0,,2021-11-15
Fourniture de dispositifs médicaux implantables pour Orthopédie et Ostéosynthèse - ORT21,CENTRE HOSPITALIER REGIONAL DE MARSEILLE (ASSISTANCE PUBLIQUE-HOPITAUX MARSEILLE),STRYKER FRANCE SA,46155.0,,2021-11-15
Fourniture de dispositifs médicaux implantables pour Orthopédie et Ostéosynthèse - ORT21,CENTRE HOSPITALIER REGIONAL DE MARSEILLE (ASSISTANCE PUBLIQUE-HOPITAUX MARSEILLE),JOHNSON & JOHNSON MEDICAL SAS,756593.0,,2021-11-15
Fourniture de dispositifs médicaux implantables pour Orthopédie et Ostéosynthèse - ORT21,CENTRE HOSPITALIER REGIONAL DE MARSEILLE (ASSISTANCE PUBLIQUE-HOPITAUX MARSEILLE),ZIMMER BIOMET FRANCE,503443.0,,2021-11-15
Fourniture de dispositifs médicaux implantables pour Orthopédie et Ostéosynthèse - ORT21,CENTRE HOSPITALIER REGIONAL DE MARSEILLE (ASSISTANCE PUBLIQUE-HOPITAUX MARSEILLE),JOHNSON & JOHNSON MEDICAL SAS,228796.0,,2021-11-15
Fourniture de dispositifs médicaux implantables pour Orthopédie et Ostéosynthèse - ORT21,CENTRE HOSPITALIER REGIONAL DE MARSEILLE (ASSISTANCE PUBLIQUE-HOPITAUX MARSEILLE),JOHNSON & JOHNSON MEDICAL SAS,141125.0,,2021-11-15
Fourniture de dispositifs médicaux implantables pour Orthopédie et Ostéosynthèse - ORT21,CENTRE HOSPITALIER REGIONAL DE MARSEILLE (ASSISTANCE PUBLIQUE-HOPITAUX MARSEILLE),JOHNSON & JOHNSON MEDICAL SAS,9500.0,,2021-11-15
Cathéters de Thrombo-Aspiration REACT 68 / REACT 71 pour le CHU de Caen,CENTRE HOSPITALIER UNIVERSITAIRE DE CAEN NORMANDIE,MEDTRONIC FRANCE,37500.0,,2021-11-09
"GHT - Fourniture de dispositifs médicaux prothétiques implantables  et stériles à usage unique - IOO21<br />Spécialités pharmaceutiques, Instrumentation générale, Ophtalmologie et Odontologie<br />",CENTRE HOSPITALIER REGIONAL DE MARSEILLE (ASSISTANCE PUBLIQUE-HOPITAUX MARSEILLE),MEDTRONIC FRANCE,7168.0,,2021-11-08
"GHT - Fourniture de dispositifs médicaux prothétiques implantables  et stériles à usage unique - IOO21<br />Spécialités pharmaceutiques, Instrumentation générale, Ophtalmologie et Odontologie<br />",CENTRE HOSPITALIER REGIONAL DE MARSEILLE (ASSISTANCE PUBLIQUE-HOPITAUX MARSEILLE),MEDTRONIC FRANCE,18676.0,,2021-11-08
"GHT - Fourniture de dispositifs médicaux prothétiques implantables  et stériles à usage unique - IOO21<br />Spécialités pharmaceutiques, Instrumentation générale, Ophtalmologie et Odontologie<br />",CENTRE HOSPITALIER REGIONAL DE MARSEILLE (ASSISTANCE PUBLIQUE-HOPITAUX MARSEILLE),MEDTRONIC FRANCE,2503540.0,,2021-11-08
"GHT - Fourniture de dispositifs médicaux prothétiques implantables  et stériles à usage unique - IOO21<br />Spécialités pharmaceutiques, Instrumentation générale, Ophtalmologie et Odontologie<br />",CENTRE HOSPITALIER REGIONAL DE MARSEILLE (ASSISTANCE PUBLIQUE-HOPITAUX MARSEILLE),MEDTRONIC FRANCE,28380.0,,2021-11-08
"GHT - Fourniture de dispositifs médicaux prothétiques implantables  et stériles à usage unique - IOO21<br />Spécialités pharmaceutiques, Instrumentation générale, Ophtalmologie et Odontologie<br />",CENTRE HOSPITALIER REGIONAL DE MARSEILLE (ASSISTANCE PUBLIQUE-HOPITAUX MARSEILLE),JOHNSON & JOHNSON MEDICAL SAS,11512.0,,2021-11-04
"GHT - Fourniture de dispositifs médicaux prothétiques implantables  et stériles à usage unique - IOO21<br />Spécialités pharmaceutiques, Instrumentation générale, Ophtalmologie et Odontologie<br />",CENTRE HOSPITALIER REGIONAL DE MARSEILLE (ASSISTANCE PUBLIQUE-HOPITAUX MARSEILLE),JOHNSON & JOHNSON MEDICAL SAS,426576.0,,2021-11-04
"GHT - Fourniture de dispositifs médicaux prothétiques implantables  et stériles à usage unique - IOO21<br />Spécialités pharmaceutiques, Instrumentation générale, Ophtalmologie et Odontologie<br />",CENTRE HOSPITALIER REGIONAL DE MARSEILLE (ASSISTANCE PUBLIQUE-HOPITAUX MARSEILLE),STRYKER FRANCE SA,3208220.0,,2021-11-04
"GHT - Fourniture de dispositifs médicaux prothétiques implantables  et stériles à usage unique - IOO21<br />Spécialités pharmaceutiques, Instrumentation générale, Ophtalmologie et Odontologie<br />",CENTRE HOSPITALIER REGIONAL DE MARSEILLE (ASSISTANCE PUBLIQUE-HOPITAUX MARSEILLE),STRYKER FRANCE SA,5500.0,,2021-11-04
2020-006-MS035 Fournitures de dispositifs médicaux implantables d’Orthopédie et prestations associées pour le CHI ELBEUF LOUVIERS VAL DE REUIL,RESEAU DES ACHETEURS HOSPITALIERS,STRYKER FRANCE SA,0.0,,2021-11-02
2020-006-MS035 Fournitures de dispositifs médicaux implantables d’Orthopédie et prestations associées pour le CHI ELBEUF LOUVIERS VAL DE REUIL,RESEAU DES ACHETEURS HOSPITALIERS,ZIMMER BIOMET FRANCE,0.0,,2021-11-02
"Fourniture de dispositifs médicaux stériles pour la cardiologie interventionnelle, de neuroradiologie interventionnelle, l’endoscopie digestive et la chirurgie maxillo faciale - relance lots irréguliers/redéfinition du besoin. - ENDOPROTHESE (STENT) CORON",CENTRE HOSPITALIER UNIVERSITAIRE ROUEN (HOPITAL CHARLES NICOLLE CHU ROUEN),ABBOTT MEDICAL FRANCE SAS,434504.0,,2021-11-02
"Fourniture de dispositifs médicaux stériles pour la cardiologie interventionnelle, de neuroradiologie interventionnelle, l’endoscopie digestive et la chirurgie maxillo faciale - relance lots irréguliers/redéfinition du besoin. - ENDOPROTHESE (STENT) CORON",CENTRE HOSPITALIER UNIVERSITAIRE ROUEN (HOPITAL CHARLES NICOLLE CHU ROUEN),MEDTRONIC FRANCE,1086260.0,,2021-11-02
"Fourniture de dispositifs médicaux stériles pour la cardiologie interventionnelle, de neuroradiologie interventionnelle, l’endoscopie digestive et la chirurgie maxillo faciale - relance lots irréguliers/redéfinition du besoin. - ENDOPROTHESE (STENT) CORON",CENTRE HOSPITALIER UNIVERSITAIRE ROUEN (HOPITAL CHARLES NICOLLE CHU ROUEN),BOSTON SCIENTIFIC,434504.0,,2021-11-02
"Fourniture de dispositifs médicaux stériles pour la cardiologie interventionnelle, de neuroradiologie interventionnelle, l’endoscopie digestive et la chirurgie maxillo faciale - relance lots irréguliers/redéfinition du besoin. - BIOPROTHESE VALVULAIRE PER",CENTRE HOSPITALIER UNIVERSITAIRE ROUEN (HOPITAL CHARLES NICOLLE CHU ROUEN),BOSTON SCIENTIFIC,1753843.2,,2021-11-02
2020-006-MS035 Fournitures de dispositifs médicaux implantables d’Orthopédie et prestations associées pour le CHI ELBEUF LOUVIERS VAL DE REUIL,RESEAU DES ACHETEURS HOSPITALIERS,JOHNSON & JOHNSON MEDICAL SAS,0.0,,2021-11-02
"FOURNITURE DE DISPOSITIFS MÉDICAUX STERILES ET/OU IMPLANTABLES DE LA SOCIETE GETINGE : Accord-cadre à bons de commande mono-attributaire, sans minimum et avec un maximum de 2 850 000 euros HT, exécutoire à compter de sa date de sa notification jusqu’au 30",CENTRE HOSPITALIER REGIONAL UNIVERSITAIRE DE NANCY,GETINGE FRANCE,2850000.0,,2021-10-28
Fourniture de dispositifs médicaux prothétiques implantables et stériles à usage unique - FDV09,CENTRE HOSPITALIER REGIONAL DE MARSEILLE (ASSISTANCE PUBLIQUE-HOPITAUX MARSEILLE),JOHNSON & JOHNSON MEDICAL SAS,256250.0,,2021-10-28
Fourniture de dispositifs médicaux stériles : dispositifs médicaux implantables et dispositifs médicaux spécialisés  Lots 625 et 626,CENTRE HOSPITALIER UNIVERSITAIRE GRENOBLE ALPES (HOPITAL NORD),MEDTRONIC FRANCE,2185000.0,,2021-10-25
"Fourniture de dispositifs médicaux de la sphère ORL (Tête et cou), d’implants et de consommables stériles d’équipements pour le Groupement Hospitalier Universitaire de Champagne. Lots n° 13, 14 et 23.",CENTRE HOSPITALIER UNIVERSITAIRE REIMS,MEDTRONIC FRANCE,25155.6,,2021-10-22
Fourniture de DMS Abord chirurgical et fermeture de plaies - Implant de réfection de paroi pour cure d’éventration de type treillis non résorbable à base de polypropylène,CENTRE HOSPITALIER D AUXERRE,JOHNSON & JOHNSON MEDICAL SAS,,,2021-10-20
Fourniture DM Endoscopie Digestive et de Pneumologie  - Endoprothese pancréatique plastique droite sans ergot avec systeme de pose,GROUPE HOSPITALIER RANCE EMERAUDE,BOSTON SCIENTIFIC,,,2021-10-12
Fourniture DM Endoscopie Digestive et de Pneumologie  - Endoprothese biliaire auto expansible couverte - Notice : Fil guide court Pour canal operateur 2.8mm Endoprothese en dépot,GROUPE HOSPITALIER RANCE EMERAUDE,BOSTON SCIENTIFIC,,,2021-10-12
Fourniture DM Endoscopie Digestive et de Pneumologie  - Endoprothese biliaire auto expansible non couverte-Notice : Fil guide court Pour canal operateur 2.8mm Endoprothese en dépot,GROUPE HOSPITALIER RANCE EMERAUDE,BOSTON SCIENTIFIC,,,2021-10-12
Fourniture DM Endoscopie Digestive et de Pneumologie  - Endoprothese biliaire plastique avec systeme de pose,GROUPE HOSPITALIER RANCE EMERAUDE,BOSTON SCIENTIFIC,,,2021-10-12
2020-006-MS037 - Fournitures de dispositifs médicaux implantables d’Orthopédie et prestations associées - CH ALENCON MAMERS,RESEAU DES ACHETEURS HOSPITALIERS,ZIMMER BIOMET FRANCE,0.0,,2021-10-08
2020-006-MS037 - Fournitures de dispositifs médicaux implantables d’Orthopédie et prestations associées - CH ALENCON MAMERS,RESEAU DES ACHETEURS HOSPITALIERS,JOHNSON & JOHNSON MEDICAL SAS,0.0,,2021-10-08
2020-006-MS037 - Fournitures de dispositifs médicaux implantables d’Orthopédie et prestations associées - CH ALENCON MAMERS,RESEAU DES ACHETEURS HOSPITALIERS,STRYKER FRANCE SA,0.0,,2021-10-08
2020-006-MS-029 - Fournitures de dispositifs médicaux implantables d’Orthopédie et prestations associées CH EURE ET SEINE Hôpital Evreux Vernon ,RESEAU DES ACHETEURS HOSPITALIERS,STRYKER FRANCE SA,0.0,,2021-10-01
2020-006-MS-029 - Fournitures de dispositifs médicaux implantables d’Orthopédie et prestations associées CH EURE ET SEINE Hôpital Evreux Vernon ,RESEAU DES ACHETEURS HOSPITALIERS,ZIMMER BIOMET FRANCE,0.0,,2021-10-01
Fourniture de dispositifs médicaux stériles : dispositifs médicaux implantables et dispositifs médicaux spécialisés Lot 457,CENTRE HOSPITALIER UNIVERSITAIRE GRENOBLE ALPES (HOPITAL NORD),GETINGE FRANCE,178000.0,,2021-10-01
2020-006-MS-029 - Fournitures de dispositifs médicaux implantables d’Orthopédie et prestations associées CH EURE ET SEINE Hôpital Evreux Vernon ,RESEAU DES ACHETEURS HOSPITALIERS,JOHNSON & JOHNSON MEDICAL SAS,0.0,,2021-10-01
Fourniture de dispositifs médicaux stériles : dispositifs médicaux implantables et dispositifs médicaux spécialisés,CENTRE HOSPITALIER UNIVERSITAIRE GRENOBLE ALPES (HOPITAL NORD),BIOTRONIK FRANCE,209289.0,,2021-09-30
Fourniture de dispositifs médicaux stériles : dispositifs médicaux implantables et dispositifs médicaux spécialisés Lot 574,CENTRE HOSPITALIER UNIVERSITAIRE GRENOBLE ALPES (HOPITAL NORD),ZIMMER BIOMET FRANCE,35000.0,,2021-09-30
Fourniture de dispositifs médicaux stériles : dispositifs médicaux implantables et dispositifs médicaux spécialisés Lot 576,CENTRE HOSPITALIER UNIVERSITAIRE GRENOBLE ALPES (HOPITAL NORD),STRYKER FRANCE SA,118000.0,,2021-09-30
Fourniture de dispositifs médicaux stériles : dispositifs médicaux implantables et dispositifs médicaux spécialisés,CENTRE HOSPITALIER UNIVERSITAIRE GRENOBLE ALPES (HOPITAL NORD),STRYKER FRANCE SA,1690384.0,,2021-09-30
Fourniture de dispositifs médicaux stériles : dispositifs médicaux implantables et dispositifs médicaux spécialisés,CENTRE HOSPITALIER UNIVERSITAIRE GRENOBLE ALPES (HOPITAL NORD),MEDTRONIC FRANCE,11872906.0,,2021-09-30
Fourniture de dispositifs médicaux stériles : dispositifs médicaux implantables et dispositifs médicaux spécialisés,CENTRE HOSPITALIER UNIVERSITAIRE GRENOBLE ALPES (HOPITAL NORD),BOSTON SCIENTIFIC,5467419.0,,2021-09-30
Fourniture de dispositifs médicaux stériles : dispositifs médicaux implantables et dispositifs médicaux spécialisés,CENTRE HOSPITALIER UNIVERSITAIRE GRENOBLE ALPES (HOPITAL NORD),JOHNSON & JOHNSON MEDICAL SAS,552546.0,,2021-09-30
Fourniture de dispositifs médicaux stériles : dispositifs médicaux implantables et dispositifs médicaux spécialisés,CENTRE HOSPITALIER UNIVERSITAIRE GRENOBLE ALPES (HOPITAL NORD),ABBOTT MEDICAL FRANCE SAS,4005840.0,,2021-09-30
2020-006-MS036 Fournitures de dispositifs médicaux implantables d’Orthopédie et prestations associées CH FOURMIES,RESEAU DES ACHETEURS HOSPITALIERS,JOHNSON & JOHNSON MEDICAL SAS,0.0,,2021-09-27
2020-006-MS036 Fournitures de dispositifs médicaux implantables d’Orthopédie et prestations associées CH FOURMIES,RESEAU DES ACHETEURS HOSPITALIERS,ZIMMER BIOMET FRANCE,0.0,,2021-09-27
2020-006-MS036 Fournitures de dispositifs médicaux implantables d’Orthopédie et prestations associées CH FOURMIES,RESEAU DES ACHETEURS HOSPITALIERS,STRYKER FRANCE SA,0.0,,2021-09-27
"AO019PL – FOURNITURE DE DISPOSITIFS MEDICAUX POUR CHIRURGIE OSSEUSE (ORTHO-TRAUMATOLOGIQUE, CRANIO-MAXILLO-FACIALE) ET NEUROCHIRURGIE (CHIRURGIE DU RACHIS) – lot 182 PROTHESE TOTALE DE GENOU PATIENT ALLERGIQUE METAUX",CENTRE HOSPITALIER UNIVERSITAIRE REIMS,ZIMMER BIOMET FRANCE,47000.0,,2021-09-20
Le présent marché est passé sur le fondement d’un accord-cadre notifié par le Resah agissant en tant que Centrale d’achat et a pour objet la fourniture de dispositifs médicaux correspondant aux lots listés dans le catalogue des besoins. - Epaule : Prothès,CENTRE HOSPITALIER LEON BINET PROVINS (CENTRE HOSPITAL GENERAL LEON BINET),STRYKER FRANCE SA,2935.92,,2021-09-01
Fourniture de DMS Orthopédie - Prothèse moyenne intermédiaire stérile,CENTRE HOSPITALIER D AUXERRE,ZIMMER BIOMET FRANCE,0.0,,2021-08-31
Fourniture de DMS Orthopédie - Prothèse de révision et de reconstruction de genou cimentée ou non cimentée stérile,CENTRE HOSPITALIER D AUXERRE,ZIMMER BIOMET FRANCE,0.0,,2021-08-31
Fourniture de DMS Orthopédie - Prothèse unicompartimentale de genou stérile,CENTRE HOSPITALIER D AUXERRE,ZIMMER BIOMET FRANCE,0.0,,2021-08-31
"Fourniture de DMS Orthopédie - Prothèse de genou postero stabilisée, à plateau fixe ou mobile, cimentée ou non cimentée stérile",CENTRE HOSPITALIER D AUXERRE,ZIMMER BIOMET FRANCE,0.0,,2021-08-31
Fourniture de DMS Orthopédie - Prothèse de genou totale de reprise et de reconstruction stérile,CENTRE HOSPITALIER D AUXERRE,ZIMMER BIOMET FRANCE,0.0,,2021-08-31
Fourniture de DMS Orthopédie - Prothèse totale de hanche stérile,CENTRE HOSPITALIER D AUXERRE,ZIMMER BIOMET FRANCE,0.0,,2021-08-31
Fourniture de dispositifs médicaux stériles (DMS) de neurochirurgie (RESAH ACSTO2 2018-007). - Implant réparation plancher sellaire,,STRYKER FRANCE SA,65808.26,,2021-08-30
2020-006-MS039 - Fournitures de dispositifs médicaux implantables d’Orthopédie et prestations associées CH SUD FRANCILIEN,RESEAU DES ACHETEURS HOSPITALIERS,JOHNSON & JOHNSON MEDICAL SAS,0.0,,2021-08-25
2020-006-MS039 - Fournitures de dispositifs médicaux implantables d’Orthopédie et prestations associées CH SUD FRANCILIEN,RESEAU DES ACHETEURS HOSPITALIERS,ZIMMER BIOMET FRANCE,0.0,,2021-08-25
2020-006-MS039 - Fournitures de dispositifs médicaux implantables d’Orthopédie et prestations associées CH SUD FRANCILIEN,RESEAU DES ACHETEURS HOSPITALIERS,MEDTRONIC FRANCE,0.0,,2021-08-25
2020-006-MS039 - Fournitures de dispositifs médicaux implantables d’Orthopédie et prestations associées CH SUD FRANCILIEN,RESEAU DES ACHETEURS HOSPITALIERS,STRYKER FRANCE SA,0.0,,2021-08-25
 2020-006 MS032 Fournitures de dispositifs médicaux implantables d’Orthopédie et prestations associées CH RENE DUBOS,RESEAU DES ACHETEURS HOSPITALIERS,ZIMMER BIOMET FRANCE,0.0,,2021-08-19
 2020-006 MS032 Fournitures de dispositifs médicaux implantables d’Orthopédie et prestations associées CH RENE DUBOS,RESEAU DES ACHETEURS HOSPITALIERS,MEDTRONIC FRANCE,0.0,,2021-08-19
 2020-006 MS032 Fournitures de dispositifs médicaux implantables d’Orthopédie et prestations associées CH RENE DUBOS,RESEAU DES ACHETEURS HOSPITALIERS,JOHNSON & JOHNSON MEDICAL SAS,0.0,,2021-08-19
"Fourniture de dispositifs médicaux de Cardiologie interventionnelle, de rythmologie, de chirurgie cardiaque et vasculaire - Sonde-Cathéter électrophysiologie ablation, orientable (multicourbure-multidirectionnelle",GROUPEMENT HOSPITALIER DE TERRITOIRE GRAND PARIS NORD-EST (GROUPEMENT HOSPITALIER DE TERRITOIRE 93 EST),MEDTRONIC FRANCE,23400.0,,2021-08-12
"Fourniture de dispositifs médicaux de Cardiologie interventionnelle, de rythmologie, de chirurgie cardiaque et vasculaire - Sonde-Cathéter électrophysiologie diagnostic décapolaire orientable",GROUPEMENT HOSPITALIER DE TERRITOIRE GRAND PARIS NORD-EST (GROUPEMENT HOSPITALIER DE TERRITOIRE 93 EST),MEDTRONIC FRANCE,64800.0,,2021-08-12
Fourniture d’assistance cardiaque implantable HEARTMATE 3.,CENTRE HOSPITALIER REGIONAL UNIVERSITAIRE DE TOURS (CHRU TROUSSEAU CHAMBRAY),ABBOTT MEDICAL FRANCE SAS,630801.0,,2021-08-12
"Stimulateurs simple chambre asservie - Fourniture de moniteurs d’électrocardiographie implantables, de stimulateurs cardiaques, d’électrodes de stimulation cardiaque et de neuromodulateurs des racines sacrées",CENTRE HOSPITALIER INTERCOMMUNAL NORD ARDENNES,MEDTRONIC FRANCE,1.0,,2021-08-10
"Stimulateurs double chambre asservie - Fourniture de moniteurs d’électrocardiographie implantables, de stimulateurs cardiaques, d’électrodes de stimulation cardiaque et de neuromodulateurs des racines sacrées",CENTRE HOSPITALIER INTERCOMMUNAL NORD ARDENNES,ABBOTT MEDICAL FRANCE SAS,1.0,,2021-08-10
"Stimulateurs SSIR multi programmables - Fourniture de moniteurs d’électrocardiographie implantables, de stimulateurs cardiaques, d’électrodes de stimulation cardiaque et de neuromodulateurs des racines sacrées",CENTRE HOSPITALIER INTERCOMMUNAL NORD ARDENNES,BIOTRONIK FRANCE,1.0,,2021-08-10
"Stimulateurs double chambre asservie - Fourniture de moniteurs d’électrocardiographie implantables, de stimulateurs cardiaques, d’électrodes de stimulation cardiaque et de neuromodulateurs des racines sacrées",CENTRE HOSPITALIER INTERCOMMUNAL NORD ARDENNES,BOSTON SCIENTIFIC,1.0,,2021-08-10
"Stimulateurs double chambre asservie - Fourniture de moniteurs d’électrocardiographie implantables, de stimulateurs cardiaques, d’électrodes de stimulation cardiaque et de neuromodulateurs des racines sacrées",CENTRE HOSPITALIER INTERCOMMUNAL NORD ARDENNES,BIOTRONIK FRANCE,1.0,,2021-08-10
"Stimulateurs SSIR multi programmables - Fourniture de moniteurs d’électrocardiographie implantables, de stimulateurs cardiaques, d’électrodes de stimulation cardiaque et de neuromodulateurs des racines sacrées",CENTRE HOSPITALIER INTERCOMMUNAL NORD ARDENNES,ABBOTT MEDICAL FRANCE SAS,1.0,,2021-08-10
"Moniteurs d’électrocardiographie implantable - Fourniture de moniteurs d’électrocardiographie implantables, de stimulateurs cardiaques, d’électrodes de stimulation cardiaque et de neuromodulateurs des racines sacrées",CENTRE HOSPITALIER INTERCOMMUNAL NORD ARDENNES,MEDTRONIC FRANCE,1.0,,2021-08-10
"Stimulateurs double chambre asservie - Fourniture de moniteurs d’électrocardiographie implantables, de stimulateurs cardiaques, d’électrodes de stimulation cardiaque et de neuromodulateurs des racines sacrées",CENTRE HOSPITALIER INTERCOMMUNAL NORD ARDENNES,MEDTRONIC FRANCE,1.0,,2021-08-10
"Système implantable de neuromodulation des racines sacrées - Fourniture de moniteurs d’électrocardiographie implantables, de stimulateurs cardiaques, d’électrodes de stimulation cardiaque et de neuromodulateurs des racines sacrées",CENTRE HOSPITALIER INTERCOMMUNAL NORD ARDENNES,MEDTRONIC FRANCE,1.0,,2021-08-10
Fourniture de cathéters d’échocardiographie endocavitaire intra cardiaque à usage unique compatibles avec les échographes modèles CX50 de marque PHILIPS pour le compte du groupe hospitalo-universitaire APHP Sorbonne Université - Site Pitié Salpêtrière,ASSISTANCE PUBLIQUE HOPITAUX DE PARIS,ABBOTT MEDICAL FRANCE SAS,907200.0,,2021-08-09
"FOURNITURE DE DISPOSITIFS MÉDICAUX CONSOMMABLES POUR ABORD PARENTÉRAL, CHIRURGICAL GÉNÉRAL, ORL, BIOPSIE, DRAINAGE & DIVERS POUR LE CHM, LE CH DE CHATEAU DU LOIR ET LE PSSL - PROTHESE POUR FERMETURE PERCUTANEE DU FORAMEN OVALE PERMEABLE",HOPITAL LE MANS,ABBOTT MEDICAL FRANCE SAS,265563.0,,2021-08-03
Fourniture de dispositifs médicaux stériles (DMS) de neurochirurgie (RESAH ACSTO2 2018-007). - Implant non résorbable fixation volet cranien : plaque et vis titane,,JOHNSON & JOHNSON MEDICAL SAS,623248.32,,2021-07-29
Fourniture de dispositifs médicaux stériles : dispositifs médicaux implantables et dispositifs médicaux spécialisés,CENTRE HOSPITALIER UNIVERSITAIRE GRENOBLE ALPES (HOPITAL NORD),JOHNSON & JOHNSON MEDICAL SAS,1582722.0,,2021-07-27
Fourniture de dispositifs médicaux stériles : dispositifs médicaux implantables et dispositifs médicaux spécialisés,CENTRE HOSPITALIER UNIVERSITAIRE GRENOBLE ALPES (HOPITAL NORD),ZIMMER BIOMET FRANCE,1201093.0,,2021-07-23
Fourniture de dispositifs médicaux stériles : dispositifs médicaux implantables et dispositifs médicaux spécialisés,CENTRE HOSPITALIER UNIVERSITAIRE GRENOBLE ALPES (HOPITAL NORD),STRYKER FRANCE SA,372276.0,,2021-07-23
Fourniture de dispositifs médicaux stériles : dispositifs médicaux implantables et dispositifs médicaux spécialisés,CENTRE HOSPITALIER UNIVERSITAIRE GRENOBLE ALPES (HOPITAL NORD),MEDTRONIC FRANCE,17890373.0,,2021-07-23
Dispositifs médicaux stériles : dispositifs médicaux implantables et dispositifs médicaux spécialisés,CENTRE HOSPITALIER UNIVERSITAIRE GRENOBLE ALPES (HOPITAL NORD),GETINGE FRANCE,999213.0,,2021-07-23
Fourniture de dispositifs médicaux stériles : dispositifs médicaux implantables et dispositifs médicaux spécialisés,CENTRE HOSPITALIER UNIVERSITAIRE GRENOBLE ALPES (HOPITAL NORD),BOSTON SCIENTIFIC,10348003.0,,2021-07-22
Fourniture de dispositifs médicaux stériles : dispositifs médicaux implantables et dispositifs médicaux spécialisés,CENTRE HOSPITALIER UNIVERSITAIRE GRENOBLE ALPES (HOPITAL NORD),BIOTRONIK FRANCE,208829.0,,2021-07-22
Fourniture de dispositifs médicaux stériles : dispositifs médicaux implantables et dispositifs médicaux spécialisés,CENTRE HOSPITALIER UNIVERSITAIRE GRENOBLE ALPES (HOPITAL NORD),ABBOTT MEDICAL FRANCE SAS,8223141.0,,2021-07-22
"Dispositifs médicaux de neuroradiologie interventionnelle, comportant 43 lots - Dispositif de récupération de thrombus stent fendu",CTRE HOSPITALIER UNIVERS PONTCHAILLOU,MEDTRONIC FRANCE,1348192.5,,2021-07-21
"Dispositifs médicaux de neuroradiologie interventionnelle, comportant 43 lots - Micro cathéter flux dépendant sans guide",CTRE HOSPITALIER UNIVERS PONTCHAILLOU,MEDTRONIC FRANCE,98355.0,,2021-07-21
"Dispositifs médicaux de neuroradiologie interventionnelle, comportant 43 lots - Endoprothèse intracrânienne pour correction de flux",CTRE HOSPITALIER UNIVERS PONTCHAILLOU,MEDTRONIC FRANCE,331978.4,,2021-07-21
"Dispositifs médicaux de neuroradiologie interventionnelle, comportant 43 lots - Micro cathéter embolisation cérébrale préformé et droit",CTRE HOSPITALIER UNIVERS PONTCHAILLOU,MEDTRONIC FRANCE,111800.0,,2021-07-21
"Dispositifs médicaux de neuroradiologie interventionnelle, comportant 43 lots - Micro cathéter embolisation et thrombectomie cérébrale",CTRE HOSPITALIER UNIVERS PONTCHAILLOU,MEDTRONIC FRANCE,301470.0,,2021-07-21
"Dispositifs médicaux de neuroradiologie interventionnelle, comportant 43 lots - Dispositif de récupération de thrombus stent ouvert",CTRE HOSPITALIER UNIVERS PONTCHAILLOU,STRYKER FRANCE SA,1454280.0,,2021-07-20
"Dispositifs médicaux de neuroradiologie interventionnelle, comportant 43 lots - Cathéter guide à ballonnet",CTRE HOSPITALIER UNIVERS PONTCHAILLOU,STRYKER FRANCE SA,51750.0,,2021-07-20
"Dispositifs médicaux de neuroradiologie interventionnelle, comportant 43 lots - Endoprothèse intracrânienne pour anévrisme à cellules ouvertes",CTRE HOSPITALIER UNIVERS PONTCHAILLOU,STRYKER FRANCE SA,19780.0,,2021-07-20
"Dispositifs médicaux de neuroradiologie interventionnelle, comportant 43 lots - Micro cathéter de revascularisation intracrânienne semi-compliant",CTRE HOSPITALIER UNIVERS PONTCHAILLOU,STRYKER FRANCE SA,14350.0,,2021-07-20
"Dispositifs médicaux de neuroradiologie interventionnelle, comportant 43 lots - Micro cathéter à ballonnet",CTRE HOSPITALIER UNIVERS PONTCHAILLOU,STRYKER FRANCE SA,136000.0,,2021-07-20
"Dispositifs médicaux de neuroradiologie interventionnelle, comportant 43 lots - Micro cathéter embolisation cérébrale",CTRE HOSPITALIER UNIVERS PONTCHAILLOU,STRYKER FRANCE SA,143190.0,,2021-07-20
"Dispositifs médicaux de neuroradiologie interventionnelle, comportant 43 lots - Micro cathéter embolisation cérébrale droit et angulé",CTRE HOSPITALIER UNIVERS PONTCHAILLOU,JOHNSON & JOHNSON MEDICAL SAS,195500.0,,2021-07-19
"Dispositifs médicaux de neuroradiologie interventionnelle, comportant 43 lots - Cathéter guide pour neuroradiologie",CTRE HOSPITALIER UNIVERS PONTCHAILLOU,JOHNSON & JOHNSON MEDICAL SAS,79800.0,,2021-07-19
Fourniture de dispositifs médicaux prothétiques implantables  et stériles à usage unique - FDV21,CENTRE HOSPITALIER REGIONAL DE MARSEILLE (ASSISTANCE PUBLIQUE-HOPITAUX MARSEILLE),MEDTRONIC FRANCE,51800.0,,2021-07-15
Fourniture de dispositifs médicaux prothétiques implantables  et stériles à usage unique - FDV21,CENTRE HOSPITALIER REGIONAL DE MARSEILLE (ASSISTANCE PUBLIQUE-HOPITAUX MARSEILLE),MEDTRONIC FRANCE,47124.0,,2021-07-15
Fourniture de dispositifs médicaux prothétiques implantables  et stériles à usage unique - FDV21,CENTRE HOSPITALIER REGIONAL DE MARSEILLE (ASSISTANCE PUBLIQUE-HOPITAUX MARSEILLE),MEDTRONIC FRANCE,47124.0,,2021-07-15
Fourniture de dispositifs médicaux prothétiques implantables  et stériles à usage unique - FDV05,CENTRE HOSPITALIER REGIONAL DE MARSEILLE (ASSISTANCE PUBLIQUE-HOPITAUX MARSEILLE),MEDTRONIC FRANCE,363538.0,,2021-07-15
P - MSPSC - FOURNITURE DE VALVE AORTIQUE TRANSCATHETER PORTICO,CENTRE HOSPITALIER REGIONAL DE MARSEILLE (ASSISTANCE PUBLIQUE-HOPITAUX MARSEILLE),ABBOTT MEDICAL FRANCE SAS,230000.0,,2021-07-12
GHT - Fourniture de dispositifs médicaux implantables - FDV08,CENTRE HOSPITALIER REGIONAL DE MARSEILLE (ASSISTANCE PUBLIQUE-HOPITAUX MARSEILLE),STRYKER FRANCE SA,20405.0,,2021-07-12
GHT - Fourniture de dispositifs médicaux implantables - FDV08,CENTRE HOSPITALIER REGIONAL DE MARSEILLE (ASSISTANCE PUBLIQUE-HOPITAUX MARSEILLE),BOSTON SCIENTIFIC,85295.0,,2021-07-12
"Fourniture de dispositifs médicaux des systèmes de remplacement de la valve mitrale TENDYNE, des endoprothèses hybrides E-VITA OPEN PLUS et du système d’ablation par laser CARDIOFOCUS. - SYSTEMES DE REMPLACEMENT DE LA VALVE MITRALE TENDYNE",CENTRE HOSPITALIER REGIONAL UNIVERSITAIRE DE TOURS (CHRU TROUSSEAU CHAMBRAY),ABBOTT MEDICAL FRANCE SAS,504000.0,,2021-07-09
2020-006-MS030 Fournitures de dispositifs médicaux implantables d’Orthopédie et prestations associées CH AVRANCHES GRANVILLE,RESEAU DES ACHETEURS HOSPITALIERS,STRYKER FRANCE SA,0.0,,2021-07-05
2020-006-MS030 Fournitures de dispositifs médicaux implantables d’Orthopédie et prestations associées CH AVRANCHES GRANVILLE,RESEAU DES ACHETEURS HOSPITALIERS,JOHNSON & JOHNSON MEDICAL SAS,0.0,,2021-07-05
2020-006-MS028 - Fournitures de dispositifs médicaux implantables d’Orthopédie et prestations associées.Hôpital Lozère-Site Vallée du Lot-Mende.,RESEAU DES ACHETEURS HOSPITALIERS,JOHNSON & JOHNSON MEDICAL SAS,0.0,,2021-07-01
2020-006-MS028 - Fournitures de dispositifs médicaux implantables d’Orthopédie et prestations associées.Hôpital Lozère-Site Vallée du Lot-Mende.,RESEAU DES ACHETEURS HOSPITALIERS,ZIMMER BIOMET FRANCE,0.0,,2021-07-01
2020-006-MS028 - Fournitures de dispositifs médicaux implantables d’Orthopédie et prestations associées.Hôpital Lozère-Site Vallée du Lot-Mende.,RESEAU DES ACHETEURS HOSPITALIERS,STRYKER FRANCE SA,0.0,,2021-07-01
FOURNITURE DE DISPOSITIFS MEDICAUX IMPLANTABLES ET NON IMPLANTABLES,HOSPICES CIVILS DE LYON (SIEGE ADMINISTRATIF),ABBOTT MEDICAL FRANCE SAS,1689327.0,,2021-06-30
"DISPOSITIFS MÉDICAUX STÉRILES A VISÉE DIAGNOSTIQUE ET INTERVENTIONNELLE, COMPORTANT 110 LOTS - Micro cathéter coronaire double lumière",CTRE HOSPITALIER UNIVERS PONTCHAILLOU,BIOTRONIK FRANCE,340.0,,2021-06-29
"Fourniture de dispositifs médicaux de Cardiologie interventionnelle, de rythmologie, de chirurgie cardiaque et vasculaire - Sonde-Cathéter électrophysiologie diagnostic quadripolaire, courbure multi-usage, toutes courbures",GROUPEMENT HOSPITALIER DE TERRITOIRE GRAND PARIS NORD-EST (GROUPEMENT HOSPITALIER DE TERRITOIRE 93 EST),BIOTRONIK FRANCE,44445.0,,2021-06-23
"Fourniture de dispositifs médicaux de Cardiologie interventionnelle, de rythmologie, de chirurgie cardiaque et vasculaire - Sonde-Cathéter électrophysiologie diagnostic quadripolaire, courbure de type Josephson ou équivalent",GROUPEMENT HOSPITALIER DE TERRITOIRE GRAND PARIS NORD-EST (GROUPEMENT HOSPITALIER DE TERRITOIRE 93 EST),BIOTRONIK FRANCE,46200.0,,2021-06-23
"Fourniture de dispositifs médicaux de Cardiologie interventionnelle, de rythmologie, de chirurgie cardiaque et vasculaire - Sonde-Cathéter électrophysiologie ablation, courbure double (bidirectionnelle) pour flutter",GROUPEMENT HOSPITALIER DE TERRITOIRE GRAND PARIS NORD-EST (GROUPEMENT HOSPITALIER DE TERRITOIRE 93 EST),BOSTON SCIENTIFIC,125430.0,,2021-06-22
Fourniture de prothèses orthopédiques et consommables associés pour le Centre hospitalier de Mâcon - Vis à spongieuse non autotaraudeuse,CENTRE HOSPITALIER LES CHANAUX,JOHNSON & JOHNSON MEDICAL SAS,6000.0,,2021-06-22
Fourniture de prothèses orthopédiques et consommables associés pour le Centre hospitalier de Mâcon - Clou creux pour humérus verrouillable p. fracture proximale et diaphysaire,CENTRE HOSPITALIER LES CHANAUX,STRYKER FRANCE SA,23537.0,,2021-06-22
"Fourniture de prothèses orthopédiques et consommables associés pour le Centre hospitalier de Mâcon - Clou fémoral pour fractures diaphysaires, verrouillable",CENTRE HOSPITALIER LES CHANAUX,STRYKER FRANCE SA,24254.0,,2021-06-22
"Fourniture de prothèses orthopédiques et consommables associés pour le Centre hospitalier de Mâcon - Clou tibial pour fractures diaphysaires, verrouillable",CENTRE HOSPITALIER LES CHANAUX,STRYKER FRANCE SA,24254.0,,2021-06-22
Fourniture de prothèses orthopédiques et consommables associés pour le Centre hospitalier de Mâcon - Vis perforée,CENTRE HOSPITALIER LES CHANAUX,JOHNSON & JOHNSON MEDICAL SAS,6778.0,,2021-06-22
Fourniture de prothèses orthopédiques et consommables associés pour le Centre hospitalier de Mâcon - Vis d’interférence résorbable (ancillaire de visée tibiale en flexion),CENTRE HOSPITALIER LES CHANAUX,ZIMMER BIOMET FRANCE,8016.0,,2021-06-22
Fourniture de prothèses orthopédiques et consommables associés pour le Centre hospitalier de Mâcon - Vis corticale autoraudeuse,CENTRE HOSPITALIER LES CHANAUX,STRYKER FRANCE SA,10000.0,,2021-06-22
Fourniture de prothèses orthopédiques et consommables associés pour le Centre hospitalier de Mâcon - Clou fémoral creux pour fractures trochantéro-diaphysaire,CENTRE HOSPITALIER LES CHANAUX,STRYKER FRANCE SA,40196.0,,2021-06-22
Fourniture de prothèses orthopédiques et consommables associés pour le Centre hospitalier de Mâcon - Vis d’interférence résorbable (acnillaire de visée tibiale en extension),CENTRE HOSPITALIER LES CHANAUX,ZIMMER BIOMET FRANCE,16031.0,,2021-06-22
Fourniture de prothèses orthopédiques et consommables associés pour le Centre hospitalier de Mâcon - Plaques et vis associées,CENTRE HOSPITALIER LES CHANAUX,JOHNSON & JOHNSON MEDICAL SAS,274000.0,,2021-06-22
"Fourniture de prothèses orthopédiques et consommables associés pour le Centre hospitalier de Mâcon - Plaque diaphysaire (droite) lisse, autre que pour fémur",CENTRE HOSPITALIER LES CHANAUX,JOHNSON & JOHNSON MEDICAL SAS,18840.0,,2021-06-22
"Fourniture de dispositifs médicaux de Cardiologie interventionnelle, de rythmologie, de chirurgie cardiaque et vasculaire - Sonde-Cathéter électrophysiologie Ablation fibrillation auriculaire-Diagnostic Cartographie 3D",GROUPEMENT HOSPITALIER DE TERRITOIRE GRAND PARIS NORD-EST (GROUPEMENT HOSPITALIER DE TERRITOIRE 93 EST),ABBOTT MEDICAL FRANCE SAS,654840.0,suspect,2021-06-22
Fourniture de prothèses orthopédiques et consommables associés pour le Centre hospitalier de Mâcon - Clou centromédullaire élastique stable type Metaizeau,CENTRE HOSPITALIER LES CHANAUX,JOHNSON & JOHNSON MEDICAL SAS,11958.0,,2021-06-22
Fourniture de prothèses orthopédiques et consommables associés pour le Centre hospitalier de Mâcon - Kit complet usage unique fixateur externe pour fracture du bassin,CENTRE HOSPITALIER LES CHANAUX,STRYKER FRANCE SA,24806.0,,2021-06-22
"Fourniture de prothèses orthopédiques et consommables associés pour le Centre hospitalier de Mâcon - Kit complet usage unique fixateur externe pour fracture du tibia, fémur, genou",CENTRE HOSPITALIER LES CHANAUX,STRYKER FRANCE SA,17054.0,,2021-06-22
Fourniture de prothèses orthopédiques et consommables associés pour le Centre hospitalier de Mâcon - Vis (dénommée aussi cheville) sécable stérile,CENTRE HOSPITALIER LES CHANAUX,STRYKER FRANCE SA,2170.0,,2021-06-22
Fourniture de prothèses orthopédiques et consommables associés pour le Centre hospitalier de Mâcon - Vis chevron à double filet canulée autotaraudeuse stérile,CENTRE HOSPITALIER LES CHANAUX,STRYKER FRANCE SA,3284.0,,2021-06-22
"Fourniture de dispositifs médicaux de Cardiologie interventionnelle, de rythmologie, de chirurgie cardiaque et vasculaire - Sonde-Cathéter électrophysiologie diagnostic décapolaire",GROUPEMENT HOSPITALIER DE TERRITOIRE GRAND PARIS NORD-EST (GROUPEMENT HOSPITALIER DE TERRITOIRE 93 EST),ABBOTT MEDICAL FRANCE SAS,12660.0,,2021-06-22
"Fourniture de dispositifs médicaux de Cardiologie interventionnelle, de rythmologie, de chirurgie cardiaque et vasculaire - Prothèse fermeture PFO (Foramen ovale perméable)",GROUPEMENT HOSPITALIER DE TERRITOIRE GRAND PARIS NORD-EST (GROUPEMENT HOSPITALIER DE TERRITOIRE 93 EST),ABBOTT MEDICAL FRANCE SAS,318625.2,,2021-06-22
Fourniture de prothèses orthopédiques et consommables associés pour le Centre hospitalier de Mâcon - Vis de SCARF stérile,CENTRE HOSPITALIER LES CHANAUX,STRYKER FRANCE SA,3250.0,,2021-06-22
Fourniture de prothèses orthopédiques et consommables associés pour le Centre hospitalier de Mâcon - Plaques et vis pour ostéosynthèse du radius,CENTRE HOSPITALIER LES CHANAUX,STRYKER FRANCE SA,58616.0,,2021-06-22
"Fourniture de dispositifs médicaux de Cardiologie interventionnelle, de rythmologie, de chirurgie cardiaque et vasculaire - Sonde-Cathéter électrophysiologie diagnostic décapolaire courbure variable",GROUPEMENT HOSPITALIER DE TERRITOIRE GRAND PARIS NORD-EST (GROUPEMENT HOSPITALIER DE TERRITOIRE 93 EST),BOSTON SCIENTIFIC,26640.0,,2021-06-22
"Fourniture de dispositifs médicaux de Cardiologie interventionnelle, de rythmologie, de chirurgie cardiaque et vasculaire - Sonde-Cathéter électrophysiologie diagnostic quadripolaire orientable",GROUPEMENT HOSPITALIER DE TERRITOIRE GRAND PARIS NORD-EST (GROUPEMENT HOSPITALIER DE TERRITOIRE 93 EST),BOSTON SCIENTIFIC,42240.0,,2021-06-22
"Fourniture de dispositifs médicaux de Cardiologie interventionnelle, de rythmologie, de chirurgie cardiaque et vasculaire - Sonde-Cathéter électrophysiologie ablation, irriguée avec mesure force de contact",GROUPEMENT HOSPITALIER DE TERRITOIRE GRAND PARIS NORD-EST (GROUPEMENT HOSPITALIER DE TERRITOIRE 93 EST),ABBOTT MEDICAL FRANCE SAS,251100.0,,2021-06-22
DMS Fermeture des Plaies Chir ou non-Prothèse résorbable  stérile Treillis Polyglactine + Polydioxanone LOT 13,CENTRE HOSPITALIER DE PAU,JOHNSON & JOHNSON MEDICAL SAS,7472.31,,2021-06-21
"Fourniture de Dispositifs Médicaux Implantables: Orthopédie et Traumatologie lots 8, 66, 68, 71",CENTRE HOSPITALIER VERDUN SAINT MIHIEL,STRYKER FRANCE SA,0.0,,2021-06-17
2020-006-MS031 Fournitures de dispositifs médicaux implantables d’Orthopédie et prestations associées pour le GHEM HOPITAL SIMONE VEIL EAUBONNE,RESEAU DES ACHETEURS HOSPITALIERS,ZIMMER BIOMET FRANCE,0.0,,2021-06-14
2020-006-MS031 Fournitures de dispositifs médicaux implantables d’Orthopédie et prestations associées pour le GHEM HOPITAL SIMONE VEIL EAUBONNE,RESEAU DES ACHETEURS HOSPITALIERS,STRYKER FRANCE SA,0.0,,2021-06-14
2020-006-MS031 Fournitures de dispositifs médicaux implantables d’Orthopédie et prestations associées pour le GHEM HOPITAL SIMONE VEIL EAUBONNE,RESEAU DES ACHETEURS HOSPITALIERS,MEDTRONIC FRANCE,0.0,,2021-06-14
2020-006-MS031 Fournitures de dispositifs médicaux implantables d’Orthopédie et prestations associées pour le GHEM HOPITAL SIMONE VEIL EAUBONNE,RESEAU DES ACHETEURS HOSPITALIERS,JOHNSON & JOHNSON MEDICAL SAS,0.0,,2021-06-14
Fourniture de dispositifs médicaux prothétiques implantables  et stériles à usage unique - FDV05,CENTRE HOSPITALIER REGIONAL DE MARSEILLE (ASSISTANCE PUBLIQUE-HOPITAUX MARSEILLE),MEDTRONIC FRANCE,159222.64,,2021-06-08
DISPOSITIFS MEDICAUX STERILES POUR CHIRURGIE ORTHOPEDIQUE - PROTHESE TOTALE DE POIGNET,CTRE HOSPITALIER UNIVERS PONTCHAILLOU,STRYKER FRANCE SA,12617.4,,2021-06-06
DISPOSITIFS MEDICAUX STERILES POUR CHIRURGIE ORTHOPEDIQUE - IMPLANT INTERPHALANGIEN PROXIMAL ANATOMIQUE,CTRE HOSPITALIER UNIVERS PONTCHAILLOU,STRYKER FRANCE SA,38207.2,,2021-06-03
DISPOSITIFS MEDICAUX STERILES POUR CHIRURGIE ORTHOPEDIQUE - PROTHESE TOTALE DE GENOU ASYMETRIQUE A PLATEAU FIXE,CTRE HOSPITALIER UNIVERS PONTCHAILLOU,ZIMMER BIOMET FRANCE,436109.05,,2021-06-01
DISPOSITIFS MEDICAUX STERILES POUR CHIRURGIE ORTHOPEDIQUE - PROTHESE UNICOMPARTIMENTALE DE GENOU A PLATEAU MOBILE,CTRE HOSPITALIER UNIVERS PONTCHAILLOU,ZIMMER BIOMET FRANCE,50922.9,,2021-06-01
DISPOSITIFS MEDICAUX STERILES POUR CHIRURGIE ORTHOPEDIQUE - PROTHESE PARTIELLE DE GENOU : FEMORO-PATELLAIRE,CTRE HOSPITALIER UNIVERS PONTCHAILLOU,ZIMMER BIOMET FRANCE,361.46,,2021-06-01
Fourniture de DMS Rythmologie - Cathéters d’électrophysiologie diagnostique décapolaire orientable,CENTRE HOSPITALIER D AUXERRE,ABBOTT MEDICAL FRANCE SAS,,,2021-05-31
Fourniture de DMS Rythmologie - Défibrillateur automatique implantable (DAI) triple,CENTRE HOSPITALIER D AUXERRE,BIOTRONIK FRANCE,0.0,,2021-05-31
Fourniture de DMS Rythmologie - Défibrillateur automatique implantable (DAI) triple,CENTRE HOSPITALIER D AUXERRE,MEDTRONIC FRANCE,0.0,,2021-05-31
Fourniture de DMS Rythmologie - Défibrillateur automatique implantable (DAI) simple chambre,CENTRE HOSPITALIER D AUXERRE,BIOTRONIK FRANCE,0.0,,2021-05-31
Fourniture de DMS Rythmologie - Défibrillateur automatique implantable (DAI) double chambre,CENTRE HOSPITALIER D AUXERRE,MEDTRONIC FRANCE,,,2021-05-31
Fourniture de DMS Rythmologie - Défibrillateur automatique implantable (DAI) simple chambre sous cutané,CENTRE HOSPITALIER D AUXERRE,BOSTON SCIENTIFIC,,,2021-05-31
Fourniture de DMS Rythmologie - Défibrillateur automatique implantable (DAI) simple chambre,CENTRE HOSPITALIER D AUXERRE,BOSTON SCIENTIFIC,0.0,,2021-05-31
Fourniture de DMS Rythmologie - Défibrillateur automatique implantable (DAI) simple chambre,CENTRE HOSPITALIER D AUXERRE,MEDTRONIC FRANCE,0.0,,2021-05-31
Fourniture de DMS Rythmologie - Défibrillateur automatique implantable (DAI) simple chambre avec détection auriculaire,CENTRE HOSPITALIER D AUXERRE,BIOTRONIK FRANCE,,,2021-05-31
Fourniture de DMS Rythmologie - Défibrillateur automatique implantable (DAI) triple,CENTRE HOSPITALIER D AUXERRE,ABBOTT MEDICAL FRANCE SAS,0.0,,2021-05-31
Fourniture de DMS Rythmologie - Défibrillateur automatique implantable (DAI) triple,CENTRE HOSPITALIER D AUXERRE,BOSTON SCIENTIFIC,0.0,,2021-05-31
Fourniture de DMS Rythmologie - Holter implantable,CENTRE HOSPITALIER D AUXERRE,BIOTRONIK FRANCE,0.0,,2021-05-31
Fourniture de DMS Rythmologie - Holter implantable,CENTRE HOSPITALIER D AUXERRE,MEDTRONIC FRANCE,0.0,,2021-05-31
Fourniture de DMS Rythmologie - Cathéters d’ablation orientables bidirectionnels par radiofréquence 8mm 8 French avec capteur thermique,CENTRE HOSPITALIER D AUXERRE,BOSTON SCIENTIFIC,,,2021-05-31
Fourniture de DMS Rythmologie - Holter implantable,CENTRE HOSPITALIER D AUXERRE,ABBOTT MEDICAL FRANCE SAS,0.0,,2021-05-31
Fourniture de DMS Rythmologie - Défibrillateur automatique implantable (DAI) simple chambre,CENTRE HOSPITALIER D AUXERRE,ABBOTT MEDICAL FRANCE SAS,0.0,,2021-05-31
DISPOSITIFS MEDICAUX STERILES POUR CHIRURGIE ORTHOPEDIQUE - PROTHESE TOTALE DE GENOU DE REVISION,CTRE HOSPITALIER UNIVERS PONTCHAILLOU,JOHNSON & JOHNSON MEDICAL SAS,144103.2,,2021-05-27
DISPOSITIFS MEDICAUX STERILES POUR CHIRURGIE ORTHOPEDIQUE - PROTHESE FEMORALE A TETE MODULAIRE SANS CIMENT,CTRE HOSPITALIER UNIVERS PONTCHAILLOU,JOHNSON & JOHNSON MEDICAL SAS,346036.63,,2021-05-27
DISPOSITIFS MEDICAUX STERILES POUR CHIRURGIE ORTHOPEDIQUE - PROTHESE FEMORALE A TETE MODULAIRE,CTRE HOSPITALIER UNIVERS PONTCHAILLOU,ZIMMER BIOMET FRANCE,955044.43,,2021-05-27
DISPOSITIFS MEDICAUX STERILES POUR CHIRURGIE ORTHOPEDIQUE - PROTHESE MASSIVE POUR TUMEUR HANCHE ET GENOU,CTRE HOSPITALIER UNIVERS PONTCHAILLOU,JOHNSON & JOHNSON MEDICAL SAS,50845.5,,2021-05-27
DISPOSITIFS MEDICAUX STERILES POUR CHIRURGIE ORTHOPEDIQUE - PROTHESE TOTALE DE GENOU - CHIRURGIE ASSISTEE PAR ORDINATEUR,CTRE HOSPITALIER UNIVERS PONTCHAILLOU,JOHNSON & JOHNSON MEDICAL SAS,289232.8,,2021-05-27
DISPOSITIFS MEDICAUX STERILES POUR CHIRURGIE ORTHOPEDIQUE - PROTHESE UNICOMPARTIMENTALE DE GENOU A PLATEAU FIXE,CTRE HOSPITALIER UNIVERS PONTCHAILLOU,JOHNSON & JOHNSON MEDICAL SAS,2501.51,,2021-05-27
Fourniture de dispositifs médicaux prothétiques implantables  et stériles à usage unique - FDV21,CENTRE HOSPITALIER REGIONAL DE MARSEILLE (ASSISTANCE PUBLIQUE-HOPITAUX MARSEILLE),STRYKER FRANCE SA,6720.0,,2021-05-20
"Fourniture de DISPOSITIFS MÉDICAUX CONSOMMABLES POUR ORTHOPÉDIE, TRAUMATOLOGIE & CHIRURGIE MAXILLO-FACIALE, STÉRILES ET NON STÉRILES - Pour le CHM, le CH de La Ferté Bernard et le PSSL - (dans le cadre du GHT 72) - T/ PROTHESE TOTALE D’EPAULE INVERS...",HOPITAL LE MANS,JOHNSON & JOHNSON MEDICAL SAS,10572.0,,2021-05-20
"Fourniture de DISPOSITIFS MÉDICAUX CONSOMMABLES POUR ORTHOPÉDIE, TRAUMATOLOGIE & CHIRURGIE MAXILLO-FACIALE, STÉRILES ET NON STÉRILES - Pour le CHM, le CH de La Ferté Bernard et le PSSL - (dans le cadre du GHT 72) - T/ PROTHESE TOTALE D’EPAULE ANATOM...",HOPITAL LE MANS,JOHNSON & JOHNSON MEDICAL SAS,8279.0,,2021-05-20
"Fourniture de DISPOSITIFS MÉDICAUX CONSOMMABLES POUR ORTHOPÉDIE, TRAUMATOLOGIE & CHIRURGIE MAXILLO-FACIALE, STÉRILES ET NON STÉRILES - Pour le CHM, le CH de La Ferté Bernard et le PSSL - (dans le cadre du GHT 72) - S/ PROTHESE DE GENOU UNICOMPARTIME...",HOPITAL LE MANS,ZIMMER BIOMET FRANCE,63960.0,,2021-05-20
"Fourniture de DISPOSITIFS MÉDICAUX CONSOMMABLES POUR ORTHOPÉDIE, TRAUMATOLOGIE & CHIRURGIE MAXILLO-FACIALE, STÉRILES ET NON STÉRILES - Pour le CHM, le CH de La Ferté Bernard et le PSSL - (dans le cadre du GHT 72) - P/ IMPLANTS DE CERCLAGE AVEC PLAQUES",HOPITAL LE MANS,ZIMMER BIOMET FRANCE,102284.0,,2021-05-20
"Fourniture de DISPOSITIFS MÉDICAUX CONSOMMABLES POUR ORTHOPÉDIE, TRAUMATOLOGIE & CHIRURGIE MAXILLO-FACIALE, STÉRILES ET NON STÉRILES - Pour le CHM, le CH de La Ferté Bernard et le PSSL - (dans le cadre du GHT 72) - J/ IMPLANT INTRAVERTEBRAL POUR RED...",HOPITAL LE MANS,STRYKER FRANCE SA,72860.0,,2021-05-20
2020-006-MS034 - Fournitures de dispositifs médicaux implantables d’Orthopédie et prestations associées CH AIGLE,RESEAU DES ACHETEURS HOSPITALIERS,ZIMMER BIOMET FRANCE,0.0,,2021-05-19
2020-006-MS034 - Fournitures de dispositifs médicaux implantables d’Orthopédie et prestations associées CH AIGLE,RESEAU DES ACHETEURS HOSPITALIERS,JOHNSON & JOHNSON MEDICAL SAS,0.0,,2021-05-19
2020-006-MS034 - Fournitures de dispositifs médicaux implantables d’Orthopédie et prestations associées CH AIGLE,RESEAU DES ACHETEURS HOSPITALIERS,STRYKER FRANCE SA,0.0,,2021-05-19
2020-006-MS038 - Fournitures de dispositifs médicaux implantables d’Orthopédie et prestations associées - CH CHALON SUR SAONE,RESEAU DES ACHETEURS HOSPITALIERS,STRYKER FRANCE SA,0.0,,2021-05-10
Fourniture de dispositifs médicaux prothétiques implantables  et stériles à usage unique - FDV21,CENTRE HOSPITALIER REGIONAL DE MARSEILLE (ASSISTANCE PUBLIQUE-HOPITAUX MARSEILLE),MEDTRONIC FRANCE,26498.0,,2021-05-10
2020-006-MS038 - Fournitures de dispositifs médicaux implantables d’Orthopédie et prestations associées - CH CHALON SUR SAONE,RESEAU DES ACHETEURS HOSPITALIERS,JOHNSON & JOHNSON MEDICAL SAS,0.0,,2021-05-10
"Dispositifs médicaux stériles pour endoscopie digestive et bronchique, comportant 59 lots - Endoprothèse biliaire métallique couverte",CTRE HOSPITALIER UNIVERS PONTCHAILLOU,BOSTON SCIENTIFIC,149819.4,,2021-05-06
"Dispositifs médicaux stériles pour endoscopie digestive et bronchique, comportant 59 lots - Endoprothèse biliaire métallique non couverte",CTRE HOSPITALIER UNIVERS PONTCHAILLOU,BOSTON SCIENTIFIC,199759.2,,2021-05-06
"Dispositifs médicaux stériles pour endoscopie digestive et bronchique, comportant 59 lots - Endoprothèse trachéale métallique auto-expansible couverte",CTRE HOSPITALIER UNIVERS PONTCHAILLOU,BOSTON SCIENTIFIC,2496.99,,2021-05-06
"Dispositifs médicaux stériles pour endoscopie digestive et bronchique, comportant 59 lots - Endoprothèse biliaire",CTRE HOSPITALIER UNIVERS PONTCHAILLOU,BOSTON SCIENTIFIC,14826.0,,2021-05-06
"26 - CA - Prothèse de reprise résection
38 - GA - Implant pour traitement de fracture vertébrale
44 - IB - Substitut osseux taillé sur mesure en Peek",CENTRE HOSPITALIER REGIONAL UNIVERSITAIRE DE TOURS (CHRU TROUSSEAU CHAMBRAY),STRYKER FRANCE SA,808050.6,,2021-05-03
Fourniture de prothèse vasculaire modulaire pose endoluminale AO 2021-12,CENTRE HOSPITALIER UNIVERSITAIRE D ORLEANS (HOPITAL MADELEINE ORLEANS),MEDTRONIC FRANCE,76191.4,,2021-05-01
Fourniture de dispositifs médicaux prothétiques implantables  et stériles à usage unique - FDV21,CENTRE HOSPITALIER REGIONAL DE MARSEILLE (ASSISTANCE PUBLIQUE-HOPITAUX MARSEILLE),MEDTRONIC FRANCE,280420.8,,2021-04-30
Fourniture de dispositifs médicaux prothétiques implantables - FDV04,CENTRE HOSPITALIER REGIONAL DE MARSEILLE (ASSISTANCE PUBLIQUE-HOPITAUX MARSEILLE),MEDTRONIC FRANCE,18000.0,,2021-04-30
Fourniture de dispositifs médicaux prothétiques implantables - FDV04,CENTRE HOSPITALIER REGIONAL DE MARSEILLE (ASSISTANCE PUBLIQUE-HOPITAUX MARSEILLE),MEDTRONIC FRANCE,27280.0,,2021-04-30
Fourniture de dispositifs médicaux prothétiques implantables - FDV04,CENTRE HOSPITALIER REGIONAL DE MARSEILLE (ASSISTANCE PUBLIQUE-HOPITAUX MARSEILLE),BOSTON SCIENTIFIC,9680.0,,2021-04-30
Fourniture de dispositifs médicaux stériles pour la cardiologie interventionnelle du Centre Hospitalier Universitaire de Rouen - 71 lots - CATHETER A BALLONNET NON COMPLIANT POUR ANGIOPLASTIE CORONAIRE COURANTE,CENTRE HOSPITALIER UNIVERSITAIRE ROUEN (HOPITAL CHARLES NICOLLE CHU ROUEN),BOSTON SCIENTIFIC,67600.0,,2021-04-29
Fourniture de dispositifs médicaux stériles pour la cardiologie interventionnelle du Centre Hospitalier Universitaire de Rouen - 71 lots - CATHETER A BALLONNET NON COMPLIANT POUR ANGIOPLASTIE CORONAIRE COURANTE,CENTRE HOSPITALIER UNIVERSITAIRE ROUEN (HOPITAL CHARLES NICOLLE CHU ROUEN),MEDTRONIC FRANCE,71500.0,,2021-04-29
Fourniture de dispositifs médicaux stériles pour la cardiologie interventionnelle du Centre Hospitalier Universitaire de Rouen - 71 lots - CATHETER DE MESURE DE PRESSION DE LA RESERVE CORONAIRE (FFR),CENTRE HOSPITALIER UNIVERSITAIRE ROUEN (HOPITAL CHARLES NICOLLE CHU ROUEN),ABBOTT MEDICAL FRANCE SAS,159998.0,,2021-04-29
"3 - AC - Prothèse fémorale à cimenter modulaire
23 - BF - Prothèse unicompartimentale externe de genou",CENTRE HOSPITALIER REGIONAL UNIVERSITAIRE DE TOURS (CHRU TROUSSEAU CHAMBRAY),ZIMMER BIOMET FRANCE,168441.9,,2021-04-26
"FOURNITURE DE DISPOSITIFS MÉDICAUX ET/OU IMPLANTABLES DE LA SOCIETE STRYKER : Accord-cadre à bons de commande mono-attributaire, sans minimum ni maximum en valeur ou en quantité, exécutoire de la date de sa notification jusqu’au 31/01/2022, l’accord-cadre",CENTRE HOSPITALIER REGIONAL UNIVERSITAIRE DE NANCY,STRYKER FRANCE SA,884987.81,,2021-04-26
"FOURNITURE DE DISPOSITIFS MÉDICAUX ET/OU IMPLANTABLES DE LA SOCIETE JOHNSON & JOHNSON MEDICAL : Accord-cadre à bons de commande mono-attributaire, sans minimum ni maximum en valeur ou en quantité, exécutoire de la date de sa notification jusqu’au 31/0",CENTRE HOSPITALIER REGIONAL UNIVERSITAIRE DE NANCY,JOHNSON & JOHNSON MEDICAL SAS,309167.56,,2021-04-22
DM OPH ORL-Implant silicone lot 25,CENTRE HOSPITALIER DE PAU,MEDTRONIC FRANCE,5301.7,,2021-04-20
Fourniture de dispositifs médicaux prothétiques implantables  et stériles à usage unique - FDV21,CENTRE HOSPITALIER REGIONAL DE MARSEILLE (ASSISTANCE PUBLIQUE-HOPITAUX MARSEILLE),MEDTRONIC FRANCE,154333.2,,2021-04-19
DISPOSITIFS MEDICAUX STERILE POUR CHIRURGIE CARDIAQUE ET VASCULAIRE - PROTHESE VASCULAIRE POLYESTER TRICOTE DROITE ET BIFURQUEE AVEC REVETEMENT ANTIMICROBIEN,CTRE HOSPITALIER UNIVERS PONTCHAILLOU,GETINGE FRANCE,133722.0,,2021-04-14
DISPOSITIFS MEDICAUX STERILE POUR CHIRURGIE CARDIAQUE ET VASCULAIRE - PROTHESE VASCULAIRE DE RACINE AORTIQUE POLYESTER TISSE MONOBLOC,CTRE HOSPITALIER UNIVERS PONTCHAILLOU,GETINGE FRANCE,31302.45,,2021-04-14
2020-006-MS020 Fournitures de dispositifs médicaux implantables d’Orthopédie et prestations associées HOPITAL FOCH SURESNES,RESEAU DES ACHETEURS HOSPITALIERS,STRYKER FRANCE SA,0.0,,2021-04-13
2020-006-000-025 Fournitures de dispositifs médicaux implantables d’Orthopédie et prestations associées CH FERNAND LEGER,RESEAU DES ACHETEURS HOSPITALIERS,ZIMMER BIOMET FRANCE,0.0,,2021-04-09
2020-006-000-025 Fournitures de dispositifs médicaux implantables d’Orthopédie et prestations associées CH FERNAND LEGER,RESEAU DES ACHETEURS HOSPITALIERS,JOHNSON & JOHNSON MEDICAL SAS,0.0,,2021-04-09
2020-006-000-025 Fournitures de dispositifs médicaux implantables d’Orthopédie et prestations associées CH FERNAND LEGER,RESEAU DES ACHETEURS HOSPITALIERS,STRYKER FRANCE SA,0.0,,2021-04-09
DM électrophysiologie-Défibrillateur Simple Chambre lot 5,CENTRE HOSPITALIER DE PAU,BOSTON SCIENTIFIC,388751.18,,2021-04-06
DM électrophysiologie-Défibrillateur sonde sous cutanée LOT 6,CENTRE HOSPITALIER DE PAU,BOSTON SCIENTIFIC,439215.67,,2021-04-06
DM électrophysiologie-Défibrillateur Double Chambre lot 7,CENTRE HOSPITALIER DE PAU,BOSTON SCIENTIFIC,448496.82,,2021-04-06
DM électrophysiologie-Dispositifs médicaux pour pose de Stimulateurs et de Défibrillateurs lot 12,CENTRE HOSPITALIER DE PAU,MEDTRONIC FRANCE,4760.46,,2021-04-06
DM électrophysiologie-Défibrillateur Triple Chambre lot  8,CENTRE HOSPITALIER DE PAU,MEDTRONIC FRANCE,1317606.56,,2021-04-06
2020-006-MS027 Fournitures de dispositifs médicaux implantables d’Orthopédie et prestations associées CH SUD ESSONNE-DOURDAN-ETAMPES (GHTP IDF SUD),RESEAU DES ACHETEURS HOSPITALIERS,STRYKER FRANCE SA,0.0,,2021-03-31
2020-006-MS027 Fournitures de dispositifs médicaux implantables d’Orthopédie et prestations associées CH SUD ESSONNE-DOURDAN-ETAMPES (GHTP IDF SUD),RESEAU DES ACHETEURS HOSPITALIERS,JOHNSON & JOHNSON MEDICAL SAS,0.0,,2021-03-31
Fourniture de dispositifs médicaux prothétiques implantables  et stériles à usage unique - FDV02-bis,CENTRE HOSPITALIER REGIONAL DE MARSEILLE (ASSISTANCE PUBLIQUE-HOPITAUX MARSEILLE),ABBOTT MEDICAL FRANCE SAS,66212.0,,2021-03-26
Fourniture de dispositifs médicaux prothétiques implantables  et stériles à usage unique - FDV02,CENTRE HOSPITALIER REGIONAL DE MARSEILLE (ASSISTANCE PUBLIQUE-HOPITAUX MARSEILLE),MEDTRONIC FRANCE,224420.0,,2021-03-26
2020-006-MS022 Fournitures de dispositifs médicaux implantables d’Orthopédie et prestations associées CH GONESSE,RESEAU DES ACHETEURS HOSPITALIERS,ZIMMER BIOMET FRANCE,0.0,,2021-03-24
2020-006-MS022 Fournitures de dispositifs médicaux implantables d’Orthopédie et prestations associées CH GONESSE,RESEAU DES ACHETEURS HOSPITALIERS,JOHNSON & JOHNSON MEDICAL SAS,0.0,,2021-03-24
2020-006-MS022 Fournitures de dispositifs médicaux implantables d’Orthopédie et prestations associées CH GONESSE,RESEAU DES ACHETEURS HOSPITALIERS,STRYKER FRANCE SA,0.0,,2021-03-24
2020-006-MS024 Fournitures de dispositifs médicaux implantables d’Orthopédie et prestations associées CH Versailles,RESEAU DES ACHETEURS HOSPITALIERS,JOHNSON & JOHNSON MEDICAL SAS,0.0,,2021-03-22
2020-006-MS024 Fournitures de dispositifs médicaux implantables d’Orthopédie et prestations associées CH Versailles,RESEAU DES ACHETEURS HOSPITALIERS,STRYKER FRANCE SA,0.0,,2021-03-22
2020-006-MS024 Fournitures de dispositifs médicaux implantables d’Orthopédie et prestations associées CH Versailles,RESEAU DES ACHETEURS HOSPITALIERS,ZIMMER BIOMET FRANCE,0.0,,2021-03-22
2020-006-MS026 - Fournitures de dispositifs médicaux implantables d’Orthopédie et prestations associéesCH RAMBOUILLET,RESEAU DES ACHETEURS HOSPITALIERS,STRYKER FRANCE SA,0.0,,2021-03-18
2020-006-MS026 - Fournitures de dispositifs médicaux implantables d’Orthopédie et prestations associéesCH RAMBOUILLET,RESEAU DES ACHETEURS HOSPITALIERS,JOHNSON & JOHNSON MEDICAL SAS,0.0,,2021-03-18
2020-006-MS026 - Fournitures de dispositifs médicaux implantables d’Orthopédie et prestations associéesCH RAMBOUILLET,RESEAU DES ACHETEURS HOSPITALIERS,ZIMMER BIOMET FRANCE,0.0,,2021-03-18
Fourniture de dispositifs médicaux prothétiques implantables  et stériles à usage unique - FDV21,CENTRE HOSPITALIER REGIONAL DE MARSEILLE (ASSISTANCE PUBLIQUE-HOPITAUX MARSEILLE),MEDTRONIC FRANCE,755002.4,,2021-03-12
Fourniture de dispositifs médicaux prothétiques implantables  et stériles à usage unique - FDV21,CENTRE HOSPITALIER REGIONAL DE MARSEILLE (ASSISTANCE PUBLIQUE-HOPITAUX MARSEILLE),MEDTRONIC FRANCE,257723.08,,2021-03-12
Fourniture de dispositifs médicaux prothétiques implantables  et stériles à usage unique - FDV21,CENTRE HOSPITALIER REGIONAL DE MARSEILLE (ASSISTANCE PUBLIQUE-HOPITAUX MARSEILLE),MEDTRONIC FRANCE,19880.0,,2021-03-12
Fourniture de dispositifs médicaux prothétiques implantables  et stériles à usage unique - FDV21,CENTRE HOSPITALIER REGIONAL DE MARSEILLE (ASSISTANCE PUBLIQUE-HOPITAUX MARSEILLE),MEDTRONIC FRANCE,195996.0,,2021-03-12
Fourniture de dispositifs médicaux prothétiques implantables  et stériles à usage unique - FDV21,CENTRE HOSPITALIER REGIONAL DE MARSEILLE (ASSISTANCE PUBLIQUE-HOPITAUX MARSEILLE),MEDTRONIC FRANCE,16000.0,,2021-03-12
Fourniture de dispositifs médicaux prothétiques implantables  et stériles à usage unique - FDV21,CENTRE HOSPITALIER REGIONAL DE MARSEILLE (ASSISTANCE PUBLIQUE-HOPITAUX MARSEILLE),MEDTRONIC FRANCE,36120.0,,2021-03-12
Fourniture de dispositifs médicaux prothétiques implantables  et stériles à usage unique - FDV21,CENTRE HOSPITALIER REGIONAL DE MARSEILLE (ASSISTANCE PUBLIQUE-HOPITAUX MARSEILLE),MEDTRONIC FRANCE,457353.6,,2021-03-12
Fourniture de dispositifs médicaux prothétiques implantables  et stériles à usage unique - FDV21,CENTRE HOSPITALIER REGIONAL DE MARSEILLE (ASSISTANCE PUBLIQUE-HOPITAUX MARSEILLE),MEDTRONIC FRANCE,33000.0,,2021-03-12
Fourniture de dispositifs médicaux prothétiques implantables  et stériles à usage unique - FDV21,CENTRE HOSPITALIER REGIONAL DE MARSEILLE (ASSISTANCE PUBLIQUE-HOPITAUX MARSEILLE),MEDTRONIC FRANCE,4181147.4,,2021-03-12
Fourniture de dispositifs médicaux prothétiques implantables  et stériles à usage unique - FDV21,CENTRE HOSPITALIER REGIONAL DE MARSEILLE (ASSISTANCE PUBLIQUE-HOPITAUX MARSEILLE),MEDTRONIC FRANCE,129160.0,,2021-03-11
Fourniture de dispositifs médicaux prothétiques implantables  et stériles à usage unique - FDV21,CENTRE HOSPITALIER REGIONAL DE MARSEILLE (ASSISTANCE PUBLIQUE-HOPITAUX MARSEILLE),MEDTRONIC FRANCE,97432.0,,2021-03-11
Fourniture de dispositifs médicaux prothétiques implantables  et stériles à usage unique - FDV21,CENTRE HOSPITALIER REGIONAL DE MARSEILLE (ASSISTANCE PUBLIQUE-HOPITAUX MARSEILLE),MEDTRONIC FRANCE,95440.0,,2021-03-11
Fourniture de dispositifs médicaux prothétiques implantables  et stériles à usage unique - FDV21,CENTRE HOSPITALIER REGIONAL DE MARSEILLE (ASSISTANCE PUBLIQUE-HOPITAUX MARSEILLE),MEDTRONIC FRANCE,841621.08,,2021-03-11
Fourniture de dispositifs médicaux prothétiques implantables  et stériles à usage unique - FDV21,CENTRE HOSPITALIER REGIONAL DE MARSEILLE (ASSISTANCE PUBLIQUE-HOPITAUX MARSEILLE),MEDTRONIC FRANCE,9600.0,,2021-03-11
Fourniture de dispositifs médicaux prothétiques implantables  et stériles à usage unique - FDV21,CENTRE HOSPITALIER REGIONAL DE MARSEILLE (ASSISTANCE PUBLIQUE-HOPITAUX MARSEILLE),BOSTON SCIENTIFIC,23721.6,,2021-03-10
Fourniture de dispositifs médicaux prothétiques implantables  et stériles à usage unique - FDV21,CENTRE HOSPITALIER REGIONAL DE MARSEILLE (ASSISTANCE PUBLIQUE-HOPITAUX MARSEILLE),BOSTON SCIENTIFIC,55271.8,,2021-03-10
Fourniture de dispositifs médicaux prothétiques implantables  et stériles à usage unique - FDV21,CENTRE HOSPITALIER REGIONAL DE MARSEILLE (ASSISTANCE PUBLIQUE-HOPITAUX MARSEILLE),BOSTON SCIENTIFIC,22420.8,,2021-03-10
Fourniture de dispositifs médicaux prothétiques implantables  et stériles à usage unique - FDV21,CENTRE HOSPITALIER REGIONAL DE MARSEILLE (ASSISTANCE PUBLIQUE-HOPITAUX MARSEILLE),ABBOTT MEDICAL FRANCE SAS,863851.2,,2021-03-10
Fourniture de dispositifs médicaux prothétiques implantables  et stériles à usage unique - FDV21,CENTRE HOSPITALIER REGIONAL DE MARSEILLE (ASSISTANCE PUBLIQUE-HOPITAUX MARSEILLE),BOSTON SCIENTIFIC,414960.0,,2021-03-10
Fourniture de dispositifs médicaux prothétiques implantables  et stériles à usage unique - FDV21,CENTRE HOSPITALIER REGIONAL DE MARSEILLE (ASSISTANCE PUBLIQUE-HOPITAUX MARSEILLE),BOSTON SCIENTIFIC,8800.0,,2021-03-10
Fourniture de dispositifs médicaux prothétiques implantables  et stériles à usage unique - FDV21,CENTRE HOSPITALIER REGIONAL DE MARSEILLE (ASSISTANCE PUBLIQUE-HOPITAUX MARSEILLE),BOSTON SCIENTIFIC,297650.84,,2021-03-10
Fourniture de dispositifs médicaux prothétiques implantables  et stériles à usage unique - FDV21,CENTRE HOSPITALIER REGIONAL DE MARSEILLE (ASSISTANCE PUBLIQUE-HOPITAUX MARSEILLE),ABBOTT MEDICAL FRANCE SAS,11915.6,,2021-03-10
Fourniture de dispositifs médicaux prothétiques implantables  et stériles à usage unique - FDV21,CENTRE HOSPITALIER REGIONAL DE MARSEILLE (ASSISTANCE PUBLIQUE-HOPITAUX MARSEILLE),BOSTON SCIENTIFIC,690802.6,,2021-03-10
Fourniture de dispositifs médicaux prothétiques implantables  et stériles à usage unique - FDV21,CENTRE HOSPITALIER REGIONAL DE MARSEILLE (ASSISTANCE PUBLIQUE-HOPITAUX MARSEILLE),BOSTON SCIENTIFIC,568490.62,,2021-03-10
Fourniture de dispositifs médicaux prothétiques implantables  et stériles à usage unique - FDV21,CENTRE HOSPITALIER REGIONAL DE MARSEILLE (ASSISTANCE PUBLIQUE-HOPITAUX MARSEILLE),BOSTON SCIENTIFIC,322400.0,,2021-03-10
Fourniture de dispositifs médicaux prothétiques implantables  et stériles à usage unique - FDV21,CENTRE HOSPITALIER REGIONAL DE MARSEILLE (ASSISTANCE PUBLIQUE-HOPITAUX MARSEILLE),BOSTON SCIENTIFIC,800.0,,2021-03-10
Fourniture de dispositifs médicaux prothétiques implantables  et stériles à usage unique - FDV21,CENTRE HOSPITALIER REGIONAL DE MARSEILLE (ASSISTANCE PUBLIQUE-HOPITAUX MARSEILLE),BOSTON SCIENTIFIC,26634.56,,2021-03-10
Fourniture de dispositifs médicaux prothétiques implantables  et stériles à usage unique - FDV21,CENTRE HOSPITALIER REGIONAL DE MARSEILLE (ASSISTANCE PUBLIQUE-HOPITAUX MARSEILLE),BOSTON SCIENTIFIC,15814.4,,2021-03-10
Fourniture de dispositifs médicaux prothétiques implantables  et stériles à usage unique - FDV21,CENTRE HOSPITALIER REGIONAL DE MARSEILLE (ASSISTANCE PUBLIQUE-HOPITAUX MARSEILLE),BOSTON SCIENTIFIC,166466.0,,2021-03-10
Fourniture de dispositifs médicaux prothétiques implantables  et stériles à usage unique - FDV21,CENTRE HOSPITALIER REGIONAL DE MARSEILLE (ASSISTANCE PUBLIQUE-HOPITAUX MARSEILLE),JOHNSON & JOHNSON MEDICAL SAS,25225.0,,2021-03-09
Fourniture de dispositifs médicaux prothétiques implantables  et stériles à usage unique - FDV21,CENTRE HOSPITALIER REGIONAL DE MARSEILLE (ASSISTANCE PUBLIQUE-HOPITAUX MARSEILLE),STRYKER FRANCE SA,16139.0,,2021-03-09
Fourniture de dispositifs médicaux prothétiques implantables  et stériles à usage unique - FDV21,CENTRE HOSPITALIER REGIONAL DE MARSEILLE (ASSISTANCE PUBLIQUE-HOPITAUX MARSEILLE),JOHNSON & JOHNSON MEDICAL SAS,18332.0,,2021-03-09
Fourniture de dispositifs médicaux prothétiques implantables  et stériles à usage unique - FDV21,CENTRE HOSPITALIER REGIONAL DE MARSEILLE (ASSISTANCE PUBLIQUE-HOPITAUX MARSEILLE),JOHNSON & JOHNSON MEDICAL SAS,57750.0,,2021-03-09
Fourniture de dispositifs médicaux prothétiques implantables  et stériles à usage unique - FDV21,CENTRE HOSPITALIER REGIONAL DE MARSEILLE (ASSISTANCE PUBLIQUE-HOPITAUX MARSEILLE),JOHNSON & JOHNSON MEDICAL SAS,16816.8,,2021-03-09
Fourniture de dispositifs médicaux prothétiques implantables  et stériles à usage unique - FDV21,CENTRE HOSPITALIER REGIONAL DE MARSEILLE (ASSISTANCE PUBLIQUE-HOPITAUX MARSEILLE),JOHNSON & JOHNSON MEDICAL SAS,9408.0,,2021-03-09
Fourniture de dispositifs médicaux prothétiques implantables  et stériles à usage unique - FDV21,CENTRE HOSPITALIER REGIONAL DE MARSEILLE (ASSISTANCE PUBLIQUE-HOPITAUX MARSEILLE),JOHNSON & JOHNSON MEDICAL SAS,21168.0,,2021-03-09
2020-006-MS019 Fournitures de dispositifs médicaux implantables d’Orthopédie et prestations associées CHU MEULAN LES MUREAUX,RESEAU DES ACHETEURS HOSPITALIERS,MEDTRONIC FRANCE,0.0,,2021-03-04
2020-006-MS019 Fournitures de dispositifs médicaux implantables d’Orthopédie et prestations associées CHU MEULAN LES MUREAUX,RESEAU DES ACHETEURS HOSPITALIERS,STRYKER FRANCE SA,0.0,,2021-03-04
2020-006-MS019 Fournitures de dispositifs médicaux implantables d’Orthopédie et prestations associées CHU MEULAN LES MUREAUX,RESEAU DES ACHETEURS HOSPITALIERS,ZIMMER BIOMET FRANCE,0.0,,2021-03-04
2020-006-MS019 Fournitures de dispositifs médicaux implantables d’Orthopédie et prestations associées CHU MEULAN LES MUREAUX,RESEAU DES ACHETEURS HOSPITALIERS,JOHNSON & JOHNSON MEDICAL SAS,0.0,,2021-03-04
2020-006 MS021 Fournitures de dispositifs médicaux implantables d’Orthopédie et prestations associées GHI LE RAINCY-MONTFERMEIL,RESEAU DES ACHETEURS HOSPITALIERS,MEDTRONIC FRANCE,0.0,,2021-03-03
2020-006 MS021 Fournitures de dispositifs médicaux implantables d’Orthopédie et prestations associées GHI LE RAINCY-MONTFERMEIL,RESEAU DES ACHETEURS HOSPITALIERS,STRYKER FRANCE SA,0.0,,2021-03-03
2020-006 MS021 Fournitures de dispositifs médicaux implantables d’Orthopédie et prestations associées GHI LE RAINCY-MONTFERMEIL,RESEAU DES ACHETEURS HOSPITALIERS,ZIMMER BIOMET FRANCE,0.0,,2021-03-03
2020-006 MS021 Fournitures de dispositifs médicaux implantables d’Orthopédie et prestations associées GHI LE RAINCY-MONTFERMEIL,RESEAU DES ACHETEURS HOSPITALIERS,JOHNSON & JOHNSON MEDICAL SAS,0.0,,2021-03-03
2020-006-MS007 Fournitures de dispositifs médicaux implantables d’Orthopédie et prestations associéesCHI Robert Ballanger - AULNAY SOUS BOIS ,RESEAU DES ACHETEURS HOSPITALIERS,STRYKER FRANCE SA,0.0,,2021-03-02
AOO-2020-2165 à 2212 Fourniture de dispositifs médicaux d’orthopédie et de traumatologie pour le Centre Hospitalier de Sambre Avesnois. - Prothèse totale de genou de reprise,CENTRE HOSPITALIER DE VALENCIENNES,ZIMMER BIOMET FRANCE,19941.4,,2021-03-02
2020-006-MS007 Fournitures de dispositifs médicaux implantables d’Orthopédie et prestations associéesCHI Robert Ballanger - AULNAY SOUS BOIS ,RESEAU DES ACHETEURS HOSPITALIERS,JOHNSON & JOHNSON MEDICAL SAS,0.0,,2021-03-02
AOO-2020-2165 à 2212 Fourniture de dispositifs médicaux d’orthopédie et de traumatologie pour le Centre Hospitalier de Sambre Avesnois. - Prothèse totale de genou (tricompartimentale),CENTRE HOSPITALIER DE VALENCIENNES,ZIMMER BIOMET FRANCE,70392.3,,2021-03-02
AOO-2020-2165 à 2212 Fourniture de dispositifs médicaux d’orthopédie et de traumatologie pour le Centre Hospitalier de Sambre Avesnois. - Prothèse de genou unicompartimentale,CENTRE HOSPITALIER DE VALENCIENNES,ZIMMER BIOMET FRANCE,6885.5,,2021-03-02
AOO-2020-2165 à 2212 Fourniture de dispositifs médicaux d’orthopédie et de traumatologie pour le Centre Hospitalier de Sambre Avesnois. - Prothèse de genou fémoro-patellaire,CENTRE HOSPITALIER DE VALENCIENNES,ZIMMER BIOMET FRANCE,2464.2,,2021-03-02
2020-006-MS007 Fournitures de dispositifs médicaux implantables d’Orthopédie et prestations associéesCHI Robert Ballanger - AULNAY SOUS BOIS ,RESEAU DES ACHETEURS HOSPITALIERS,ZIMMER BIOMET FRANCE,0.0,,2021-03-02
2020-006-MS017 Fournitures de dispositifs médicaux implantables d’Orthopédie et prestations associées Grand Hôpital de l’Est Francilien (GHTS 77 NORD),RESEAU DES ACHETEURS HOSPITALIERS,JOHNSON & JOHNSON MEDICAL SAS,0.0,,2021-03-02
2020-006-MS015 Fournitures de dispositifs médicaux implantables d’Orthopédie et prestations associées CH DREUX,RESEAU DES ACHETEURS HOSPITALIERS,ZIMMER BIOMET FRANCE,0.0,,2021-02-25
2020-006-MS015 Fournitures de dispositifs médicaux implantables d’Orthopédie et prestations associées CH DREUX,RESEAU DES ACHETEURS HOSPITALIERS,JOHNSON & JOHNSON MEDICAL SAS,0.0,,2021-02-25
2020-006-MS015 Fournitures de dispositifs médicaux implantables d’Orthopédie et prestations associées CH DREUX,RESEAU DES ACHETEURS HOSPITALIERS,STRYKER FRANCE SA,0.0,,2021-02-25
"Fourniture de Dispositifs Médicaux Implantables: Orthopédie et Traumatologie lots 4, 19, 27, 32, 35, 37, 44, 48, 63",CENTRE HOSPITALIER VERDUN SAINT MIHIEL,ZIMMER BIOMET FRANCE,178917.0,,2021-02-24
"Fourniture de Dispositifs Médicaux Implantables: Orthopédie et Traumatologie lots 47, 50, 51, 60, 61, 69",CENTRE HOSPITALIER VERDUN SAINT MIHIEL,JOHNSON & JOHNSON MEDICAL SAS,77037.0,,2021-02-24
2020-006-MS023 Fournitures de dispositifs médicaux implantables d’Orthopédie et prestations associées CH Saint-Denis,RESEAU DES ACHETEURS HOSPITALIERS,STRYKER FRANCE SA,0.0,,2021-02-23
2020-006-MS023 Fournitures de dispositifs médicaux implantables d’Orthopédie et prestations associées CH Saint-Denis,RESEAU DES ACHETEURS HOSPITALIERS,JOHNSON & JOHNSON MEDICAL SAS,0.0,,2021-02-23
2020-006-MS023 Fournitures de dispositifs médicaux implantables d’Orthopédie et prestations associées CH Saint-Denis,RESEAU DES ACHETEURS HOSPITALIERS,ZIMMER BIOMET FRANCE,0.0,,2021-02-23
2020-006-MS018 - Fournitures de dispositifs médicaux implantables d’Orthopédie et prestations associées - CH Bayeux,RESEAU DES ACHETEURS HOSPITALIERS,ZIMMER BIOMET FRANCE,0.0,,2021-02-19
2020-006-MS018 - Fournitures de dispositifs médicaux implantables d’Orthopédie et prestations associées - CH Bayeux,RESEAU DES ACHETEURS HOSPITALIERS,JOHNSON & JOHNSON MEDICAL SAS,0.0,,2021-02-19
2020-006-MS018 - Fournitures de dispositifs médicaux implantables d’Orthopédie et prestations associées - CH Bayeux,RESEAU DES ACHETEURS HOSPITALIERS,STRYKER FRANCE SA,0.0,,2021-02-19
"Fourniture de dispositifs médicaux de Chirurgie générale - (viscérale/urologie/gynécologie/obstétrique) et Cathétérisme central - Renfort paroi semi/non résorbable, hernie, plan et 3D, implantation extrapéritonéale",GROUPEMENT HOSPITALIER DE TERRITOIRE GRAND PARIS NORD-EST (GROUPEMENT HOSPITALIER DE TERRITOIRE 93 EST),JOHNSON & JOHNSON MEDICAL SAS,1057.18,,2021-02-15
Fourniture de dispositifs médicaux de Chirurgie générale - (viscérale/urologie/gynécologie/obstétrique) et Cathétérisme central - Consommable Neuromodulation sacrée traitement de l’incontinence urinaire Interstim®II MEDTRONIC,GROUPEMENT HOSPITALIER DE TERRITOIRE GRAND PARIS NORD-EST (GROUPEMENT HOSPITALIER DE TERRITOIRE 93 EST),MEDTRONIC FRANCE,8014.5,,2021-02-15
"Fourniture de dispositifs médicaux de Chirurgie générale - (viscérale/urologie/gynécologie/obstétrique) et Cathétérisme central - Guide 0.035"", 150cm, hydrophile, droit, très Rigide/Extra Stiff, uretère tortueux (urologie)",GROUPEMENT HOSPITALIER DE TERRITOIRE GRAND PARIS NORD-EST (GROUPEMENT HOSPITALIER DE TERRITOIRE 93 EST),BOSTON SCIENTIFIC,14776.66,,2021-02-15
"Fourniture de dispositifs médicaux de Chirurgie générale - (viscérale/urologie/gynécologie/obstétrique) et Cathétérisme central - Renfort paroi semi résorbable, éventration, plan biface ou apparenté",GROUPEMENT HOSPITALIER DE TERRITOIRE GRAND PARIS NORD-EST (GROUPEMENT HOSPITALIER DE TERRITOIRE 93 EST),MEDTRONIC FRANCE,25469.16,,2021-02-15
"Fourniture de dispositifs médicaux de Chirurgie générale - (viscérale/urologie/gynécologie/obstétrique) et Cathétérisme central - Evacuateur copeaux prostatiques-Poire d’Ellick ou équivalent, usage unique",GROUPEMENT HOSPITALIER DE TERRITOIRE GRAND PARIS NORD-EST (GROUPEMENT HOSPITALIER DE TERRITOIRE 93 EST),BOSTON SCIENTIFIC,2112.5,,2021-02-15
Fourniture de dispositifs médicaux de Chirurgie générale - (viscérale/urologie/gynécologie/obstétrique) et Cathétérisme central - Bandelette incontinence urinaire masculine (voie périnéale),GROUPEMENT HOSPITALIER DE TERRITOIRE GRAND PARIS NORD-EST (GROUPEMENT HOSPITALIER DE TERRITOIRE 93 EST),BOSTON SCIENTIFIC,8580.0,,2021-02-15
"Fourniture de dispositifs médicaux de Chirurgie générale - (viscérale/urologie/gynécologie/obstétrique) et Cathétérisme central - Bandelette incontinence urinaire, voie transvaginale (rétro-pubienne)",GROUPEMENT HOSPITALIER DE TERRITOIRE GRAND PARIS NORD-EST (GROUPEMENT HOSPITALIER DE TERRITOIRE 93 EST),BOSTON SCIENTIFIC,14950.0,,2021-02-15
Fourniture de dispositifs médicaux de Chirurgie générale - (viscérale/urologie/gynécologie/obstétrique) et Cathétérisme central - Renfort paroi résorbable (pour éviscération),GROUPEMENT HOSPITALIER DE TERRITOIRE GRAND PARIS NORD-EST (GROUPEMENT HOSPITALIER DE TERRITOIRE 93 EST),JOHNSON & JOHNSON MEDICAL SAS,14041.87,,2021-02-15
"Fourniture de dispositifs médicaux de Chirurgie générale - (viscérale/urologie/gynécologie/obstétrique) et Cathétérisme central - Renfort paroi non résorbable, éventration, implantation extrapéritonéale",GROUPEMENT HOSPITALIER DE TERRITOIRE GRAND PARIS NORD-EST (GROUPEMENT HOSPITALIER DE TERRITOIRE 93 EST),MEDTRONIC FRANCE,1625.0,,2021-02-15
FOURNITURE DU SYSTEME DE REPARATION DE LA VALVE MITRALE PAR VOIE TRANSCATHETER TENDYNE,CTRE HOSPITALIER UNIVERS PONTCHAILLOU,ABBOTT MEDICAL FRANCE SAS,140000.0,,2021-02-12
2020-006-MS14 Fournitures de dispositifs médicaux implantables d’Orthopédie et prestations associéesCentres Hospitalier de Chartres - Hôtel Dieu,RESEAU DES ACHETEURS HOSPITALIERS,JOHNSON & JOHNSON MEDICAL SAS,0.0,,2021-02-11
2020-006-MS14 Fournitures de dispositifs médicaux implantables d’Orthopédie et prestations associéesCentres Hospitalier de Chartres - Hôtel Dieu,RESEAU DES ACHETEURS HOSPITALIERS,ZIMMER BIOMET FRANCE,0.0,,2021-02-11
2020-006-MS14 Fournitures de dispositifs médicaux implantables d’Orthopédie et prestations associéesCentres Hospitalier de Chartres - Hôtel Dieu,RESEAU DES ACHETEURS HOSPITALIERS,STRYKER FRANCE SA,0.0,,2021-02-11
2020-006-MS017 Fournitures de dispositifs médicaux implantables d’Orthopédie et prestations associées Grand Hôpital de l’Est Francilien (GHTS 77 NORD),RESEAU DES ACHETEURS HOSPITALIERS,MEDTRONIC FRANCE,0.0,,2021-02-03
2020-006-MS017 Fournitures de dispositifs médicaux implantables d’Orthopédie et prestations associées Grand Hôpital de l’Est Francilien (GHTS 77 NORD),RESEAU DES ACHETEURS HOSPITALIERS,ZIMMER BIOMET FRANCE,0.0,,2021-02-03
2020-006-MS017 Fournitures de dispositifs médicaux implantables d’Orthopédie et prestations associées Grand Hôpital de l’Est Francilien (GHTS 77 NORD),RESEAU DES ACHETEURS HOSPITALIERS,STRYKER FRANCE SA,0.0,,2021-02-03
Fourniture de dispositifs médicaux stériles pour la cardiologie interventionnelle du Centre Hospitalier Universitaire de Rouen - 71 lots - CATHETER D’ECHOCARDIOGRAPHIE ENDOCAVITAIRE,CENTRE HOSPITALIER UNIVERSITAIRE ROUEN (HOPITAL CHARLES NICOLLE CHU ROUEN),ABBOTT MEDICAL FRANCE SAS,22999.0,,2021-01-28
Fourniture de dispositifs médicaux stériles pour la cardiologie interventionnelle du Centre Hospitalier Universitaire de Rouen - 71 lots - CATHETER POUR ECHOGRAPHIE INTRA-CORONAIRE,CENTRE HOSPITALIER UNIVERSITAIRE ROUEN (HOPITAL CHARLES NICOLLE CHU ROUEN),BOSTON SCIENTIFIC,25600.0,,2021-01-28
Fourniture de dispositifs médicaux stériles pour la cardiologie interventionnelle du Centre Hospitalier Universitaire de Rouen - 71 lots - CATHETER POUR IMAGERIE INTRA-CORONAIRE PAR TOMOGRAPHIE PAR COHERENCE OPTIQUE (OCT),CENTRE HOSPITALIER UNIVERSITAIRE ROUEN (HOPITAL CHARLES NICOLLE CHU ROUEN),ABBOTT MEDICAL FRANCE SAS,36000.0,,2021-01-28
Fourniture de dispositifs médicaux stériles pour la cardiologie interventionnelle du Centre Hospitalier Universitaire de Rouen - 71 lots - SYSTEME POUR IMPLANTATION DE BIOPROTHESE VALVULAIRE COMPRENANT UNE BIOPROTHESE VALVULAIRE PERCUTANEE AUTO-EXPANSIBLE,CENTRE HOSPITALIER UNIVERSITAIRE ROUEN (HOPITAL CHARLES NICOLLE CHU ROUEN),MEDTRONIC FRANCE,1753843.0,,2021-01-26
Fourniture de dispositifs médicaux stériles pour la cardiologie interventionnelle du Centre Hospitalier Universitaire de Rouen - 71 lots - CATHETER GUIDE POUR ANGIOPLASTIE CORONAIRE de 5F A 8F,CENTRE HOSPITALIER UNIVERSITAIRE ROUEN (HOPITAL CHARLES NICOLLE CHU ROUEN),MEDTRONIC FRANCE,288000.0,,2021-01-26
Fourniture de dispositifs médicaux stériles pour la cardiologie interventionnelle du Centre Hospitalier Universitaire de Rouen - 71 lots - ENDOPROTHESE (STENT) CORONAIRE COUVERT PRE-SERTI,CENTRE HOSPITALIER UNIVERSITAIRE ROUEN (HOPITAL CHARLES NICOLLE CHU ROUEN),BIOTRONIK FRANCE,8531.0,,2021-01-26
Fourniture de dispositifs médicaux stériles pour la cardiologie interventionnelle du Centre Hospitalier Universitaire de Rouen - 71 lots - CATHETER A BALLONNET COAXIAL POUR ANGIOPLASTIE CORONAIRE,CENTRE HOSPITALIER UNIVERSITAIRE ROUEN (HOPITAL CHARLES NICOLLE CHU ROUEN),MEDTRONIC FRANCE,10800.0,,2021-01-26
"Fourniture de dispositifs médicaux stériles pour la cardiologie interventionnelle du Centre Hospitalier Universitaire de Rouen - 71 lots - ENDOPROTHESE (STENT) CORONAIRE ACTI(F)VE THERAPEUTIQUE, en ALLIAGE CHROME-COBALT Epaisseur de la maille du stent &...",CENTRE HOSPITALIER UNIVERSITAIRE ROUEN (HOPITAL CHARLES NICOLLE CHU ROUEN),BIOTRONIK FRANCE,836024.0,,2021-01-26
2020-006-MS003 Fourniture de dispositifs médicaux implantables d’orthopédie et de prestations associées pour le CH DE MANTES-LA-JOLIE FRANCOIS-QUESNAY.,RESEAU DES ACHETEURS HOSPITALIERS,ZIMMER BIOMET FRANCE,0.0,,2021-01-21
2020-006-MS003 Fourniture de dispositifs médicaux implantables d’orthopédie et de prestations associées pour le CH DE MANTES-LA-JOLIE FRANCOIS-QUESNAY.,RESEAU DES ACHETEURS HOSPITALIERS,STRYKER FRANCE SA,0.0,,2021-01-21
2020-006-MS003 Fourniture de dispositifs médicaux implantables d’orthopédie et de prestations associées pour le CH DE MANTES-LA-JOLIE FRANCOIS-QUESNAY.,RESEAU DES ACHETEURS HOSPITALIERS,JOHNSON & JOHNSON MEDICAL SAS,0.0,,2021-01-21
2020-006-MS008 Fournitures de dispositifs médicaux implantables d’Orthopédie et prestations associées CH VILLENEUVE SAINT GEORGES,RESEAU DES ACHETEURS HOSPITALIERS,JOHNSON & JOHNSON MEDICAL SAS,0.0,,2021-01-14
2020-006-MS008 Fournitures de dispositifs médicaux implantables d’Orthopédie et prestations associées CH VILLENEUVE SAINT GEORGES,RESEAU DES ACHETEURS HOSPITALIERS,STRYKER FRANCE SA,0.0,,2021-01-14
2020-006-MS008 Fournitures de dispositifs médicaux implantables d’Orthopédie et prestations associées CH VILLENEUVE SAINT GEORGES,RESEAU DES ACHETEURS HOSPITALIERS,ZIMMER BIOMET FRANCE,0.0,,2021-01-14
2020-006 MS009 Fournitures de dispositifs médicaux implantables d’Orthopédie et prestations associées CH Carnelle Porte Oise Beaumont,RESEAU DES ACHETEURS HOSPITALIERS,JOHNSON & JOHNSON MEDICAL SAS,0.0,,2021-01-08
2020-006 MS009 Fournitures de dispositifs médicaux implantables d’Orthopédie et prestations associées CH Carnelle Porte Oise Beaumont,RESEAU DES ACHETEURS HOSPITALIERS,STRYKER FRANCE SA,0.0,,2021-01-08
"Dispositifs médicaux à usage unique pour anesthésie, hémodialyse et réanimation pour le compte de 2 établissements du GHT Normandie Centre - CATHETER SONDE ENFIT POUR SYSTEME NAVA AVEC MAD",CENTRE HOSPITALIER UNIVERSITAIRE DE CAEN NORMANDIE,GETINGE FRANCE,20638.8,,2021-01-01
"Fourniture de prothèses chirurgicales et dispositifs médicaux AO 2020-45
 - * ENDOPROTHESE CORONAIRE ""THERAPEUTIQUE""
lot 8 (multi 3/3) marché n° 212-051",CENTRE HOSPITALIER UNIVERSITAIRE D ORLEANS (HOPITAL MADELEINE ORLEANS),BOSTON SCIENTIFIC,377355.0,,2021-01-01
"Fourniture de prothèses chirurgicales et dispositifs médicaux AO 2020-45
 - * STIMULATEUR CARDIAQUE TRIPLE CHAMBRE
lot 6 (multi 4/5) marché n° 212-001",CENTRE HOSPITALIER UNIVERSITAIRE D ORLEANS (HOPITAL MADELEINE ORLEANS),ABBOTT MEDICAL FRANCE SAS,129668.28,,2021-01-01
"Fourniture de prothèses chirurgicales et dispositifs médicaux AO 2020-45
lot 80 (multi 2/2) - ** ENDOPROTHESE VASCULAIRE PERIPHERIQUE marché n°212-007",CENTRE HOSPITALIER UNIVERSITAIRE D ORLEANS (HOPITAL MADELEINE ORLEANS),BOSTON SCIENTIFIC,52561.0,,2021-01-01
"Fourniture de prothèses chirurgicales et dispositifs médicaux AO 2020-45
 - ** ENDOPROTHESE CORONAIRE METALLIQUE
lot 7 (mono) marché n° 212-001",CENTRE HOSPITALIER UNIVERSITAIRE D ORLEANS (HOPITAL MADELEINE ORLEANS),ABBOTT MEDICAL FRANCE SAS,27900.0,,2021-01-01
"Fourniture de prothèses chirurgicales et dispositifs médicaux AO 2020-45
 - * STIMULATEUR CARDIAQUE TRIPLE CHAMBRE
lot 6 (multi 4/5) marché n° 212-001",CENTRE HOSPITALIER UNIVERSITAIRE D ORLEANS (HOPITAL MADELEINE ORLEANS),BOSTON SCIENTIFIC,129668.28,,2021-01-01
"Fourniture de prothèses chirurgicales et dispositifs médicaux AO 2020-45
lot 93 (multi 2/2) - ** DISPOSITIF DE REINSERTION MENISCALE marché n° 212-032",CENTRE HOSPITALIER UNIVERSITAIRE D ORLEANS (HOPITAL MADELEINE ORLEANS),JOHNSON & JOHNSON MEDICAL SAS,7209.0,,2021-01-01
"Fourniture de prothèses chirurgicales et dispositifs médicaux AO 2020-45
lot n° 79 (multi 1/2) - ** CATH BALLONNET PR DILATATION PERIPHERIQUE marché n° 212/001",CENTRE HOSPITALIER UNIVERSITAIRE D ORLEANS (HOPITAL MADELEINE ORLEANS),BOSTON SCIENTIFIC,12375.0,,2021-01-01
"Fourniture de prothèses chirurgicales et dispositifs médicaux AO 2020-45
lot 94 (multi 2/3) - ** DISPOSITIF D’ANCRAGE SUTURES TYPE HARPON marché n° 212-032",CENTRE HOSPITALIER UNIVERSITAIRE D ORLEANS (HOPITAL MADELEINE ORLEANS),JOHNSON & JOHNSON MEDICAL SAS,5993.0,,2021-01-01
"Fourniture de prothèses chirurgicales et dispositifs médicaux AO 2020-45
lot n° 79 (multi 1/2) - ** CATH BALLONNET PR DILATATION PERIPHERIQUE marché n° 212/001",CENTRE HOSPITALIER UNIVERSITAIRE D ORLEANS (HOPITAL MADELEINE ORLEANS),ABBOTT MEDICAL FRANCE SAS,12375.0,,2021-01-01
"Fourniture de prothèses chirurgicales et dispositifs médicaux AO 2020-45
 - **ELECTRODE ENDOCAV TEMPORAIRE INTRACARD",CENTRE HOSPITALIER UNIVERSITAIRE D ORLEANS (HOPITAL MADELEINE ORLEANS),ABBOTT MEDICAL FRANCE SAS,16500.0,,2021-01-01
"Fourniture de prothèses chirurgicales et dispositifs médicaux AO 2020-45
 lot n° 26 (multi 1/2)- ** CATHETER GUIDE P.T.C.A STANDARD marché n° 212-056",CENTRE HOSPITALIER UNIVERSITAIRE D ORLEANS (HOPITAL MADELEINE ORLEANS),MEDTRONIC FRANCE,71500.0,,2021-01-01
"Fourniture de prothèses chirurgicales et dispositifs médicaux AO 2020-45
lot n° 25 (multi 2/2) - ** GUIDE PTCA marché n° 212-005 marché n° 212-001",CENTRE HOSPITALIER UNIVERSITAIRE D ORLEANS (HOPITAL MADELEINE ORLEANS),ABBOTT MEDICAL FRANCE SAS,108000.0,,2021-01-01
"Fourniture de prothèses chirurgicales et dispositifs médicaux AO 2020-45
 - ** MONITEUR ECG IMPLANTABLE marché n° 212-036",CENTRE HOSPITALIER UNIVERSITAIRE D ORLEANS (HOPITAL MADELEINE ORLEANS),MEDTRONIC FRANCE,43533.6,,2021-01-01
"Fourniture de prothèses chirurgicales et dispositifs médicaux AO 2020-45
 - ** DISPOSITIFS MEDICAUX POUR ABLATION
lot 13 (multi 2/2) marché n° 212-013",CENTRE HOSPITALIER UNIVERSITAIRE D ORLEANS (HOPITAL MADELEINE ORLEANS),ABBOTT MEDICAL FRANCE SAS,39250.0,,2021-01-01
"Fourniture de prothèses chirurgicales et dispositifs médicaux AO 2020-45
 - ** DISPOSITIFS MEDICAUX POUR ABLATION
lot 13 (multi 2/2) marché n° 212-013",CENTRE HOSPITALIER UNIVERSITAIRE D ORLEANS (HOPITAL MADELEINE ORLEANS),BOSTON SCIENTIFIC,39250.0,,2021-01-01
"Fourniture de prothèses chirurgicales et dispositifs médicaux AO 2020-45
 - * STIMULATEUR CARDIAQUE TRIPLE CHAMBRE
lot 6 (multi 4/5) marché n° 212-001",CENTRE HOSPITALIER UNIVERSITAIRE D ORLEANS (HOPITAL MADELEINE ORLEANS),MEDTRONIC FRANCE,129668.28,,2021-01-01
"Fourniture de prothèses chirurgicales et dispositifs médicaux AO 2020-45
 - ** DISPOSITIF POUR ATHERECTOMIE ROTATIVE
LOT 10 (mono) marché n° 212-013",CENTRE HOSPITALIER UNIVERSITAIRE D ORLEANS (HOPITAL MADELEINE ORLEANS),BOSTON SCIENTIFIC,33140.0,,2021-01-01
"Fourniture de prothèses chirurgicales et dispositifs médicaux AO 2020-45
lot 62 - ** STIMULATEUR MEDULLAIR PR TRAITEMENT DOULEUR marché 212-013",CENTRE HOSPITALIER UNIVERSITAIRE D ORLEANS (HOPITAL MADELEINE ORLEANS),BOSTON SCIENTIFIC,138061.5,,2021-01-01
"Fourniture de prothèses chirurgicales et dispositifs médicaux AO 2020-45
lot  60  - ** PROTHESE DISCALE LOMBAIRE marché 212-056",CENTRE HOSPITALIER UNIVERSITAIRE D ORLEANS (HOPITAL MADELEINE ORLEANS),ZIMMER BIOMET FRANCE,32417.0,,2021-01-01
"Fourniture de prothèses chirurgicales et dispositifs médicaux AO 2020-45
lot 95 (multi 3/3) - ** DISPOSITIF D’ANCRAGE DE SUTURES A VISSER marché n° 212-032",CENTRE HOSPITALIER UNIVERSITAIRE D ORLEANS (HOPITAL MADELEINE ORLEANS),JOHNSON & JOHNSON MEDICAL SAS,10289.0,,2021-01-01
"Fourniture de prothèses chirurgicales et dispositifs médicaux AO 2020-45
 - * STIMULATEUR CARDIAQUE DOUBLE CHAMBRE
lot 5 (multi 4/5) - marché n° 212-001",CENTRE HOSPITALIER UNIVERSITAIRE D ORLEANS (HOPITAL MADELEINE ORLEANS),BIOTRONIK FRANCE,120636.56,,2021-01-01
"Fourniture de prothèses chirurgicales et dispositifs médicaux AO 2020-45
 - * STIMULATEUR CARDIAQUE TRIPLE CHAMBRE
lot 6 (multi 4/5) marché n° 212-001",CENTRE HOSPITALIER UNIVERSITAIRE D ORLEANS (HOPITAL MADELEINE ORLEANS),BIOTRONIK FRANCE,129668.28,,2021-01-01
"Fourniture de prothèses chirurgicales et dispositifs médicaux AO 2020-45
 - * STIMULATEUR CARDIAQUE DOUBLE CHAMBRE
lot 5 (multi 4/5) - marché n° 212-001",CENTRE HOSPITALIER UNIVERSITAIRE D ORLEANS (HOPITAL MADELEINE ORLEANS),ABBOTT MEDICAL FRANCE SAS,120636.56,,2021-01-01
"Fourniture de prothèses chirurgicales et dispositifs médicaux AO 2020-45
lot 18 - ** BALLON DE CONTREPULSION marché n° 212-025",CENTRE HOSPITALIER UNIVERSITAIRE D ORLEANS (HOPITAL MADELEINE ORLEANS),GETINGE FRANCE,16200.0,,2021-01-01
"Fourniture de prothèses chirurgicales et dispositifs médicaux AO 2020-45
lot 102 - ** BROCHE DE TYPE ""KIRSCHNER""  marché 212-056",CENTRE HOSPITALIER UNIVERSITAIRE D ORLEANS (HOPITAL MADELEINE ORLEANS),ZIMMER BIOMET FRANCE,5520.0,,2021-01-01
"Fourniture de prothèses chirurgicales et dispositifs médicaux AO 2020-45
lot 97 - ** CLOU INTRAMED FRACTURE TROCHANTERIENNE marché n° 212-050",CENTRE HOSPITALIER UNIVERSITAIRE D ORLEANS (HOPITAL MADELEINE ORLEANS),STRYKER FRANCE SA,205640.5,,2021-01-01
"Fourniture de prothèses chirurgicales et dispositifs médicaux AO 2020-45
 lot 98 - ** CLOU FEMORAL INTRAMEDULLAIRE VERROUILLE marché n° 212-050",CENTRE HOSPITALIER UNIVERSITAIRE D ORLEANS (HOPITAL MADELEINE ORLEANS),STRYKER FRANCE SA,43425.0,,2021-01-01
"Fourniture de prothèses chirurgicales et dispositifs médicaux AO 2020-45
lot 99  - ** CLOUS TIBIAUX ET HUMERAUX INTRAMEDULLAIRE marché 212-050",CENTRE HOSPITALIER UNIVERSITAIRE D ORLEANS (HOPITAL MADELEINE ORLEANS),STRYKER FRANCE SA,37804.5,,2021-01-01
"Fourniture de prothèses chirurgicales et dispositifs médicaux AO 2020-45
lot 100 - ** VIS , PLAQUES A COMPRESSION marché 212-032",CENTRE HOSPITALIER UNIVERSITAIRE D ORLEANS (HOPITAL MADELEINE ORLEANS),JOHNSON & JOHNSON MEDICAL SAS,8248.5,,2021-01-01
"Fourniture de prothèses chirurgicales et dispositifs médicaux AO 2020-45
 lot 76 - ** PROTHESE VASCULAIRE PTFE marché 212-025",CENTRE HOSPITALIER UNIVERSITAIRE D ORLEANS (HOPITAL MADELEINE ORLEANS),GETINGE FRANCE,35769.6,,2021-01-01
"Fourniture de prothèses chirurgicales et dispositifs médicaux AO 2020-45
lot 90 (multi 4/4) - * PROTHESE TOTALE DE GENOU marché n° 212-048",CENTRE HOSPITALIER UNIVERSITAIRE D ORLEANS (HOPITAL MADELEINE ORLEANS),JOHNSON & JOHNSON MEDICAL SAS,139040.0,,2021-01-01
"Fourniture de prothèses chirurgicales et dispositifs médicaux AO 2020-45
 lot 1 (multi 2/5) - *DEFIBRILLATEUR IMPLANTABLE SIMPLE CHAMBRE marché n° 212-012",CENTRE HOSPITALIER UNIVERSITAIRE D ORLEANS (HOPITAL MADELEINE ORLEANS),BIOTRONIK FRANCE,144874.55,,2021-01-01
"Fourniture de prothèses chirurgicales et dispositifs médicaux AO 2020-45
 lot 1 (multi 2/5) - *DEFIBRILLATEUR IMPLANTABLE SIMPLE CHAMBRE marché n° 212-012",CENTRE HOSPITALIER UNIVERSITAIRE D ORLEANS (HOPITAL MADELEINE ORLEANS),MEDTRONIC FRANCE,144874.55,,2021-01-01
"Fourniture de prothèses chirurgicales et dispositifs médicaux AO 2020-45
 lot 1 (multi 2/5) - *DEFIBRILLATEUR IMPLANTABLE SIMPLE CHAMBRE marché n° 212-012",CENTRE HOSPITALIER UNIVERSITAIRE D ORLEANS (HOPITAL MADELEINE ORLEANS),BOSTON SCIENTIFIC,144874.55,,2021-01-01
"Fourniture de prothèses chirurgicales et dispositifs médicaux AO 2020-45
lot 61 - ** STIMULATEUR MEDULLAIR PR TRAITEMENT DOULEUR marché 212-036",CENTRE HOSPITALIER UNIVERSITAIRE D ORLEANS (HOPITAL MADELEINE ORLEANS),MEDTRONIC FRANCE,275990.7,,2021-01-01
"Fourniture de prothèses chirurgicales et dispositifs médicaux AO 2020-45
 - * DEFIBRILLATEUR IMPLANTABLE TRIPLE CHAMBRE
lot 2 (multi 5/5) marché n° 212-038",CENTRE HOSPITALIER UNIVERSITAIRE D ORLEANS (HOPITAL MADELEINE ORLEANS),MEDTRONIC FRANCE,99543.49,,2021-01-01
"Fourniture de prothèses chirurgicales et dispositifs médicaux AO 2020-45
 - * DEFIBRILLATEUR IMPLANTABLE TRIPLE CHAMBRE
lot 2 (multi 5/5) marché n° 212-038",CENTRE HOSPITALIER UNIVERSITAIRE D ORLEANS (HOPITAL MADELEINE ORLEANS),BOSTON SCIENTIFIC,99543.49,,2021-01-01
"Fourniture de prothèses chirurgicales et dispositifs médicaux AO 2020-45
 - * DEFIBRILLATEUR IMPLANTABLE TRIPLE CHAMBRE
lot 2 (multi 5/5) marché n° 212-038",CENTRE HOSPITALIER UNIVERSITAIRE D ORLEANS (HOPITAL MADELEINE ORLEANS),ABBOTT MEDICAL FRANCE SAS,99543.49,,2021-01-01
"Fourniture de prothèses chirurgicales et dispositifs médicaux AO 2020-45
lot 3 (mono) - ** DEFIBRILLATEUR IMPLANTABLE AVEC SONDE SOUS CUTANEE marché n° 212-013",CENTRE HOSPITALIER UNIVERSITAIRE D ORLEANS (HOPITAL MADELEINE ORLEANS),BOSTON SCIENTIFIC,281500.0,,2021-01-01
"Fourniture de prothèses chirurgicales et dispositifs médicaux AO 2020-45
* STIMULATEUR CARDIAQUE SIMPLE CHAMBRE",CENTRE HOSPITALIER UNIVERSITAIRE D ORLEANS (HOPITAL MADELEINE ORLEANS),BIOTRONIK FRANCE,99442.64,,2021-01-01
"Fourniture de prothèses chirurgicales et dispositifs médicaux AO 2020-45
* STIMULATEUR CARDIAQUE SIMPLE CHAMBRE",CENTRE HOSPITALIER UNIVERSITAIRE D ORLEANS (HOPITAL MADELEINE ORLEANS),MEDTRONIC FRANCE,99442.64,,2021-01-01
"Fourniture de prothèses chirurgicales et dispositifs médicaux AO 2020-45
* STIMULATEUR CARDIAQUE SIMPLE CHAMBRE",CENTRE HOSPITALIER UNIVERSITAIRE D ORLEANS (HOPITAL MADELEINE ORLEANS),BOSTON SCIENTIFIC,99442.64,,2021-01-01
"Fourniture de prothèses chirurgicales et dispositifs médicaux AO 2020-45
* STIMULATEUR CARDIAQUE SIMPLE CHAMBRE",CENTRE HOSPITALIER UNIVERSITAIRE D ORLEANS (HOPITAL MADELEINE ORLEANS),ABBOTT MEDICAL FRANCE SAS,99442.64,,2021-01-01
"Fourniture de prothèses chirurgicales et dispositifs médicaux AO 2020-45
 - * STIMULATEUR CARDIAQUE DOUBLE CHAMBRE
lot 5 (multi 4/5) - marché n° 212-001",CENTRE HOSPITALIER UNIVERSITAIRE D ORLEANS (HOPITAL MADELEINE ORLEANS),MEDTRONIC FRANCE,120636.56,,2021-01-01
"Fourniture de prothèses chirurgicales et dispositifs médicaux AO 2020-45
 - * STIMULATEUR CARDIAQUE DOUBLE CHAMBRE
lot 5 (multi 4/5) - marché n° 212-001",CENTRE HOSPITALIER UNIVERSITAIRE D ORLEANS (HOPITAL MADELEINE ORLEANS),BOSTON SCIENTIFIC,120636.56,,2021-01-01
"Fourniture de prothèses chirurgicales et dispositifs médicaux AO 2020-45
 - * DEFIBRILLATEUR IMPLANTABLE TRIPLE CHAMBRE
lot 2 (multi 5/5) marché n° 212-038",CENTRE HOSPITALIER UNIVERSITAIRE D ORLEANS (HOPITAL MADELEINE ORLEANS),BIOTRONIK FRANCE,99543.49,,2021-01-01
2020AO048-FOURNITURE DE DISPOSITIFS IMPLANTABLES DE RYTHMOLOGIE ET SERVICES ASSOCIES,CTRE HOSPITALIER VILLEFRANCHE S SAONE,BIOTRONIK FRANCE,1120000.0,,2020-12-23
Fourniture de dispositifs médicaux stériles et non stériles d’orthopédie et d’ostéosynthèse au Centre Hospitalier de l’Agglomération de Nevers - PROTHESE DE GENOU - STERILE,CTRE HOSPITALIER INTERCOMMUNAL AGGLOMERATION DE NEVERS,ZIMMER BIOMET FRANCE,118058.0,,2020-12-18
Fourniture de dispositifs médicaux stériles et non stériles d’orthopédie et d’ostéosynthèse au Centre Hospitalier de l’Agglomération de Nevers - PROTHESE DE HANCHE - STERILE,CTRE HOSPITALIER INTERCOMMUNAL AGGLOMERATION DE NEVERS,ZIMMER BIOMET FRANCE,134706.0,,2020-12-18
Fourniture de dispositifs médicaux stériles et non stériles d’orthopédie et d’ostéosynthèse au Centre Hospitalier de l’Agglomération de Nevers - PROTHESE D’EPAULE - STERILE,CTRE HOSPITALIER INTERCOMMUNAL AGGLOMERATION DE NEVERS,ZIMMER BIOMET FRANCE,25572.0,,2020-12-18
"Fourniture de dispositifs médicaux stériles et non stériles d’orthopédie et d’ostéosynthèse au Centre Hospitalier de l’Agglomération de Nevers - SPACER OU IMPLANT TEMPORAIRE POUR PROTHESES INFECTEES (HANCHE, GENOU, EPAULE) - STERILE",CTRE HOSPITALIER INTERCOMMUNAL AGGLOMERATION DE NEVERS,ZIMMER BIOMET FRANCE,1000.0,,2020-12-18
"Fourniture de dispositifs médicaux d’ ORL, Stomatologie, Implantologie et Neurochirurgie - Sonde intubation endotrachéale ballonnet double, compatible chirurgie Laser",GROUPEMENT HOSPITALIER DE TERRITOIRE GRAND PARIS NORD-EST (GROUPEMENT HOSPITALIER DE TERRITOIRE 93 EST),MEDTRONIC FRANCE,4892.42,,2020-12-17
"Fourniture de dispositifs médicaux d’ ORL, Stomatologie, Implantologie et Neurochirurgie - Sonde nasale à ballonnet, épistaxis",GROUPEMENT HOSPITALIER DE TERRITOIRE GRAND PARIS NORD-EST (GROUPEMENT HOSPITALIER DE TERRITOIRE 93 EST),MEDTRONIC FRANCE,3039.04,,2020-12-17
"Fourniture de dispositifs médicaux d’ ORL, Stomatologie, Implantologie et Neurochirurgie - Lame stérile UU Vidéolaryngoscope MacGrath® Sebac/MEDTRONIC",GROUPEMENT HOSPITALIER DE TERRITOIRE GRAND PARIS NORD-EST (GROUPEMENT HOSPITALIER DE TERRITOIRE 93 EST),MEDTRONIC FRANCE,8959.93,,2020-12-17
"Fourniture de dispositifs médicaux d’ ORL, Stomatologie, Implantologie et Neurochirurgie - Canule trachéotomie avec ballonnet, souple armée",GROUPEMENT HOSPITALIER DE TERRITOIRE GRAND PARIS NORD-EST (GROUPEMENT HOSPITALIER DE TERRITOIRE 93 EST),MEDTRONIC FRANCE,42102.77,,2020-12-17
La fourniture de moniteur ECG implantable et de système de télésurveillance pour le service de rythmologie du CHD Vendée (site de la Roche sur Yon). - Les besoins identifiés dans un premier temps sont pour le CHD Vendée.,CHD LA ROCHE SUR YON LUCON MONTAIGU (CHD-VENDEE),BIOTRONIK FRANCE,232179.2,,2020-11-23
la fourniture de dispositifs médicaux implantables MicroPlug Vasculaire® (MVP®) à détachement mécanique pour embolisation vasculaire,ASSISTANCE PUBLIQUE HOPITAUX DE PARIS,MEDTRONIC FRANCE,181220.0,,2020-10-29
"Fourniture de dispositifs médicaux de cardiologie, électrophysiologie, radiologie, chirurgie cardiaque, chirurgie vasculaire, neuroradiologie - AAG- VALVE BIOLOGIQUE+PROTHESE VASCULAIRE",CENTRE HOSPITALIER REGIONAL UNIVERSITAIRE DE TOURS (CHRU TROUSSEAU CHAMBRAY),MEDTRONIC FRANCE,76835.0,,2020-10-29
"FOURNITURE, MISE EN SERVICE ET MAINTENANCE DE DEFIBRILLATEURS  - Fourniture de défibrillateur moniteur multiparamétrique",RESEAU DES ACHETEURS HOSPITALIERS,STRYKER FRANCE SA,600000.0,,2020-10-14
"FOURNITURE, MISE EN SERVICE ET MAINTENANCE DE DEFIBRILLATEURS  - Fourniture de défibrillateur automatique externe grand public",RESEAU DES ACHETEURS HOSPITALIERS,STRYKER FRANCE SA,200000.0,,2020-10-14
"FOURNITURE, MISE EN SERVICE ET MAINTENANCE DE DEFIBRILLATEURS  - Fourniture de défibrillateur semi-automatique pour les services de soins",RESEAU DES ACHETEURS HOSPITALIERS,STRYKER FRANCE SA,200000.0,,2020-10-13
Fourniture de dispositifs médicaux pour angioplastie et coronarographie dans le cadre du Groupement Hospitalier de Territoire (GHT) Nord Franche-Comté - Cathéter guide type Back Up,HOPITAL NORD FRANCHE COMTE,BOSTON SCIENTIFIC,1950.0,,2020-10-12
Fourniture de dispositifs médicaux pour angioplastie et coronarographie dans le cadre du Groupement Hospitalier de Territoire (GHT) Nord Franche-Comté - Cathéter ballon pour dilatation coronaire,HOPITAL NORD FRANCHE COMTE,BOSTON SCIENTIFIC,3120.0,,2020-10-12
AOO-2020-2158 à 2164 Dispositifs pour ablation de fibrilation atriale - INTRODUCTEUR POUR MANIPULATION DE CATHETER D’ABLATION,CENTRE HOSPITALIER DE VALENCIENNES,ABBOTT MEDICAL FRANCE SAS,1000.0,,2020-10-08
"Fourniture de dispositifs médicaux de cardiologie, électrophysiologie, radiologie, chirurgie cardiaque, chirurgie vasculaire, neuroradiologie et mise à disposition des équipements associés - FAT- CATHETER GUIDE",CENTRE HOSPITALIER REGIONAL UNIVERSITAIRE DE TOURS (CHRU TROUSSEAU CHAMBRAY),JOHNSON & JOHNSON MEDICAL SAS,40000.0,,2020-09-29
"Fourniture de dispositifs médicaux de cardiologie, électrophysiologie, radiologie, chirurgie cardiaque, chirurgie vasculaire, neuroradiologie et mise à disposition des équipements associés - KAG- CATHETER D’ABLATION THERAPEUTIQUE",CENTRE HOSPITALIER REGIONAL UNIVERSITAIRE DE TOURS (CHRU TROUSSEAU CHAMBRAY),JOHNSON & JOHNSON MEDICAL SAS,142000.0,,2020-09-29
"Fourniture de dispositifs médicaux de cardiologie, électrophysiologie, radiologie, chirurgie cardiaque, chirurgie vasculaire, neuroradiologie et mise à disposition des équipements associés - GAC- ENDOPROTHESE CARDIAQUE",CENTRE HOSPITALIER REGIONAL UNIVERSITAIRE DE TOURS (CHRU TROUSSEAU CHAMBRAY),ABBOTT MEDICAL FRANCE SAS,332786.32,,2020-09-28
"Fourniture de dispositifs médicaux de cardiologie, électrophysiologie, radiologie, chirurgie cardiaque, chirurgie vasculaire, neuroradiologie et mise à disposition des équipements associés - GAD-  ENDOPROTHESE CARDIAQUE",CENTRE HOSPITALIER REGIONAL UNIVERSITAIRE DE TOURS (CHRU TROUSSEAU CHAMBRAY),ABBOTT MEDICAL FRANCE SAS,601847.6,,2020-09-28
"Fourniture de dispositifs médicaux de cardiologie, électrophysiologie, radiologie, chirurgie cardiaque, chirurgie vasculaire, neuroradiologie et mise à disposition des équipements associés - DAK- ENDOPROTHESE VASCULAIRE AUTO-EXPANSIBLE",CENTRE HOSPITALIER REGIONAL UNIVERSITAIRE DE TOURS (CHRU TROUSSEAU CHAMBRAY),ABBOTT MEDICAL FRANCE SAS,108000.0,,2020-09-28
"Fourniture de dispositifs médicaux de cardiologie, électrophysiologie, radiologie, chirurgie cardiaque, chirurgie vasculaire, neuroradiologie et mise à disposition des équipements associés - GAE- ENDOPROTHESE CARDIAQUE",CENTRE HOSPITALIER REGIONAL UNIVERSITAIRE DE TOURS (CHRU TROUSSEAU CHAMBRAY),ABBOTT MEDICAL FRANCE SAS,134530.64,,2020-09-28
"Fourniture de dispositifs médicaux de cardiologie, électrophysiologie, radiologie, chirurgie cardiaque, chirurgie vasculaire, neuroradiologie et mise à disposition des équipements associés - FBB- CATHETER D’ANGIOPLASTIE CEREBRALE",CENTRE HOSPITALIER REGIONAL UNIVERSITAIRE DE TOURS (CHRU TROUSSEAU CHAMBRAY),STRYKER FRANCE SA,25000.0,,2020-09-28
"Fourniture de dispositifs médicaux de cardiologie, électrophysiologie, radiologie, chirurgie cardiaque, chirurgie vasculaire, neuroradiologie et mise à disposition des équipements associés - GAA- ENDOPROTHESE CORONAIRE A PRINCIPE ACTIF",CENTRE HOSPITALIER REGIONAL UNIVERSITAIRE DE TOURS (CHRU TROUSSEAU CHAMBRAY),ABBOTT MEDICAL FRANCE SAS,1566000.0,,2020-09-28
"Fourniture de dispositifs médicaux de cardiologie, électrophysiologie, radiologie, chirurgie cardiaque, chirurgie vasculaire, neuroradiologie et mise à disposition des équipements associés - FAC- ENDOPROTHESE INTRACRANIENNE A CELLULES OUVERTES",CENTRE HOSPITALIER REGIONAL UNIVERSITAIRE DE TOURS (CHRU TROUSSEAU CHAMBRAY),STRYKER FRANCE SA,470046.6,,2020-09-28
"Fourniture de dispositifs médicaux de cardiologie, électrophysiologie, radiologie, chirurgie cardiaque, chirurgie vasculaire, neuroradiologie et mise à disposition des équipements associés - JAA- DEFIBRILLATEUR CARDIAQUE IMPLANTABLE",CENTRE HOSPITALIER REGIONAL UNIVERSITAIRE DE TOURS (CHRU TROUSSEAU CHAMBRAY),ABBOTT MEDICAL FRANCE SAS,1166855.55,,2020-09-28
"Fourniture de dispositifs médicaux de cardiologie, électrophysiologie, radiologie, chirurgie cardiaque, chirurgie vasculaire, neuroradiologie et mise à disposition des équipements associés - JAB- STIMULATEUR CARDIAQUE IMPLANTABLE",CENTRE HOSPITALIER REGIONAL UNIVERSITAIRE DE TOURS (CHRU TROUSSEAU CHAMBRAY),ABBOTT MEDICAL FRANCE SAS,1351403.53,,2020-09-28
"Fourniture de dispositifs médicaux de cardiologie, électrophysiologie, radiologie, chirurgie cardiaque, chirurgie vasculaire, neuroradiologie et mise à disposition des équipements associés - KAA- CATHETER DIAGNOSTIC BIPOLAIRE OU QUADRIPOLAIRE",CENTRE HOSPITALIER REGIONAL UNIVERSITAIRE DE TOURS (CHRU TROUSSEAU CHAMBRAY),ABBOTT MEDICAL FRANCE SAS,382050.0,,2020-09-28
"Fourniture de dispositifs médicaux de cardiologie, électrophysiologie, radiologie, chirurgie cardiaque, chirurgie vasculaire, neuroradiologie et mise à disposition des équipements associés - KAE- CATHETER DIAGNOSTIC CIRCULAIRE DE TRAITEMENT DE LA FIBRILLA",CENTRE HOSPITALIER REGIONAL UNIVERSITAIRE DE TOURS (CHRU TROUSSEAU CHAMBRAY),ABBOTT MEDICAL FRANCE SAS,440030.0,,2020-09-28
"Fourniture de dispositifs médicaux de cardiologie, électrophysiologie, radiologie, chirurgie cardiaque, chirurgie vasculaire, neuroradiologie et mise à disposition des équipements associés - KAI- CATHETER D’ABLATION THERAPEUTIQUE",CENTRE HOSPITALIER REGIONAL UNIVERSITAIRE DE TOURS (CHRU TROUSSEAU CHAMBRAY),ABBOTT MEDICAL FRANCE SAS,360000.0,,2020-09-28
"Fourniture de dispositifs médicaux de cardiologie, électrophysiologie, radiologie, chirurgie cardiaque, chirurgie vasculaire, neuroradiologie et mise à disposition des équipements associés - FAA- ENDOPROTHESE INTRACRANIENNE - FLOW DIVERTER",CENTRE HOSPITALIER REGIONAL UNIVERSITAIRE DE TOURS (CHRU TROUSSEAU CHAMBRAY),STRYKER FRANCE SA,391540.5,,2020-09-28
"Fourniture de dispositifs médicaux de cardiologie, électrophysiologie, radiologie, chirurgie cardiaque, chirurgie vasculaire, neuroradiologie et mise à disposition des équipements associés - KAB- CATHETER DIAGNOSTIC QUADRIPOLAIRE",CENTRE HOSPITALIER REGIONAL UNIVERSITAIRE DE TOURS (CHRU TROUSSEAU CHAMBRAY),BOSTON SCIENTIFIC,811833.33,,2020-09-25
"Fourniture de dispositifs médicaux de cardiologie, électrophysiologie, radiologie, chirurgie cardiaque, chirurgie vasculaire, neuroradiologie et mise à disposition des équipements associés - FAS- CATHETER A BALLONNET",CENTRE HOSPITALIER REGIONAL UNIVERSITAIRE DE TOURS (CHRU TROUSSEAU CHAMBRAY),MEDTRONIC FRANCE,159500.0,,2020-09-25
"Fourniture de dispositifs médicaux de cardiologie, électrophysiologie, radiologie, chirurgie cardiaque, chirurgie vasculaire, neuroradiologie et mise à disposition des équipements associés - KAM- CATHETER DE CRYOABLATION THERAPEUTIQUE",CENTRE HOSPITALIER REGIONAL UNIVERSITAIRE DE TOURS (CHRU TROUSSEAU CHAMBRAY),MEDTRONIC FRANCE,840000.0,,2020-09-25
"Fourniture de dispositifs médicaux de cardiologie, électrophysiologie, radiologie, chirurgie cardiaque, chirurgie vasculaire, neuroradiologie et mise à disposition des équipements associés - GAQ- EXTENSION DE CATHETER GUIDE",CENTRE HOSPITALIER REGIONAL UNIVERSITAIRE DE TOURS (CHRU TROUSSEAU CHAMBRAY),BOSTON SCIENTIFIC,92000.0,,2020-09-25
"Fourniture de dispositifs médicaux de cardiologie, électrophysiologie, radiologie, chirurgie cardiaque, chirurgie vasculaire, neuroradiologie et mise à disposition des équipements associés - GAP- MICRO CATHETER POUR TRAITEMENT DES CTO",CENTRE HOSPITALIER REGIONAL UNIVERSITAIRE DE TOURS (CHRU TROUSSEAU CHAMBRAY),BIOTRONIK FRANCE,64000.0,,2020-09-25
"Fourniture de dispositifs médicaux de cardiologie, électrophysiologie, radiologie, chirurgie cardiaque, chirurgie vasculaire, neuroradiologie et mise à disposition des équipements associés - GAM- CATHETER GUIDE",CENTRE HOSPITALIER REGIONAL UNIVERSITAIRE DE TOURS (CHRU TROUSSEAU CHAMBRAY),MEDTRONIC FRANCE,269500.0,,2020-09-25
"Fourniture de dispositifs médicaux de cardiologie, électrophysiologie, radiologie, chirurgie cardiaque, chirurgie vasculaire, neuroradiologie et mise à disposition des équipements associés - DAG-  PROTHESE VASCULAIRE POLYESTER",CENTRE HOSPITALIER REGIONAL UNIVERSITAIRE DE TOURS (CHRU TROUSSEAU CHAMBRAY),GETINGE FRANCE,71689.6,,2020-09-25
"Fourniture de dispositifs médicaux de cardiologie, électrophysiologie, radiologie, chirurgie cardiaque, chirurgie vasculaire, neuroradiologie et mise à disposition des équipements associés - GAP- MICRO CATHETER POUR TRAITEMENT DES CTO",CENTRE HOSPITALIER REGIONAL UNIVERSITAIRE DE TOURS (CHRU TROUSSEAU CHAMBRAY),BOSTON SCIENTIFIC,57000.0,,2020-09-25
"Fourniture de dispositifs médicaux de cardiologie, électrophysiologie, radiologie, chirurgie cardiaque, chirurgie vasculaire, neuroradiologie et mise à disposition des équipements associés - GAB- ENDOPROTHESE CORONAIRE COUVERTE",CENTRE HOSPITALIER REGIONAL UNIVERSITAIRE DE TOURS (CHRU TROUSSEAU CHAMBRAY),BIOTRONIK FRANCE,11374.4,,2020-09-25
"Fourniture de dispositifs médicaux de cardiologie, électrophysiologie, radiologie, chirurgie cardiaque, chirurgie vasculaire, neuroradiologie et mise à disposition des équipements associés - DAN- ENDOPROTHESE VASCULAIRE EXPANSION PAR BALLONNET",CENTRE HOSPITALIER REGIONAL UNIVERSITAIRE DE TOURS (CHRU TROUSSEAU CHAMBRAY),BIOTRONIK FRANCE,45885.0,,2020-09-25
"Fourniture de dispositifs médicaux de cardiologie, électrophysiologie, radiologie, chirurgie cardiaque, chirurgie vasculaire, neuroradiologie et mise à disposition des équipements associés - DAM- ENDOPROTHESE VASCULAIRE EXPANSION PAR BALLONNET COUVERTE",CENTRE HOSPITALIER REGIONAL UNIVERSITAIRE DE TOURS (CHRU TROUSSEAU CHAMBRAY),GETINGE FRANCE,199052.0,,2020-09-25
"Fourniture de dispositifs médicaux de cardiologie, électrophysiologie, radiologie, chirurgie cardiaque, chirurgie vasculaire, neuroradiologie et mise à disposition des équipements associés - GAJ- CATHETER D’ASPIRATION DE THROMBUS",CENTRE HOSPITALIER REGIONAL UNIVERSITAIRE DE TOURS (CHRU TROUSSEAU CHAMBRAY),MEDTRONIC FRANCE,27000.0,,2020-09-25
"Fourniture de dispositifs médicaux de cardiologie, électrophysiologie, radiologie, chirurgie cardiaque, chirurgie vasculaire, neuroradiologie et mise à disposition des équipements associés - FAA- ENDOPROTHESE INTRACRANIENNE - FLOW DIVERTER",CENTRE HOSPITALIER REGIONAL UNIVERSITAIRE DE TOURS (CHRU TROUSSEAU CHAMBRAY),MEDTRONIC FRANCE,522054.0,,2020-09-25
"Fourniture de dispositifs médicaux de cardiologie, électrophysiologie, radiologie, chirurgie cardiaque, chirurgie vasculaire, neuroradiologie et mise à disposition des équipements associés - GAH- CATHETER ANGIOPLASTIE CORONAIRE A BALLONNET ACTIF",CENTRE HOSPITALIER REGIONAL UNIVERSITAIRE DE TOURS (CHRU TROUSSEAU CHAMBRAY),BIOTRONIK FRANCE,89440.0,,2020-09-25
"Fourniture de dispositifs médicaux de cardiologie, électrophysiologie, radiologie, chirurgie cardiaque, chirurgie vasculaire, neuroradiologie et mise à disposition des équipements associés - KAF- CATHETER D’ABLATION THERAPEUTIQUE",CENTRE HOSPITALIER REGIONAL UNIVERSITAIRE DE TOURS (CHRU TROUSSEAU CHAMBRAY),BOSTON SCIENTIFIC,705600.0,,2020-09-25
"Fourniture de dispositifs médicaux de cardiologie, électrophysiologie, radiologie, chirurgie cardiaque, chirurgie vasculaire, neuroradiologie et mise à disposition des équipements associés - KAN- CATHETER DE CRYOABLATION THERAPEUTIQUE",CENTRE HOSPITALIER REGIONAL UNIVERSITAIRE DE TOURS (CHRU TROUSSEAU CHAMBRAY),BOSTON SCIENTIFIC,240000.0,,2020-09-25
"Fourniture de dispositifs médicaux de cardiologie, électrophysiologie, radiologie, chirurgie cardiaque, chirurgie vasculaire, neuroradiologie et mise à disposition des équipements associés - DAA- ENDOPROTHESE AORTIQUE ABDOMINALE SUS RENALE",CENTRE HOSPITALIER REGIONAL UNIVERSITAIRE DE TOURS (CHRU TROUSSEAU CHAMBRAY),MEDTRONIC FRANCE,38492.5,,2020-09-25
"Fourniture de dispositifs médicaux de cardiologie, électrophysiologie, radiologie, chirurgie cardiaque, chirurgie vasculaire, neuroradiologie et mise à disposition des équipements associés - DAF- CATHETER D’ANGIOPLASTIE AORTIQUE",CENTRE HOSPITALIER REGIONAL UNIVERSITAIRE DE TOURS (CHRU TROUSSEAU CHAMBRAY),MEDTRONIC FRANCE,20000.0,,2020-09-25
"Fourniture de dispositifs médicaux de cardiologie, électrophysiologie, radiologie, chirurgie cardiaque, chirurgie vasculaire, neuroradiologie et mise à disposition des équipements associés - DAR- CATHETER ANGIOPLASTIE VASCULAIRE ACTIF",CENTRE HOSPITALIER REGIONAL UNIVERSITAIRE DE TOURS (CHRU TROUSSEAU CHAMBRAY),MEDTRONIC FRANCE,32000.0,,2020-09-25
"Fourniture de dispositifs médicaux de cardiologie, électrophysiologie, radiologie, chirurgie cardiaque, chirurgie vasculaire, neuroradiologie et mise à disposition des équipements associés - DAH- PROTHESE VASCULAIRE DROITE ET BIFURQUEE TRICOTEE",CENTRE HOSPITALIER REGIONAL UNIVERSITAIRE DE TOURS (CHRU TROUSSEAU CHAMBRAY),GETINGE FRANCE,43086.0,,2020-09-25
"Fourniture de dispositifs médicaux de cardiologie, électrophysiologie, radiologie, chirurgie cardiaque, chirurgie vasculaire, neuroradiologie et mise à disposition des équipements associés - DAE- ENDOPROTHESE AORTO UNI ILIAQUE",CENTRE HOSPITALIER REGIONAL UNIVERSITAIRE DE TOURS (CHRU TROUSSEAU CHAMBRAY),MEDTRONIC FRANCE,87810.9,,2020-09-25
"Fourniture de dispositifs médicaux de cardiologie, électrophysiologie, radiologie, chirurgie cardiaque, chirurgie vasculaire, neuroradiologie et mise à disposition des équipements associés - FAW- MICRO-CATHETER GUIDE DEPENDANT",CENTRE HOSPITALIER REGIONAL UNIVERSITAIRE DE TOURS (CHRU TROUSSEAU CHAMBRAY),MEDTRONIC FRANCE,478000.0,,2020-09-25
"Fourniture de dispositifs médicaux de cardiologie, électrophysiologie, radiologie, chirurgie cardiaque, chirurgie vasculaire, neuroradiologie et mise à disposition des équipements associés - IAG- CATHETER THERM.POUR MONITEUR PICCO",CENTRE HOSPITALIER REGIONAL UNIVERSITAIRE DE TOURS (CHRU TROUSSEAU CHAMBRAY),GETINGE FRANCE,116580.0,,2020-09-25
"Fourniture de dispositifs médicaux de cardiologie, électrophysiologie, radiologie, chirurgie cardiaque, chirurgie vasculaire, neuroradiologie et mise à disposition des équipements associés - FAS- CATHETER A BALLONNET",CENTRE HOSPITALIER REGIONAL UNIVERSITAIRE DE TOURS (CHRU TROUSSEAU CHAMBRAY),MEDTRONIC FRANCE,159500.0,,2020-09-25
AO CORO 2019-P-ENDOPROTHESE PERIPHERIQUE NUE AUTO EXPANSIBLE EN NITINOL,CENTRE HOSPITALIER GENERAL,ABBOTT MEDICAL FRANCE SAS,85308.0,,2020-09-22
AO CORO 2019-P-CATHETER DE DILATATION A BALLONNET SEMI COMPLIANT POUR ANGIOPLASTIE PERIPHERIQUE,CENTRE HOSPITALIER GENERAL,ABBOTT MEDICAL FRANCE SAS,22000.0,,2020-09-22
AO CORO 2019-P-ENDOPROTHESE PERIPHERIQUE CrCo  NUE MONTEE SUR BALLON,CENTRE HOSPITALIER GENERAL,ABBOTT MEDICAL FRANCE SAS,42654.0,,2020-09-22
DM CARDIO-1823-15	Catheter à Ballonnet pour gros vaisseaux,CENTRE HOSPITALIER DE PAU,BOSTON SCIENTIFIC,1500.0,,2020-08-07
DM CARDIO-1823-13	Cathéter à ballonnet pour dilatation périphérique,CENTRE HOSPITALIER DE PAU,BIOTRONIK FRANCE,9650.0,,2020-08-07
DM CARDIO-1823-18	Stent vasculaire autoexpansible,CENTRE HOSPITALIER DE PAU,BOSTON SCIENTIFIC,6899.0,,2020-08-07
DM CARDIO-1823-16	Stent actif endocoronaire,CENTRE HOSPITALIER DE PAU,BOSTON SCIENTIFIC,1085965.0,,2020-08-07
DM CARDIO-1823-22	Microcatheter pour CTO,CENTRE HOSPITALIER DE PAU,BIOTRONIK FRANCE,5000.0,,2020-08-07
DM CARDIO-1823-4	Cathéter d’Echo endocoronaire,CENTRE HOSPITALIER DE PAU,BOSTON SCIENTIFIC,6420.0,,2020-08-07
DM CARDIO-1823-10	Cathéter à ballonnet HP pour dilatation coronaire,CENTRE HOSPITALIER DE PAU,ABBOTT MEDICAL FRANCE SAS,51940.0,,2020-08-07
"Fourniture de dispositifs médicaux implantables, consommables associés et ancillaires de pose nécessaires à l’activité des établissements membres du GHT Vendée - IMPLANT FERMETURE FORAMEN OVALE",CHD LA ROCHE SUR YON LUCON MONTAIGU (CHD-VENDEE),ABBOTT MEDICAL FRANCE SAS,70806.0,,2020-08-05
"DISPOSITIFS MEDICAUX DE SUTURES, FERMETURE, ENDOCHIRURGIE ET RENFORTS, COMPORTANT 84 LOTS - Implant de renfort pariétal non résorbable (hernie) non préformé, anatomique",CTRE HOSPITALIER UNIVERS PONTCHAILLOU,MEDTRONIC FRANCE,19650.0,,2020-07-24
"DISPOSITIFS MEDICAUX DE SUTURES, FERMETURE, ENDOCHIRURGIE ET RENFORTS, COMPORTANT 84 LOTS - Implant de renfort pariétal biface polyester/collagène",CTRE HOSPITALIER UNIVERS PONTCHAILLOU,MEDTRONIC FRANCE,22850.0,,2020-07-24
"DISPOSITIFS MÉDICAUX STÉRILES : CAPTEUR SOUS CUTANÉ ENLITE, CAPUCHON-CATHÉTER ET TUBULURE POUR RADIOFRÉQUENCE, GAINE DE PROTECTION POUR SONDE DE MANOMÉTRIE, LAME MCGRATH, RÉSERVOIR ET SET D’INFUSION D’INSULINE, AIGUILLE DE BIOPSIE ET SPHÈRE POUR NEURONAVI",CTRE HOSPITALIER UNIVERS PONTCHAILLOU,MEDTRONIC FRANCE,314343.5,,2020-07-22
"Le marché subséquent a pour objet la fourniture de :  - - Cathéter ballonnet angioplastie intracrânienne (lot n° 9) - - Microcathéter ballonnet Remodelage, microguide 0.014 inch (lot n°32) - - Micro-guide, 0,007-0,010 inch, hydrophile inch (lot n° 45) -...",CENTRE HOSPITALIER UNIVERSITAIRE REIMS,STRYKER FRANCE SA,144021.0,,2020-07-15
YM775-137	SYSTEME CABLES POUR FRACTURE SUR PROTHESE,CENTRE HOSPITALIER DE BOULOGNE SUR MER,BIOMET FRANCE,13324.0,,2020-07-08
Le marché subséquent a pour objet la fourniture de : - - Cathéter guide vasculaire périphérique (lot n° 91) - - Guide cathétérisme coronaire et périphérique 0.035 à 0.038 inch téfloné type Rosen ou équivalent (lot n° 163) - - Micro-guide 0.012-0.016 inc...,CENTRE HOSPITALIER UNIVERSITAIRE REIMS,BOSTON SCIENTIFIC,12750.0,,2020-07-02
Le marché subséquent a pour objet la fourniture de : - - Cathéter guide vasculaire périphérique (lot n° 91) - - Guide cathétérisme coronaire et périphérique 0.035 à 0.038 inch téfloné type Rosen ou équivalent (lot n° 163) - - Micro-guide 0.012-0.016 inc...,CENTRE HOSPITALIER UNIVERSITAIRE REIMS,BOSTON SCIENTIFIC,96.25,,2020-07-02
Le marché subséquent a pour objet la fourniture de : - - Cathéter guide vasculaire périphérique (lot n° 91) - - Guide cathétérisme coronaire et périphérique 0.035 à 0.038 inch téfloné type Rosen ou équivalent (lot n° 163) - - Micro-guide 0.012-0.016 inc...,CENTRE HOSPITALIER UNIVERSITAIRE REIMS,BOSTON SCIENTIFIC,637.5,,2020-07-02
Le marché subséquent a pour objet la fourniture de sonde-électrode stimulation temporaire bipolaire implantation percutanée (lot n° 65 de l’accord-cadre n° 2018-002) pour les besoins des établissements parties du Groupement Hospitalier Universitaire de Ch,CENTRE HOSPITALIER UNIVERSITAIRE REIMS,ABBOTT MEDICAL FRANCE SAS,6240.0,,2020-07-02
Le marché subséquent a pour objet la fourniture de : - - Cathéter ballonnet modelage endoprothèse aortique (lot n° 55) - - Système Fixation endoprothèse aortique agrafage endovasculaire (lot n°57) - - Sonde-électrode stimulation temporaire bipolaire ven...,CENTRE HOSPITALIER UNIVERSITAIRE REIMS,MEDTRONIC FRANCE,59500.0,,2020-07-02
Le marché subséquent a pour objet la fourniture de : - - Cathéter ballonnet modelage endoprothèse aortique (lot n° 55) - - Système Fixation endoprothèse aortique agrafage endovasculaire (lot n°57) - - Sonde-électrode stimulation temporaire bipolaire ven...,CENTRE HOSPITALIER UNIVERSITAIRE REIMS,MEDTRONIC FRANCE,10000.0,,2020-07-02
Le marché subséquent a pour objet la fourniture de : - - Cathéter ballonnet modelage endoprothèse aortique (lot n° 55) - - Système Fixation endoprothèse aortique agrafage endovasculaire (lot n°57) - - Sonde-électrode stimulation temporaire bipolaire ven...,CENTRE HOSPITALIER UNIVERSITAIRE REIMS,MEDTRONIC FRANCE,625.0,,2020-07-02
Le marché subséquent a pour objet la fourniture de : - - Cathéter ballonnet modelage endoprothèse aortique (lot n° 55) - - Système Fixation endoprothèse aortique agrafage endovasculaire (lot n°57) - - Sonde-électrode stimulation temporaire bipolaire ven...,CENTRE HOSPITALIER UNIVERSITAIRE REIMS,MEDTRONIC FRANCE,78000.0,,2020-07-02
"FOURNITURE DE DISPOSITIFS MEDICAUX STERILES ET OU IMPLANTABLES DE LA SOCIETE ABBOTT : acord-cadre à bons de commande mono-attributaire, sans minimum ni maximum en valeur ou en quantité, il sera exécutoire à compter du 01/07/2020 ou de sa date de notificat",CENTRE HOSPITALIER REGIONAL UNIVERSITAIRE DE NANCY,ABBOTT MEDICAL FRANCE SAS,260000.0,,2020-06-26
"2019AO33006-Cathéter dialyse péritonéale, col de cygne à droite, 43cm, extremite TENCKHOFF, 2 manchons - lot 18",CENTRE HOSPITALIER LES CHANAUX,MEDTRONIC FRANCE,5760.0,,2020-06-15
AO CORO 2019-C-CATHETER GUIDE POUR ANGIOPLASTIE CORONAIRE DROITE OU GAUCHE DE 5F à 8 F,CENTRE HOSPITALIER GENERAL,MEDTRONIC FRANCE,175864.0,,2020-06-11
AO CORO 2019-C-CATHETER DE DILATATION  A BALLONNET SEMI-COMPLIANT POUR ANGIOPLASTIE CORONAIRE - SYSTEME MONORAIL,CENTRE HOSPITALIER GENERAL,BOSTON SCIENTIFIC,78400.0,,2020-06-10
AO CORO 2019-C-ENDOPROTHESE CrCo A POLYMERE NON RESORBABLE RECOUVERTE D’EVEROLIMUS,CENTRE HOSPITALIER GENERAL,ABBOTT MEDICAL FRANCE SAS,764364.0,,2020-06-10
AO CORO 2019-C-EXTENSION DE CATHETER GUIDE,CENTRE HOSPITALIER GENERAL,BOSTON SCIENTIFIC,46200.0,,2020-06-10
AO CORO 2019-C-ENDOPROTHESE CrCo A POLYMERE RESORBABLE RECOUVERTE D’EVEROLIMUS,CENTRE HOSPITALIER GENERAL,BOSTON SCIENTIFIC,549378.0,,2020-06-10
AO CORO 2019-C-CATHETER DE DILATATION A BALLONNET NON COMPLIANT POUR ANGIOPLASTIE CORONAIRE- SYSTEME MONORAIL,CENTRE HOSPITALIER GENERAL,BIOTRONIK FRANCE,114268.0,,2020-06-10
AO CORO 2019-C-CATHETER A BALLONNET COUPANT OU A MODIFICATION DE PLAQUE RX POUR ANGIOPLASTIE CORONAIRE,CENTRE HOSPITALIER GENERAL,BOSTON SCIENTIFIC,63000.0,,2020-06-10
YM775-28	SYSTEME CABLES POUR FRACTURE SUR PROTHESE,CENTRE HOSPITALIER DE BOULOGNE SUR MER,ZIMMER BIOMET FRANCE,5627.0,,2020-06-08
YM775-13	PROTHESE GENOU FEMORO PATELLAIRE,CENTRE HOSPITALIER DE BOULOGNE SUR MER,ZIMMER BIOMET FRANCE,2992.0,,2020-06-08
YM775-25	PROTHESE TRAPEZO METACARPIENNE,CENTRE HOSPITALIER DE BOULOGNE SUR MER,ZIMMER BIOMET FRANCE,8550.0,,2020-06-08
YM775-105	IMPLANT ORTEIL,CENTRE HOSPITALIER DE BOULOGNE SUR MER,STRYKER FRANCE SA,2106.0,,2020-06-08
YM775-9	PROTHESE EPAULE ANATOMIQUE,CENTRE HOSPITALIER DE BOULOGNE SUR MER,ZIMMER BIOMET FRANCE,26810.0,,2020-06-08
YM775-11	PROTHESE EPAULE INVERSEE,CENTRE HOSPITALIER DE BOULOGNE SUR MER,ZIMMER BIOMET FRANCE,28893.0,,2020-06-08
"Dispositifs médicaux à usage unique de cardiologie divers - Relance pour le groupement de commande composé du CHU de Caen, établissement support du GHT Normandie Centre, le CH Mémorial de Saint Lô et le CH Public du Cotentin de Cherbourg - CATHETER INTERM",CENTRE HOSPITALIER UNIVERSITAIRE DE CAEN NORMANDIE,MEDTRONIC FRANCE,34500.0,,2020-05-27
"Dispositifs médicaux à usage unique de cardiologie divers - Relance pour le groupement de commande composé du CHU de Caen, établissement support du GHT Normandie Centre, le CH Mémorial de Saint Lô et le CH Public du Cotentin de Cherbourg - MICROCATHETER A",CENTRE HOSPITALIER UNIVERSITAIRE DE CAEN NORMANDIE,MEDTRONIC FRANCE,13050.0,,2020-05-27
"Dispositifs médicaux à usage unique de cardiologie divers - Relance pour le groupement de commande composé du CHU de Caen, établissement support du GHT Normandie Centre, le CH Mémorial de Saint Lô et le CH Public du Cotentin de Cherbourg - STENT RETRIEVER",CENTRE HOSPITALIER UNIVERSITAIRE DE CAEN NORMANDIE,MEDTRONIC FRANCE,361145.0,,2020-05-27
"Dispositifs médicaux à usage unique de cardiologie divers - Relance pour le groupement de commande composé du CHU de Caen, établissement support du GHT Normandie Centre, le CH Mémorial de Saint Lô et le CH Public du Cotentin de Cherbourg - MICROCATHETER E",CENTRE HOSPITALIER UNIVERSITAIRE DE CAEN NORMANDIE,MEDTRONIC FRANCE,6450.0,,2020-05-27
MS Fourniture de cathéters d’échographie endocoronaire avec mise à disposition à titre gratuit de la console associée (Lot n° 117 de l’accord-cadre resah n° 2018-002),CENTRE HOSPITALIER UNIVERSITAIRE REIMS,BOSTON SCIENTIFIC,86400.0,,2020-05-26
"Dispositifs médicaux à usage unique de cardiologie divers - Relance pour le groupement de commande composé du CHU de Caen, établissement support du GHT Normandie Centre, le CH Mémorial de Saint Lô et le CH Public du Cotentin de Cherbourg - CATHETER INTERM",CENTRE HOSPITALIER UNIVERSITAIRE DE CAEN NORMANDIE,JOHNSON & JOHNSON MEDICAL SAS,5000.0,,2020-05-25
"Dispositifs médicaux à usage unique de cardiologie divers - Relance pour le groupement de commande composé du CHU de Caen, établissement support du GHT Normandie Centre, le CH Mémorial de Saint Lô et le CH Public du Cotentin de Cherbourg - CATHETER DILATA",CENTRE HOSPITALIER UNIVERSITAIRE DE CAEN NORMANDIE,BIOTRONIK FRANCE,42300.0,,2020-05-22
"Fourniture d’implants de réfection de paroi et antiadhérentiels, dispositifs pour laparotomie et coelioscopie, agents hémostatiques et d’étanchéité, lacs et dispositifs médicaux pour ablathermie per-opératoire et per-cutanée et mise à disposition des disp",CENTRE HOSPITALIER REGIONAL UNIVERSITAIRE DE TOURS (CHRU TROUSSEAU CHAMBRAY),MEDTRONIC FRANCE,3179632.0,,2020-05-19
"Fourniture d’implants de réfection de paroi et antiadhérentiels, dispositifs pour laparotomie et coelioscopie, agents hémostatiques et d’étanchéité, lacs et dispositifs médicaux pour ablathermie per-opératoire et per-cutanée et mise à disposition des disp",CENTRE HOSPITALIER REGIONAL UNIVERSITAIRE DE TOURS (CHRU TROUSSEAU CHAMBRAY),JOHNSON & JOHNSON MEDICAL SAS,1630966.0,,2020-05-19
"Fourniture d’implants de réfection de paroi et antiadhérentiels, dispositifs pour laparotomie et coelioscopie, agents hémostatiques et d’étanchéité, lacs et dispositifs médicaux pour ablathermie per-opératoire et per-cutanée et mise à disposition des disp",CENTRE HOSPITALIER REGIONAL UNIVERSITAIRE DE TOURS (CHRU TROUSSEAU CHAMBRAY),BOSTON SCIENTIFIC,84200.0,,2020-05-18
"Familles Vasculaire, Cardiologie Interventionnelle, Chirurgie Cardiaque, Embolisation Vasculaire Périphérique, Neuro-embolisation, Radiologie, Rythmologie et Electrophysiologie - CATHETER DE THROMBOASPIRATION",CENTRE HOSPITALIER REGIONAL DE MARSEILLE (ASSISTANCE PUBLIQUE-HOPITAUX MARSEILLE),MEDTRONIC FRANCE,110783.0,,2020-05-07
Fourniture de dispositifs médicaux stériles du système cardiovasculaire et d’imagerie médicale pour le Groupement Hospitalier de Territoire Bresse Haut Bugey - CATHETER ANGIOGRAPHIE MEMBRES INFERIEURS - Classe 18.25  CONSOMMABLES DE RADIOLOGIE,CENTRE HOSPITALIER FLEYRIAT,BOSTON SCIENTIFIC,0.0,,2020-05-05
Fourniture de dispositifs médicaux stériles du système cardiovasculaire et d’imagerie médicale pour le Groupement Hospitalier de Territoire Bresse Haut Bugey - PROTHESE VASCULAIRE EN POLYESTER BIFURQUEE - Classe 18.22  SYSTEME CARDIO VASCULAIRE,CENTRE HOSPITALIER FLEYRIAT,GETINGE FRANCE,0.0,,2020-05-05
Fourniture de dispositifs médicaux stériles du système cardiovasculaire et d’imagerie médicale pour le Groupement Hospitalier de Territoire Bresse Haut Bugey - PROTHESE VASCULAIRE EN POLYESTER DROITE - ,CENTRE HOSPITALIER FLEYRIAT,GETINGE FRANCE,0.0,,2020-05-05
Fourniture de dispositifs médicaux stériles du système cardiovasculaire et d’imagerie médicale pour le Groupement Hospitalier de Territoire Bresse Haut Bugey - STENT VASCULAIRE PERIPHERIQUE (en ACIER) EXPANSIBLE SUR BALLONNET - ,CENTRE HOSPITALIER FLEYRIAT,BIOTRONIK FRANCE,0.0,,2020-05-05
Fourniture de dispositifs médicaux stériles du système cardiovasculaire et d’imagerie médicale pour le Groupement Hospitalier de Territoire Bresse Haut Bugey - STENT VASCULAIRE GRANDE TAILLE >10mm NITINOL AUTOEXPANSIBLE - ,CENTRE HOSPITALIER FLEYRIAT,BOSTON SCIENTIFIC,0.0,,2020-05-05
Fourniture de dispositifs médicaux stériles du système cardiovasculaire et d’imagerie médicale pour le Groupement Hospitalier de Territoire Bresse Haut Bugey - STENT VASCULAIRE PERIPHERIQUE COUVERT (en ACIER) EXPANSIBLE SUR BALLONNET - ,CENTRE HOSPITALIER FLEYRIAT,GETINGE FRANCE,0.0,,2020-05-05
Prestations de dispositifs médicaux implantables d’orthopédie et de prestations associées,CENTRE HOSPITALIER UNIVERSITAIRE DE CAEN NORMANDIE,JOHNSON & JOHNSON MEDICAL SAS,3750.0,aberrant,2020-05-01
Prestations de dispositifs médicaux implantables d’orthopédie et de prestations associées,CENTRE HOSPITALIER UNIVERSITAIRE DE CAEN NORMANDIE,STRYKER FRANCE SA,3750.0,aberrant,2020-05-01
Fourniture d’implants non stériles ou stériles captifs de l’instrumentation Kit Matta et Pelvis Pro,CENTRE HOSPITALIER UNIVERSITAIRE REIMS,STRYKER FRANCE SA,60000.0,,2020-04-27
"Fourniture de prothèses orthopédiques, de matériel d’ostéosynthèse et d’autres dispositifs pour le Centre hospitalier Alphonse GUERIN - LOT 5. LOT 26. LOT 28. LOT 29. LOT 31. LOT 32. LOT 33. LOT 34. LOT 36. LOT 42. LOT 45. LOT 47. LOT 51. LOT 52.",CENTRE HOSPITALIER BRETAGNE ATLANTIQUE (CENTRE HOSPITALIER CHUBERT),STRYKER FRANCE SA,0.0,,2020-04-09
"Fourniture de prothèses orthopédiques, de matériel d’ostéosynthèse et d’autres dispositifs pour le Centre hospitalier Alphonse GUERIN - Prothèse de genou unicompartimentale ",CENTRE HOSPITALIER BRETAGNE ATLANTIQUE (CENTRE HOSPITALIER CHUBERT),STRYKER FRANCE SA,0.0,,2020-04-09
"Fourniture de prothèses orthopédiques, de matériel d’ostéosynthèse et d’autres dispositifs pour le Centre hospitalier Alphonse GUERIN - Prothèse totale de genou sans navigateur",CENTRE HOSPITALIER BRETAGNE ATLANTIQUE (CENTRE HOSPITALIER CHUBERT),STRYKER FRANCE SA,0.0,,2020-04-09
"Fourniture de prothèses orthopédiques, de matériel d’ostéosynthèse et d’autres dispositifs pour le Centre hospitalier Alphonse GUERIN - Cotyle à double mobilité (gamme complète, première intention et de révision)",CENTRE HOSPITALIER BRETAGNE ATLANTIQUE (CENTRE HOSPITALIER CHUBERT),JOHNSON & JOHNSON MEDICAL SAS,0.0,,2020-04-08
"Fourniture de prothèses orthopédiques, de matériel d’ostéosynthèse et d’autres dispositifs pour le Centre hospitalier Alphonse GUERIN - Prothèse de genou unicompartimentale ",CENTRE HOSPITALIER BRETAGNE ATLANTIQUE (CENTRE HOSPITALIER CHUBERT),JOHNSON & JOHNSON MEDICAL SAS,0.0,,2020-04-08
"Fourniture de prothèses orthopédiques, de matériel d’ostéosynthèse et d’autres dispositifs pour le Centre hospitalier Alphonse GUERIN - LOT 15. LOT 18. LOT 19. LOT 22. LOT 24. LOT 25. LOT 27. LOT 37. LOT 38",CENTRE HOSPITALIER BRETAGNE ATLANTIQUE (CENTRE HOSPITALIER CHUBERT),JOHNSON & JOHNSON MEDICAL SAS,0.0,,2020-04-08
"Fourniture de prothèses orthopédiques, de matériel d’ostéosynthèse et d’autres dispositifs pour le Centre hospitalier Alphonse GUERIN - LOT 17 Prothèse totale de genou à plateau tibial asymétrique - LOT 30 Système de câbles et de plaques pour ostéosynthès",CENTRE HOSPITALIER BRETAGNE ATLANTIQUE (CENTRE HOSPITALIER CHUBERT),ZIMMER BIOMET FRANCE,0.0,,2020-04-08
"Fourniture de prothèses orthopédiques, de matériel d’ostéosynthèse et d’autres dispositifs pour le Centre hospitalier Alphonse GUERIN - Prothèse totale de genou sans navigateur",CENTRE HOSPITALIER BRETAGNE ATLANTIQUE (CENTRE HOSPITALIER CHUBERT),JOHNSON & JOHNSON MEDICAL SAS,0.0,,2020-04-08
"Fourniture de prothèses orthopédiques, de matériel d’ostéosynthèse et d’autres dispositifs pour le Centre hospitalier Alphonse GUERIN - Lame de scie usage unique toutes tailles pour moteurs Stryker et Synthes",CENTRE HOSPITALIER BRETAGNE ATLANTIQUE (CENTRE HOSPITALIER CHUBERT),ZIMMER BIOMET FRANCE,0.0,,2020-04-08
D.M. à U.U. pour angioplastie coronaire et coronarographie et endoprothèses coronaires: Lot 23: Guide angioplastie coronaire,CENTRE HOSPITALIER D ANGOULEME,ABBOTT MEDICAL FRANCE SAS,293085.0,,2020-03-31
D.M. à U.U. pour angioplastie coronaire et coronarographie et endoprothèses coronaires: Lot 7: Cathéter à ballonnet monorail non compliant impaction après stenting direct,CENTRE HOSPITALIER D ANGOULEME,MEDTRONIC FRANCE,120000.0,,2020-03-31
D.M. à U.U. pour angioplastie coronaire et coronarographie et endoprothèses coronaires: Lot 47: Système de fermeture artérielle (fil monofilament),CENTRE HOSPITALIER D ANGOULEME,ABBOTT MEDICAL FRANCE SAS,45000.0,,2020-03-31
D.M. à U.U. pour angioplastie coronaire et coronarographie et endoprothèses coronaires: Lot 18: Endoprothèse coronaire avec libération de principe actif (type everolimus),CENTRE HOSPITALIER D ANGOULEME,BOSTON SCIENTIFIC,1074870.0,,2020-03-31
D.M. à U.U. pour angioplastie coronaire et coronarographie et endoprothèses coronaires: Lot 20: Endoprothèse coronaire avec libération de principe actif (avec polymère biosésorbable),CENTRE HOSPITALIER D ANGOULEME,BIOTRONIK FRANCE,247500.0,,2020-03-31
Fourniture de dispositifs médicaux pour ORL et implants cochelaires pour le GHT 44  - La consultation est répartie en 56 lots tel que précisé dans l’annexe 1 au CCTP relatif au catalogue des besoins,CHU NANTES (DIRECTION GENERALE),MEDTRONIC FRANCE,1738535.0,,2020-03-11
"AC-HDL-2018-005-18	Cathéter hémodialyse, triple lumière, temporaire-court/moyen terme",CENTRE HOSPITALIER SUD FRANCILIEN,MEDTRONIC FRANCE,200000.0,,2020-03-09
Fourniture de dispositifs médicaux à usage unique stérile endoscopie et nutrition pour les établissements du GHT Normandie centre - CATHETER DILATATION DIGESTIVE ENDOSCOPIQUE CRE,CENTRE HOSPITALIER UNIVERSITAIRE DE CAEN NORMANDIE,BOSTON SCIENTIFIC,40950.0,,2020-03-06
Fourniture de dispositifs médicaux à usage unique stérile endoscopie et nutrition pour les établissements du GHT Normandie centre - CATHETER CPRE OPACIFICATION,CENTRE HOSPITALIER UNIVERSITAIRE DE CAEN NORMANDIE,BOSTON SCIENTIFIC,3240.0,,2020-03-06
"FOURNITURE DE DISPOSITIFS MEDICAUX STERILES IMPLANTABLES ET NON IMPLANTABLES D’ABORDS DIGESTIF, UROLOGIQUE, GYNECO-OBSTETRIQUE ET DE STOMIES",CENTRE HOSPITALIER UNIVERSITAIRE DE MONTPELLIER (CENT ADMINIST ANDRE BENECH),JOHNSON & JOHNSON MEDICAL SAS,115141.0,,2020-03-05
Fourniture de dispositifs médicaux pour ORL et implants cochelaires pour le GHT 44  - La consultation est répartie en 56 lots tel que précisé dans l’annexe 1 au CCTP relatif au catalogue des besoins,CHU NANTES (DIRECTION GENERALE),STRYKER FRANCE SA,187200.0,,2020-02-24
Fourniture de dispositifs médicaux stériles (DMS) de chirurgie générale (viscérale/urologie/gynécologie/obstétrique) et cathétérisme centra (RESAH / ACCHG 2018-004) MEDTRONIC,,MEDTRONIC FRANCE,186336.0,,2020-02-19
"2019AO33013-endoprothèse périphérique CrCo couverte, expansible sur ballon 0,035 tous diam et longueurs",CTRE HOSPITALIER VILLEFRANCHE S SAONE,MEDTRONIC FRANCE,42652.0,,2020-02-17
"2019AO33013-Cathéter ballonnet angioplastie périphérique actif, coaxial, tous diam et L.",CTRE HOSPITALIER VILLEFRANCHE S SAONE,MEDTRONIC FRANCE,19200.0,,2020-02-17
"2019AO33013-Endoprothèse vasculaire périphérique, active,nitinol, à élution paclitaxel tous diam et Longueurs 0,035",CTRE HOSPITALIER VILLEFRANCHE S SAONE,BOSTON SCIENTIFIC,31468.0,,2020-02-17
"2019AO33013-Endoprothèse vasculaire périphérique, nitinol, nue, autoexpansible 0,035 L. 5 à 10mm",CTRE HOSPITALIER VILLEFRANCHE S SAONE,BOSTON SCIENTIFIC,71088.0,,2020-02-17
"2019AO33013-Cathéter ballonnet angioplastie périphérique non-compliant, coaxial",CTRE HOSPITALIER VILLEFRANCHE S SAONE,BOSTON SCIENTIFIC,26400.0,,2020-02-17
"Fourniture de dispositifs médicaux de cardiologie, vasculaires et de radiologie interventionnelle - Lot 28 - CATHETER POUR ABLATION DE FAISCEAU DE KENT",CENTRE HOSPITALIER BRETAGNE ATLANTIQUE (CENTRE HOSPITALIER CHUBERT),JOHNSON & JOHNSON MEDICAL SAS,0.0,,2020-02-13
"Fourniture de dispositifs médicaux de cardiologie, vasculaires et de radiologie interventionnelle - Lot 75 - BALLON DE CONTRE-PULSION INTRA-AORTIQUE  - Lot 92 ENDOPROTHESE VASCULAIRE PERIPHERIQUE COUVERTE DE PTFE",CENTRE HOSPITALIER BRETAGNE ATLANTIQUE (CENTRE HOSPITALIER CHUBERT),GETINGE FRANCE,0.0,,2020-02-12
Fourniture de dispositifs médicaux stériles (DMS) de chirurgie générale (viscérale/urologie/gynécologie/obstétrique) et cathétérisme central (RESAH / ACCHG 2018-004) JOHNSON&JOHNSON,,JOHNSON & JOHNSON MEDICAL SAS,420987.0,,2020-02-03
Fourniture de prothèses orthopédiques stériles et de matériels d’ostéosynthèse pour le Groupement Hospitalier de Territoire Bresse Haut Bugey - SYSTEME CLOS DE MELANGEUR DE CIMENT UU,CENTRE HOSPITALIER FLEYRIAT,ZIMMER BIOMET FRANCE,0.0,,2020-01-28
"Fourniture d’endoprothèses coronaires, prothèses et endoprothèses vasculaires périphériques, coils et plugs pour le cadre du GHT72 - ENDOPROTHESE CORONAIRE A ELUTION DE MEDICAMENT",HOPITAL LE MANS,MEDTRONIC FRANCE,295510.0,,2020-01-22
"Fourniture d’endoprothèses coronaires, prothèses et endoprothèses vasculaires périphériques, coils et plugs pour le cadre du GHT72 - ENDOPROTHESE CORONAIRE A ELUTION DE MEDICAMENT",HOPITAL LE MANS,ABBOTT MEDICAL FRANCE SAS,149400.0,,2020-01-22
"Fourniture d’endoprothèses coronaires, prothèses et endoprothèses vasculaires périphériques, coils et plugs pour le cadre du GHT72 - ENDOPROTHESE METALLIQUE VASCULAIRE PERIPHERIQUE AUTO-EXPANSIBLE NON COUVERTE",HOPITAL LE MANS,ABBOTT MEDICAL FRANCE SAS,96300.0,,2020-01-22
"Fourniture d’endoprothèses coronaires, prothèses et endoprothèses vasculaires périphériques, coils et plugs pour le cadre du GHT72 - ENDOPROTHESE METALLIQUE VASCULAIRE PERIPHERIQUE AUTO-EXPANSIBLE NON COUVERTE",HOPITAL LE MANS,ABBOTT MEDICAL FRANCE SAS,12400.0,,2020-01-22
"Fourniture d’endoprothèses coronaires, prothèses et endoprothèses vasculaires périphériques, coils et plugs pour le cadre du GHT72 - ENDOPROTHESE AORTO-BI-ILIAQUE OU AORTO-UNI-ILIAQUE AVEC ANCRAGE SUPRA-RENAL",HOPITAL LE MANS,MEDTRONIC FRANCE,76985.0,,2020-01-22
"Fourniture d’endoprothèses coronaires, prothèses et endoprothèses vasculaires périphériques, coils et plugs pour le cadre du GHT72 - ENDOPROTHESE METALLIQUE VASCULAIRE PERIPHERIQUE SUR BALLON NON COUVERTE",HOPITAL LE MANS,GETINGE FRANCE,675.0,,2020-01-22
"Fourniture d’endoprothèses coronaires, prothèses et endoprothèses vasculaires périphériques, coils et plugs pour le cadre du GHT72 - ENDOPROTHESE METALLIQUE VASCULAIRE PERIPHERIQUE SUR BALLON NON COUVERTE",HOPITAL LE MANS,ABBOTT MEDICAL FRANCE SAS,1100.0,,2020-01-22
"Fourniture d’endoprothèses coronaires, prothèses et endoprothèses vasculaires périphériques, coils et plugs pour le cadre du GHT72 - ENDOPROTHESE POUR STENOSE VEINEUSE",HOPITAL LE MANS,BOSTON SCIENTIFIC,3555.0,,2020-01-22
"Fourniture d’endoprothèses coronaires, prothèses et endoprothèses vasculaires périphériques, coils et plugs pour le cadre du GHT72 - MICROSPHERES POUR EMBOLISATION VASCULAIRE",HOPITAL LE MANS,BOSTON SCIENTIFIC,1180.0,,2020-01-22
"Fourniture d’endoprothèses coronaires, prothèses et endoprothèses vasculaires périphériques, coils et plugs pour le cadre du GHT72 - ENDOPROTHESE CORONAIRE A ELUTION DE MEDICAMENT",HOPITAL LE MANS,BOSTON SCIENTIFIC,128750.0,,2020-01-22
"Fourniture d’endoprothèses coronaires, prothèses et endoprothèses vasculaires périphériques, coils et plugs pour le cadre du GHT72 - PROTHESE VASCULAIRE POUR ABORD ARTERIO-VEINEUX POUR HEMODIALYSE",HOPITAL LE MANS,GETINGE FRANCE,2500.0,,2020-01-22
"Fourniture d’endoprothèses coronaires, prothèses et endoprothèses vasculaires périphériques, coils et plugs pour le cadre du GHT72 - PROTHESE VASCULAIRE, DACRON IMPREGNE, ARGENTIQUE",HOPITAL LE MANS,GETINGE FRANCE,24000.0,,2020-01-22
"Fourniture d’endoprothèses coronaires, prothèses et endoprothèses vasculaires périphériques, coils et plugs pour le cadre du GHT72 - PROTHESE VASCULAIRE, PTFE EXPANSE ET POLYESTER",HOPITAL LE MANS,GETINGE FRANCE,29705.0,,2020-01-22
"Fourniture d’endoprothèses coronaires, prothèses et endoprothèses vasculaires périphériques, coils et plugs pour le cadre du GHT72 - ENDOPROTHESE METALLIQUE VASCULAIRE PERIPHERIQUE SUR BALLON COUVERTE",HOPITAL LE MANS,GETINGE FRANCE,56872.0,,2020-01-22
Fourniture de dispositifs médicaux d’abord ophtalmologique et ORL - Lot 14 IMPLANT POUR OSTEOSYNTHESE MAXILLO-FACIALE - Lot 15 IMPLANT POUR PLANCHER ORBITAIRE - Lot 22 SUTURE SOIE - Lot 42 SUTURE RESORBABLE INTERMEDIAIRE TRESSEE OPHTALMOLOGIE,CENTRE HOSPITALIER BRETAGNE ATLANTIQUE (CENTRE HOSPITALIER CHUBERT),JOHNSON & JOHNSON MEDICAL SAS,0.0,,2020-01-17
Fourniture de prothèses chirurgicales et dispositifs médicaux - AO 2019-60  - PROTHESE DISCALE LOMBAIRE ,CENTRE HOSPITALIER UNIVERSITAIRE D ORLEANS (HOPITAL MADELEINE ORLEANS),ZIMMER BIOMET FRANCE,17061.5,,2020-01-01
Fourniture de prothèses chirurgicales et dispositifs médicaux - AO 2019-60  - MONITEUR ECG IMPLANTABLE,CENTRE HOSPITALIER UNIVERSITAIRE D ORLEANS (HOPITAL MADELEINE ORLEANS),MEDTRONIC FRANCE,21766.8,,2020-01-01
Fourniture de prothèses chirurgicales et dispositifs médicaux - AO 2019-60  - ENDOPROTHESE CORONAIRE METALLIQUE,CENTRE HOSPITALIER UNIVERSITAIRE D ORLEANS (HOPITAL MADELEINE ORLEANS),BOSTON SCIENTIFIC,7500.0,,2020-01-01
Fourniture de prothèses chirurgicales et dispositifs médicaux - AO 2019-60  - DEFIBRILLATEUR IMPLANTABLE AVEC SONDE SOUS-CUTANEE,CENTRE HOSPITALIER UNIVERSITAIRE D ORLEANS (HOPITAL MADELEINE ORLEANS),BOSTON SCIENTIFIC,140750.0,,2020-01-01
Fourniture de prothèses chirurgicales et dispositifs médicaux AO 2019-60Lot n° 2 DEFIBRILLATEUR IMPLANTABLE TRIPLE CHAMBRE ,CENTRE HOSPITALIER UNIVERSITAIRE D ORLEANS (HOPITAL MADELEINE ORLEANS),MEDTRONIC FRANCE,99543.49,,2020-01-01
Fourniture de prothèses chirurgicales et dispositifs médicaux AO 2019-60Lot 1 : DEFIBRILLATEUR IMPLANTABLE SIMPLE CHAMBRE,CENTRE HOSPITALIER UNIVERSITAIRE D ORLEANS (HOPITAL MADELEINE ORLEANS),ABBOTT MEDICAL FRANCE SAS,144874.55,,2020-01-01
Fourniture de prothèses chirurgicales et dispositifs médicaux AO 2019-60Lot 1 : DEFIBRILLATEUR IMPLANTABLE SIMPLE CHAMBRE,CENTRE HOSPITALIER UNIVERSITAIRE D ORLEANS (HOPITAL MADELEINE ORLEANS),BIOTRONIK FRANCE,144874.55,,2020-01-01
Fourniture de prothèses chirurgicales et dispositifs médicaux AO 2019-60Lot 1 : DEFIBRILLATEUR IMPLANTABLE SIMPLE CHAMBRE,CENTRE HOSPITALIER UNIVERSITAIRE D ORLEANS (HOPITAL MADELEINE ORLEANS),BOSTON SCIENTIFIC,144874.55,,2020-01-01
Fourniture de prothèses chirurgicales et dispositifs médicaux AO 2019-60Lot 1 : DEFIBRILLATEUR IMPLANTABLE SIMPLE CHAMBRE,CENTRE HOSPITALIER UNIVERSITAIRE D ORLEANS (HOPITAL MADELEINE ORLEANS),MEDTRONIC FRANCE,144874.55,,2020-01-01
Fourniture de prothèses chirurgicales et dispositifs médicaux AO 2019-60Lot n° 2 DEFIBRILLATEUR IMPLANTABLE TRIPLE CHAMBRE ,CENTRE HOSPITALIER UNIVERSITAIRE D ORLEANS (HOPITAL MADELEINE ORLEANS),ABBOTT MEDICAL FRANCE SAS,99543.49,,2020-01-01
Fourniture de prothèses chirurgicales et dispositifs médicaux AO 2019-60Lot n° 2 DEFIBRILLATEUR IMPLANTABLE TRIPLE CHAMBRE ,CENTRE HOSPITALIER UNIVERSITAIRE D ORLEANS (HOPITAL MADELEINE ORLEANS),BIOTRONIK FRANCE,99543.49,,2020-01-01
Fourniture de prothèses chirurgicales et dispositifs médicaux AO 2019-60Lot n° 2 DEFIBRILLATEUR IMPLANTABLE TRIPLE CHAMBRE ,CENTRE HOSPITALIER UNIVERSITAIRE D ORLEANS (HOPITAL MADELEINE ORLEANS),BOSTON SCIENTIFIC,99543.49,,2020-01-01
Fourniture de prothèses chirurgicales et dispositifs médicaux AO 2019-60LOT N° 5 STIMULATEUR CARDIAQUE DOUBLE CHAMBRE,CENTRE HOSPITALIER UNIVERSITAIRE D ORLEANS (HOPITAL MADELEINE ORLEANS),MEDTRONIC FRANCE,119512.72,,2020-01-01
Fourniture de prothèses chirurgicales et dispositifs médicaux AO 2019-60LOT n° 4 STIMULATEUR CARDIAQUE SIMPLE CHAMBRE,CENTRE HOSPITALIER UNIVERSITAIRE D ORLEANS (HOPITAL MADELEINE ORLEANS),ABBOTT MEDICAL FRANCE SAS,20333.94,,2020-01-01
Fourniture de prothèses chirurgicales et dispositifs médicaux AO 2019-60LOT N° 5 STIMULATEUR CARDIAQUE DOUBLE CHAMBRE,CENTRE HOSPITALIER UNIVERSITAIRE D ORLEANS (HOPITAL MADELEINE ORLEANS),BOSTON SCIENTIFIC,119512.72,,2020-01-01
Fourniture de prothèses chirurgicales et dispositifs médicaux AO 2019-60LOT n° 8 ENDOPROTHESE CORONAIRE THERAPEUTIQUE,CENTRE HOSPITALIER UNIVERSITAIRE D ORLEANS (HOPITAL MADELEINE ORLEANS),BOSTON SCIENTIFIC,379406.64,,2020-01-01
Fourniture de prothèses chirurgicales et dispositifs médicaux AO 2019-60 Lot 6 STIMULATEUR CARDIAQUE TRIPLECHAMBRE,CENTRE HOSPITALIER UNIVERSITAIRE D ORLEANS (HOPITAL MADELEINE ORLEANS),MEDTRONIC FRANCE,25137.44,,2020-01-01
Fourniture de prothèses chirurgicales et dispositifs médicaux AO 2019-60 Lot 6 STIMULATEUR CARDIAQUE TRIPLECHAMBRE,CENTRE HOSPITALIER UNIVERSITAIRE D ORLEANS (HOPITAL MADELEINE ORLEANS),BOSTON SCIENTIFIC,25137.44,,2020-01-01
Fourniture de prothèses chirurgicales et dispositifs médicaux AO 2019-60LOT n° 4 STIMULATEUR CARDIAQUE SIMPLE CHAMBRE,CENTRE HOSPITALIER UNIVERSITAIRE D ORLEANS (HOPITAL MADELEINE ORLEANS),BIOTRONIK FRANCE,20333.94,,2020-01-01
Fourniture de prothèses chirurgicales et dispositifs médicaux AO 2019-60 Lot 6 STIMULATEUR CARDIAQUE TRIPLECHAMBRE,CENTRE HOSPITALIER UNIVERSITAIRE D ORLEANS (HOPITAL MADELEINE ORLEANS),ABBOTT MEDICAL FRANCE SAS,25137.44,,2020-01-01
Fourniture de prothèses chirurgicales et dispositifs médicaux AO 2019-60 Lot 6 STIMULATEUR CARDIAQUE TRIPLECHAMBRE,CENTRE HOSPITALIER UNIVERSITAIRE D ORLEANS (HOPITAL MADELEINE ORLEANS),BIOTRONIK FRANCE,25137.44,,2020-01-01
Fourniture de prothèses chirurgicales et dispositifs médicaux AO 2019-60LOT N° 5 STIMULATEUR CARDIAQUE DOUBLE CHAMBRE,CENTRE HOSPITALIER UNIVERSITAIRE D ORLEANS (HOPITAL MADELEINE ORLEANS),BIOTRONIK FRANCE,119512.72,,2020-01-01
Fourniture de prothèses chirurgicales et dispositifs médicaux AO 2019-60LOT N° 5 STIMULATEUR CARDIAQUE DOUBLE CHAMBRE,CENTRE HOSPITALIER UNIVERSITAIRE D ORLEANS (HOPITAL MADELEINE ORLEANS),ABBOTT MEDICAL FRANCE SAS,119512.72,,2020-01-01
Fourniture de prothèses chirurgicales et dispositifs médicaux AO 2019-60LOT n° 4 STIMULATEUR CARDIAQUE SIMPLE CHAMBRE,CENTRE HOSPITALIER UNIVERSITAIRE D ORLEANS (HOPITAL MADELEINE ORLEANS),MEDTRONIC FRANCE,20333.94,,2020-01-01
Fourniture de prothèses chirurgicales et dispositifs médicaux AO 2019-60LOT n° 4 STIMULATEUR CARDIAQUE SIMPLE CHAMBRE,CENTRE HOSPITALIER UNIVERSITAIRE D ORLEANS (HOPITAL MADELEINE ORLEANS),BOSTON SCIENTIFIC,20333.94,,2020-01-01
Fourniture de matériel d’ostéosynthèse rachidienne et dispositifs pour kyphoplastie - Prothèse cervicale,CENTRE HOSPITALIER REGIONAL UNIVERSITAIRE DE TOURS (CHRU TROUSSEAU CHAMBRAY),ZIMMER BIOMET FRANCE,67500.0,,2019-12-30
"Fourniture d’implants maxillo-faciaux, implants mammaires, dispositifs de lipoaspiration, implants dentaires et dispositifs pour usage dentaire",CENTRE HOSPITALIER REGIONAL UNIVERSITAIRE DE TOURS (CHRU TROUSSEAU CHAMBRAY),STRYKER FRANCE SA,276118.0,,2019-12-24
"Fourniture d’implants maxillo-faciaux, implants mammaires, dispositifs de lipoaspiration, implants dentaires et dispositifs pour usage dentaire - AL - Plancher orbitaire",CENTRE HOSPITALIER REGIONAL UNIVERSITAIRE DE TOURS (CHRU TROUSSEAU CHAMBRAY),JOHNSON & JOHNSON MEDICAL SAS,64683.0,,2019-12-24
"Familles Vasculaire, Cardiologie Interventionnelle, Chirurgie Cardiaque, Embolisation Vasculaire Périphérique, Neuro-embolisation, Radiologie, Rythmologie et Electrophysiologie - CATHETER DE CRYOABLATION ET MISE A DISPOSITION DU GENERATEUR",CENTRE HOSPITALIER REGIONAL DE MARSEILLE (ASSISTANCE PUBLIQUE-HOPITAUX MARSEILLE),MEDTRONIC FRANCE,3904000.0,,2019-12-23
"FOURNITURE DE DEFIBRILLATEURS CARDIAQUES IMPLANTABLES, SONDES DE DEFIBRILLATION, STIMULATEURS CARDIAQUES, SONDES DE STIMULATION et SONDES D’ELECTROPHYSIOLOGIE  - DEFIBRILLATEUR CARDIAQUE IMPLANTABLE SIMPLE OU DOUBLE CHAMBRE",HOPITAL LE MANS,ABBOTT MEDICAL FRANCE SAS,461801.2,,2019-12-13
"FOURNITURE DE DEFIBRILLATEURS CARDIAQUES IMPLANTABLES, SONDES DE DEFIBRILLATION, STIMULATEURS CARDIAQUES, SONDES DE STIMULATION et SONDES D’ELECTROPHYSIOLOGIE  - DISPOSITIFS POUR RESYNCHRONISATION VENTRICULAIRE, AVEC POSSIBILITE DE STIMULATION MULTIPOINTS",HOPITAL LE MANS,ABBOTT MEDICAL FRANCE SAS,488985.8,,2019-12-13
"FOURNITURE DE DEFIBRILLATEURS CARDIAQUES IMPLANTABLES, SONDES DE DEFIBRILLATION, STIMULATEURS CARDIAQUES, SONDES DE STIMULATION et SONDES D’ELECTROPHYSIOLOGIE  - HOLTER IMPLANTABLE",HOPITAL LE MANS,ABBOTT MEDICAL FRANCE SAS,237144.0,,2019-12-13
"FOURNITURE DE DEFIBRILLATEURS CARDIAQUES IMPLANTABLES, SONDES DE DEFIBRILLATION, STIMULATEURS CARDIAQUES, SONDES DE STIMULATION et SONDES D’ELECTROPHYSIOLOGIE  - SONDES DE STIMULATION ENDOCAVITAIRE, BIPOLAIRES, A VIS RETRACTABLE",HOPITAL LE MANS,ABBOTT MEDICAL FRANCE SAS,238258.8,,2019-12-13
"FOURNITURE DE DEFIBRILLATEURS CARDIAQUES IMPLANTABLES, SONDES DE DEFIBRILLATION, STIMULATEURS CARDIAQUES, SONDES DE STIMULATION et SONDES D’ELECTROPHYSIOLOGIE  - STIMULATEUR CARDIAQUE DOUBLE CHAMBRE DDDR AVEC POSSIBILITE D’AUTOCAPTURE VENTRICULAIRE C",HOPITAL LE MANS,ABBOTT MEDICAL FRANCE SAS,432553.6,,2019-12-13
"Fournitures de défibrillateurs automatisés externes (DAE), leurs accessoires et les contrats de support associés et les prestations de maintenance curative des autres DAE et la fourniture de leurs accessoires au profit de divers organismes des forces armé",MINISTERE DES ARMEES ET DES ANCIENS COMBATTANTS,STRYKER FRANCE SA,941.0,,2019-12-12
"Fournitures de défibrillateurs automatisés externes (DAE), leurs accessoires et les contrats de support associés et les prestations de maintenance curative des autres DAE et la fourniture de leurs accessoires au profit de divers organismes des forces armé",MINISTERE DES ARMEES ET DES ANCIENS COMBATTANTS,STRYKER FRANCE SA,18820.0,,2019-12-12
"FOURNITURE DE DEFIBRILLATEURS CARDIAQUES IMPLANTABLES, SONDES DE DEFIBRILLATION, STIMULATEURS CARDIAQUES, SONDES DE STIMULATION et SONDES D’ELECTROPHYSIOLOGIE  - STIMULATEUR CARDIAQUE DOUBLE CHAMBRE DDDR AVEC SEUILS A ET V AUTOMATIQUES",HOPITAL LE MANS,MEDTRONIC FRANCE,826121.4,,2019-12-09
"FOURNITURE DE DEFIBRILLATEURS CARDIAQUES IMPLANTABLES, SONDES DE DEFIBRILLATION, STIMULATEURS CARDIAQUES, SONDES DE STIMULATION et SONDES D’ELECTROPHYSIOLOGIE  - HOLTER IMPLANTABLE PAR INJECTION",HOPITAL LE MANS,MEDTRONIC FRANCE,29022.4,,2019-12-09
"FOURNITURE DE DEFIBRILLATEURS CARDIAQUES IMPLANTABLES, SONDES DE DEFIBRILLATION, STIMULATEURS CARDIAQUES, SONDES DE STIMULATION et SONDES D’ELECTROPHYSIOLOGIE  - DISPOSITIFS POUR RESYNCHRONISATION VENTRICULAIRE, AVEC OU SANS DEFIBRILLATION",HOPITAL LE MANS,MEDTRONIC FRANCE,1261405.4,,2019-12-09
"FOURNITURE DE DEFIBRILLATEURS CARDIAQUES IMPLANTABLES, SONDES DE DEFIBRILLATION, STIMULATEURS CARDIAQUES, SONDES DE STIMULATION et SONDES D’ELECTROPHYSIOLOGIE  - SONDES HISSIENNES",HOPITAL LE MANS,MEDTRONIC FRANCE,36655.2,,2019-12-09
"FOURNITURE DE DEFIBRILLATEURS CARDIAQUES IMPLANTABLES, SONDES DE DEFIBRILLATION, STIMULATEURS CARDIAQUES, SONDES DE STIMULATION et SONDES D’ELECTROPHYSIOLOGIE  - STIMULATEUR CARDIAQUE SIMPLE CHAMBRE VVIR AVEC DOUBLE CAPTEUR",HOPITAL LE MANS,BOSTON SCIENTIFIC,90295.2,,2019-12-06
"FOURNITURE DE DEFIBRILLATEURS CARDIAQUES IMPLANTABLES, SONDES DE DEFIBRILLATION, STIMULATEURS CARDIAQUES, SONDES DE STIMULATION et SONDES D’ELECTROPHYSIOLOGIE  - STIMULATEUR CARDIAQUE DOUBLE CHAMBRE DDDR AVEC DOUBLE CAPTEUR",HOPITAL LE MANS,BOSTON SCIENTIFIC,108138.4,,2019-12-06
"FOURNITURE DE DEFIBRILLATEURS CARDIAQUES IMPLANTABLES, SONDES DE DEFIBRILLATION, STIMULATEURS CARDIAQUES, SONDES DE STIMULATION et SONDES D’ELECTROPHYSIOLOGIE  - SONDE QUADRIPOLAIRE D’ELECTROPHYSIOLOGIE STANDARD",HOPITAL LE MANS,JOHNSON & JOHNSON MEDICAL SAS,56300.0,,2019-12-06
"FOURNITURE DE DEFIBRILLATEURS CARDIAQUES IMPLANTABLES, SONDES DE DEFIBRILLATION, STIMULATEURS CARDIAQUES, SONDES DE STIMULATION et SONDES D’ELECTROPHYSIOLOGIE  - DISPOSITIFS POUR RESYNCHRONISATION VENTRICULAIRE AVEC OU SANS DEFIBRILLATION",HOPITAL LE MANS,BOSTON SCIENTIFIC,174420.84,,2019-12-06
"FOURNITURE DE DEFIBRILLATEURS CARDIAQUES IMPLANTABLES, SONDES DE DEFIBRILLATION, STIMULATEURS CARDIAQUES, SONDES DE STIMULATION et SONDES D’ELECTROPHYSIOLOGIE  - DEFIBRILLATEUR CARDIAQUE IMPLANTABLE SIMPLE CHAMBRE AVEC DETECTION ATRIALE ET VENTRICULAIRE",HOPITAL LE MANS,BIOTRONIK FRANCE,247279.8,,2019-12-06
"FOURNITURE DE DEFIBRILLATEURS CARDIAQUES IMPLANTABLES, SONDES DE DEFIBRILLATION, STIMULATEURS CARDIAQUES, SONDES DE STIMULATION et SONDES D’ELECTROPHYSIOLOGIE  - DEFIBRILLATEUR CARDIAQUE IMPLANTABLE SOUS-CUTANE",HOPITAL LE MANS,BOSTON SCIENTIFIC,311215.6,,2019-12-06
"FOURNITURE DE DEFIBRILLATEURS CARDIAQUES IMPLANTABLES, SONDES DE DEFIBRILLATION, STIMULATEURS CARDIAQUES, SONDES DE STIMULATION et SONDES D’ELECTROPHYSIOLOGIE  - STIMULATEUR CARDIAQUE DOUBLE CHAMBRE DDDR AVEC ASSERVISSEMENT A LA CONTRACTILITE MYOCARDIQUE",HOPITAL LE MANS,BIOTRONIK FRANCE,127095.6,,2019-12-06
2019AO33004-Implant exovasculaire de fermeture de Foramen ovale vasculaire  FOP et syst�me de larguage associ�,CENTRE HOSPITALIER LES CHANAUX,ABBOTT MEDICAL FRANCE SAS,53104.2,,2019-12-05
"AOO-2019-3206-3207, Le marché a pour objet la fourniture de défibrillateurs cardiaques implantables, divisée en 2 lots.Lots 1 Défibrillateur cardiaque implantable. -",CENTRE HOSPITALIER DE VALENCIENNES,BIOTRONIK FRANCE,173175.45,,2019-11-01
"AOO-2019-3206-3207 Le marché a pour objet la fourniture de défibrillateurs cardiaques implantables, divisée en 2 lots, lot 2 Câble chirurgical pour pacemaker externe",CENTRE HOSPITALIER DE VALENCIENNES,MEDTRONIC FRANCE,8700.0,,2019-11-01
"Fourniture de DMPI -  Familles Cardiologie Interventionnelle, Chirurgie Cardiaque - - Stent endocoronaire en alliage métallique à base de platine",CENTRE HOSPITALIER REGIONAL DE MARSEILLE (ASSISTANCE PUBLIQUE-HOPITAUX MARSEILLE),BOSTON SCIENTIFIC,3000000.0,,2019-10-22
"Fourniture de dispositifs médicaux pour valves  cardiaques, prothèses vasculaires et système d’assistance ventriculaire (18 lots)",CHU NANTES (DIRECTION GENERALE),MEDTRONIC FRANCE,5934179.88,,2019-10-21
"Fourniture de dispositifs médicaux à usage unique de chirurgies digestive, gynécologique, urologique, coelioscopique, pédiatrique - agrafage et plaque - IMPLANT INCONTINENCE URINAIRE D’EFFORT VOIE BASSE GYNECOLOGIE TECHNIQUE RETROPUBIENNE",CENTRE HOSPITALIER UNIVERSITAIRE DE CAEN NORMANDIE,JOHNSON & JOHNSON MEDICAL SAS,21300.0,,2019-10-21
"Fourniture de dispositifs médicaux pour valves  cardiaques, prothèses vasculaires et système d’assistance ventriculaire (18 lots)",CHU NANTES (DIRECTION GENERALE),GETINGE FRANCE,135626.0,,2019-10-17
"Fourniture de dispositifs médicaux pour valves  cardiaques, prothèses vasculaires et système d’assistance ventriculaire (18 lots)",CHU NANTES (DIRECTION GENERALE),ABBOTT MEDICAL FRANCE SAS,6477144.68,,2019-10-16
"FOurniture DMPI - Familles Vasculaire, Cardiologie Interventionnelle, Chirurgie vasculaire, Chirurgie Cardiaque, Embolisation, Rythmologie - STENT AUTO-EXPANSIBLE CAROTIDIEN EN ALLIAGE DE CHROME COBALT",CENTRE HOSPITALIER REGIONAL DE MARSEILLE (ASSISTANCE PUBLIQUE-HOPITAUX MARSEILLE),BOSTON SCIENTIFIC,270000.0,,2019-10-16
"FOurniture DMPI - Familles Vasculaire, Cardiologie Interventionnelle, Chirurgie vasculaire, Chirurgie Cardiaque, Embolisation, Rythmologie - STENT EN ACIER SUR BALLON, RECOUVERT DE PTFE EN INTERNE ET EN EXTERNE, 6F COMPATIBLE SUR GUIDE",CENTRE HOSPITALIER REGIONAL DE MARSEILLE (ASSISTANCE PUBLIQUE-HOPITAUX MARSEILLE),GETINGE FRANCE,540000.0,,2019-10-16
"FOurniture DMPI - Familles Vasculaire, Cardiologie Interventionnelle, Chirurgie vasculaire, Chirurgie Cardiaque, Embolisation, Rythmologie - STENT ENDOCORONAIRE EN  CHROME COBALT A LIBERATION CONTRÔLÉE DE SIROLIMUS AVEC POLYMERE BIODEGRADABLE",CENTRE HOSPITALIER REGIONAL DE MARSEILLE (ASSISTANCE PUBLIQUE-HOPITAUX MARSEILLE),BIOTRONIK FRANCE,900000.0,,2019-10-16
Fourniture de dispositifs médicaux prothétiques implantables et stériles à usage unique,CENTRE HOSPITALIER REGIONAL DE MARSEILLE (ASSISTANCE PUBLIQUE-HOPITAUX MARSEILLE),MEDTRONIC FRANCE,2214630.0,,2019-10-01
Fourniture de dispositifs médicaux prothétiques implantables et stériles à usage unique,CENTRE HOSPITALIER REGIONAL DE MARSEILLE (ASSISTANCE PUBLIQUE-HOPITAUX MARSEILLE),STRYKER FRANCE SA,28035.0,,2019-09-27
Fourniture de dispositifs médicaux prothétiques implantables et stériles à usage unique,CENTRE HOSPITALIER REGIONAL DE MARSEILLE (ASSISTANCE PUBLIQUE-HOPITAUX MARSEILLE),BOSTON SCIENTIFIC,3295290.6,,2019-09-26
Fourniture de dispositifs médicaux prothétiques implantables et stériles à usage unique,CENTRE HOSPITALIER REGIONAL DE MARSEILLE (ASSISTANCE PUBLIQUE-HOPITAUX MARSEILLE),BIOTRONIK FRANCE,493350.0,,2019-09-26
"FOURNITURE DE DISPOSITIFS MEDICAUX IMPLANTABLES : SYSTEME DE STIMULATION TRANSCATHETER SANS SONDE pour les établissements du GHT Sud Lorraine suivants : CHRU de Nancy. Accord-cadre à bons de commande mono-attributaire, sans minimum ni maximum en valeur ou",CENTRE HOSPITALIER REGIONAL UNIVERSITAIRE DE NANCY,MEDTRONIC FRANCE,252000.0,,2019-09-24
"Le présent marché public a pour objet la fourniture de dispositifs médicaux : colles, renforts de paroi, clips/clamps, cliochirurgie, sutures, agrafage mécanique et implants crâniens pour le Groupement Hospitalier Universitaire de Champagne",CENTRE HOSPITALIER UNIVERSITAIRE REIMS,MEDTRONIC FRANCE,318914.8,,2019-09-12
"Le présent marché public a pour objet la fourniture de dispositifs médicaux : colles, renforts de paroi, clips/clamps, cliochirurgie, sutures, agrafage mécanique et implants crâniens pour le Groupement Hospitalier Universitaire de Champagne",CENTRE HOSPITALIER UNIVERSITAIRE REIMS,JOHNSON & JOHNSON MEDICAL SAS,646312.48,,2019-09-11
"Le présent marché public a pour objet la fourniture de dispositifs médicaux : colles, renforts de paroi, clips/clamps, cliochirurgie, sutures, agrafage mécanique et implants crâniens pour le Groupement Hospitalier Universitaire de Champagne  - BANDELETTE ",CENTRE HOSPITALIER UNIVERSITAIRE REIMS,BOSTON SCIENTIFIC,28160.0,,2019-09-11
"Fourniture de dispositifs médicaux prothétiques implantables et stériles à usage unique - PROTHÈSE VASCULAIRE POLYESTER TRICOTÉ ET EN POLYESTER TISSÉ, IMPRÉGNÉE DE COLLAGÈNE",CENTRE HOSPITALIER REGIONAL DE MARSEILLE (ASSISTANCE PUBLIQUE-HOPITAUX MARSEILLE),GETINGE FRANCE,700000.0,,2019-09-02
"Fourniture de dispositifs médicaux consommables: - -Pour angiographie et angioplastie coronaire et périphérique  - -De radiologie interventionnelle  - -Pour chirurgie vasculaire - dans le cadre du GHT72. - CATHETER GUIDE POUR ANGIOPLASTIE CORONAIRE, TOU...",HOPITAL LE MANS,MEDTRONIC FRANCE,59532.0,,2019-08-28
Fourniture de dispositifs médicaux consommables: - -Pour angiographie et angioplastie coronaire et périphérique  - -De radiologie interventionnelle  - -Pour chirurgie vasculaire - dans le cadre du GHT72. - CATHETER A ECHANGE RAPIDE POUR ANGIOPLASTIE COR...,HOPITAL LE MANS,ABBOTT MEDICAL FRANCE SAS,55296.0,,2019-08-28
Fourniture de dispositifs médicaux consommables: - -Pour angiographie et angioplastie coronaire et périphérique  - -De radiologie interventionnelle  - -Pour chirurgie vasculaire - dans le cadre du GHT72. - CATHETER EXTENSION DE GUIDE CORONAIRE,HOPITAL LE MANS,BOSTON SCIENTIFIC,21600.0,,2019-08-28
Fourniture de dispositifs médicaux consommables: - -Pour angiographie et angioplastie coronaire et périphérique  - -De radiologie interventionnelle  - -Pour chirurgie vasculaire - dans le cadre du GHT72. - CATHETER DE THROMBOASPIRATION CORONAIRE,HOPITAL LE MANS,MEDTRONIC FRANCE,21600.0,,2019-08-28
Fourniture de dispositifs médicaux consommables: - -Pour angiographie et angioplastie coronaire et périphérique  - -De radiologie interventionnelle  - -Pour chirurgie vasculaire - dans le cadre du GHT72. - CATHETER DE DILATATION PERIPHERIQUE A BALLONNET G,HOPITAL LE MANS,BOSTON SCIENTIFIC,900.0,,2019-08-28
Fourniture de dispositifs médicaux prothétiques implantables et stériles à usage unique - NEUROEMBOLISATION : SYSTÈME D’EMBOLISATION PAR COIL À LARGAGE ÉLECTROLYTIQUE,CENTRE HOSPITALIER REGIONAL DE MARSEILLE (ASSISTANCE PUBLIQUE-HOPITAUX MARSEILLE),STRYKER FRANCE SA,850000.0,,2019-08-27
Fourniture de dispositifs médicaux prothétiques implantables et stériles à usage unique,CENTRE HOSPITALIER REGIONAL DE MARSEILLE (ASSISTANCE PUBLIQUE-HOPITAUX MARSEILLE),STRYKER FRANCE SA,850000.0,,2019-08-27
Fourniture de dispositifs médicaux prothétiques implantables et stériles à usage unique - NEUROEMBOLISATION : SYSTÈME D’EMBOLISATION PAR COIL A DETACHEMENT THERMOMECANIQUE,CENTRE HOSPITALIER REGIONAL DE MARSEILLE (ASSISTANCE PUBLIQUE-HOPITAUX MARSEILLE),JOHNSON & JOHNSON MEDICAL SAS,275000.0,,2019-08-27
Fourniture de dispositifs médicaux consommables: - -Pour angiographie et angioplastie coronaire et périphérique  - -De radiologie interventionnelle  - -Pour chirurgie vasculaire - dans le cadre du GHT72. - CATHETER A ECHANGE RAPIDE POUR ANGIOPLASTIE PER...,HOPITAL LE MANS,BOSTON SCIENTIFIC,16500.0,,2019-08-26
Fourniture de dispositifs médicaux consommables: - -Pour angiographie et angioplastie coronaire et périphérique  - -De radiologie interventionnelle  - -Pour chirurgie vasculaire - dans le cadre du GHT72. - CATHETER A ECHANGE RAPIDE POUR ANGIOPLASTIE PER...,HOPITAL LE MANS,BOSTON SCIENTIFIC,4400.0,,2019-08-26
Fourniture de dispositifs médicaux consommables: - -Pour angiographie et angioplastie coronaire et périphérique  - -De radiologie interventionnelle  - -Pour chirurgie vasculaire - dans le cadre du GHT72. - CATHETER A ECHANGE RAPIDE POUR ANGIOPLASTIE COR...,HOPITAL LE MANS,BIOTRONIK FRANCE,35280.0,,2019-08-26
"FOURNITURE DE DISPOSITIFS MEDICAUX IMPLANTABLES : DEFIBRILLATEUR SOUS-CUTANE SANS SONDE ENDOCARDIQUE pour les établissements du GHT Sud Lorraine suivants : CHRU de Nancy.  Accord-cadre à bons de commande mono-attributaire, sans minimum ni maximum en valeu",CENTRE HOSPITALIER REGIONAL UNIVERSITAIRE DE NANCY,BOSTON SCIENTIFIC,648023.46,,2019-08-16
"La présente consultation a pour objet la fourniture de dispositifs médicaux stériles, implantables ou non, nécessaires à l’activité des services et des blocs opératoires des établissements membres du GHT Vendée. ",CHD LA ROCHE SUR YON LUCON MONTAIGU (CHD-VENDEE),JOHNSON & JOHNSON MEDICAL SAS,11688.26,,2019-08-08
"La présente consultation a pour objet la fourniture de dispositifs médicaux stériles, implantables ou non, nécessaires à l’activité des services et des blocs opératoires des établissements membres du GHT Vendée. ",CHD LA ROCHE SUR YON LUCON MONTAIGU (CHD-VENDEE),JOHNSON & JOHNSON MEDICAL SAS,18327.0,,2019-08-08
"La présente consultation a pour objet la fourniture de dispositifs médicaux stériles, implantables ou non, nécessaires à l’activité des services et des blocs opératoires des établissements membres du GHT Vendée. ",CHD LA ROCHE SUR YON LUCON MONTAIGU (CHD-VENDEE),JOHNSON & JOHNSON MEDICAL SAS,12345.3,,2019-08-08
"La présente consultation a pour objet la fourniture de dispositifs médicaux stériles, implantables ou non, nécessaires à l’activité des services et des blocs opératoires des établissements membres du GHT Vendée. ",CHD LA ROCHE SUR YON LUCON MONTAIGU (CHD-VENDEE),JOHNSON & JOHNSON MEDICAL SAS,5138.25,,2019-08-08
"La présente consultation a pour objet la fourniture de dispositifs médicaux stériles, implantables ou non, nécessaires à l’activité des services et des blocs opératoires des établissements membres du GHT Vendée.",CHD LA ROCHE SUR YON LUCON MONTAIGU (CHD-VENDEE),JOHNSON & JOHNSON MEDICAL SAS,23405.7,,2019-08-08
"La présente consultation a pour objet la fourniture de dispositifs médicaux stériles, implantables ou non, nécessaires à l’activité des services et des blocs opératoires des établissements membres du GHT Vendée.",CHD LA ROCHE SUR YON LUCON MONTAIGU (CHD-VENDEE),JOHNSON & JOHNSON MEDICAL SAS,805.55,,2019-08-08
"La présente consultation a pour objet la fourniture de dispositifs médicaux stériles, implantables ou non, nécessaires à l’activité des services et des blocs opératoires des établissements membres du GHT Vendée.",CHD LA ROCHE SUR YON LUCON MONTAIGU (CHD-VENDEE),JOHNSON & JOHNSON MEDICAL SAS,36047.35,,2019-08-08
"La présente consultation a pour objet la fourniture de dispositifs médicaux stériles, implantables ou non, nécessaires à l’activité des services et des blocs opératoires des établissements membres du GHT Vendée.",CHD LA ROCHE SUR YON LUCON MONTAIGU (CHD-VENDEE),MEDTRONIC FRANCE,3465.0,,2019-08-05
"La présente consultation a pour objet la fourniture de dispositifs médicaux stériles, implantables ou non, nécessaires à l’activité des services et des blocs opératoires des établissements membres du GHT Vendée.",CHD LA ROCHE SUR YON LUCON MONTAIGU (CHD-VENDEE),MEDTRONIC FRANCE,535500.0,,2019-08-05
"La présente consultation a pour objet la fourniture de dispositifs médicaux stériles, implantables ou non, nécessaires à l’activité des services et des blocs opératoires des établissements membres du GHT Vendée.",CHD LA ROCHE SUR YON LUCON MONTAIGU (CHD-VENDEE),MEDTRONIC FRANCE,405519.0,,2019-08-05
"La présente consultation a pour objet la fourniture de dispositifs médicaux stériles, implantables ou non, nécessaires à l’activité des services et des blocs opératoires des établissements membres du GHT Vendée.",CHD LA ROCHE SUR YON LUCON MONTAIGU (CHD-VENDEE),MEDTRONIC FRANCE,237024.9,,2019-08-05
"La présente consultation a pour objet la fourniture de dispositifs médicaux stériles, implantables ou non, nécessaires à l’activité des services et des blocs opératoires des établissements membres du GHT Vendée.",CHD LA ROCHE SUR YON LUCON MONTAIGU (CHD-VENDEE),MEDTRONIC FRANCE,231215.4,,2019-08-05
"La présente consultation a pour objet la fourniture de dispositifs médicaux stériles, implantables ou non, nécessaires à l’activité des services et des blocs opératoires des établissements membres du GHT Vendée.",CHD LA ROCHE SUR YON LUCON MONTAIGU (CHD-VENDEE),MEDTRONIC FRANCE,56872.05,,2019-08-05
"La présente consultation a pour objet la fourniture de dispositifs médicaux stériles, implantables ou non, nécessaires à l’activité des services et des blocs opératoires des établissements membres du GHT Vendée.",CHD LA ROCHE SUR YON LUCON MONTAIGU (CHD-VENDEE),MEDTRONIC FRANCE,411.84,,2019-08-05
"La présente consultation a pour objet la fourniture de dispositifs médicaux stériles, implantables ou non, nécessaires à l’activité des services et des blocs opératoires des établissements membres du GHT Vendée.",CHD LA ROCHE SUR YON LUCON MONTAIGU (CHD-VENDEE),MEDTRONIC FRANCE,452250.0,,2019-08-05
"La présente consultation a pour objet la fourniture de dispositifs médicaux stériles, implantables ou non, nécessaires à l’activité des services et des blocs opératoires des établissements membres du GHT Vendée. ",CHD LA ROCHE SUR YON LUCON MONTAIGU (CHD-VENDEE),STRYKER FRANCE SA,10675.5,,2019-08-05
"La présente consultation a pour objet la fourniture de dispositifs médicaux stériles, implantables ou non, nécessaires à l’activité des services et des blocs opératoires des établissements membres du GHT Vendée. ",CHD LA ROCHE SUR YON LUCON MONTAIGU (CHD-VENDEE),ZIMMER BIOMET FRANCE,75060.0,,2019-08-05
"La présente consultation a pour objet la fourniture de dispositifs médicaux stériles, implantables ou non, nécessaires à l’activité des services et des blocs opératoires des établissements membres du GHT Vendée. ",CHD LA ROCHE SUR YON LUCON MONTAIGU (CHD-VENDEE),ZIMMER BIOMET FRANCE,807246.0,,2019-08-05
"La présente consultation a pour objet la fourniture de dispositifs médicaux stériles, implantables ou non, nécessaires à l’activité des services et des blocs opératoires des établissements membres du GHT Vendée.",CHD LA ROCHE SUR YON LUCON MONTAIGU (CHD-VENDEE),ZIMMER BIOMET FRANCE,6239.94,,2019-08-05
"La présente consultation a pour objet la fourniture de dispositifs médicaux stériles, implantables ou non, nécessaires à l’activité des services et des blocs opératoires des établissements membres du GHT Vendée. ",CHD LA ROCHE SUR YON LUCON MONTAIGU (CHD-VENDEE),ZIMMER BIOMET FRANCE,778272.0,,2019-08-05
"La présente consultation a pour objet la fourniture de dispositifs médicaux stériles, implantables ou non, nécessaires à l’activité des services et des blocs opératoires des établissements membres du GHT Vendée. ",CHD LA ROCHE SUR YON LUCON MONTAIGU (CHD-VENDEE),STRYKER FRANCE SA,114750.0,,2019-08-05
"La présente consultation a pour objet la fourniture de dispositifs médicaux stériles, implantables ou non, nécessaires à l’activité des services et des blocs opératoires des établissements membres du GHT Vendée. ",CHD LA ROCHE SUR YON LUCON MONTAIGU (CHD-VENDEE),STRYKER FRANCE SA,3258.0,,2019-08-05
"La présente consultation a pour objet la fourniture de dispositifs médicaux stériles, implantables ou non, nécessaires à l’activité des services et des blocs opératoires des établissements membres du GHT Vendée. ",CHD LA ROCHE SUR YON LUCON MONTAIGU (CHD-VENDEE),ZIMMER BIOMET FRANCE,4140.0,,2019-08-05
"La présente consultation a pour objet la fourniture de dispositifs médicaux stériles, implantables ou non, nécessaires à l’activité des services et des blocs opératoires des établissements membres du GHT Vendée. ",CHD LA ROCHE SUR YON LUCON MONTAIGU (CHD-VENDEE),STRYKER FRANCE SA,46080.0,,2019-08-05
"La présente consultation a pour objet la fourniture de dispositifs médicaux stériles, implantables ou non, nécessaires à l’activité des services et des blocs opératoires des établissements membres du GHT Vendée. ",CHD LA ROCHE SUR YON LUCON MONTAIGU (CHD-VENDEE),STRYKER FRANCE SA,15154.65,,2019-08-05
"La présente consultation a pour objet la fourniture de dispositifs médicaux stériles, implantables ou non, nécessaires à l’activité des services et des blocs opératoires des établissements membres du GHT Vendée. ",CHD LA ROCHE SUR YON LUCON MONTAIGU (CHD-VENDEE),ZIMMER BIOMET FRANCE,56469.6,,2019-08-05
"La présente consultation a pour objet la fourniture de dispositifs médicaux stériles, implantables ou non, nécessaires à l’activité des services et des blocs opératoires des établissements membres du GHT Vendée.",CHD LA ROCHE SUR YON LUCON MONTAIGU (CHD-VENDEE),GETINGE FRANCE,166350.0,,2019-08-05
"La présente consultation a pour objet la fourniture de dispositifs médicaux stériles, implantables ou non, nécessaires à l’activité des services et des blocs opératoires des établissements membres du GHT Vendée.",CHD LA ROCHE SUR YON LUCON MONTAIGU (CHD-VENDEE),MEDTRONIC FRANCE,39000.0,,2019-08-05
"La présente consultation a pour objet la fourniture de dispositifs médicaux stériles, implantables ou non, nécessaires à l’activité des services et des blocs opératoires des établissements membres du GHT Vendée. ",CHD LA ROCHE SUR YON LUCON MONTAIGU (CHD-VENDEE),ZIMMER BIOMET FRANCE,54064.8,,2019-08-05
"La présente consultation a pour objet la fourniture de dispositifs médicaux stériles, implantables ou non, nécessaires à l’activité des services et des blocs opératoires des établissements membres du GHT Vendée.",CHD LA ROCHE SUR YON LUCON MONTAIGU (CHD-VENDEE),MEDTRONIC FRANCE,87810.9,,2019-08-05
"La présente consultation a pour objet la fourniture de dispositifs médicaux stériles, implantables ou non, nécessaires à l’activité des services et des blocs opératoires des établissements membres du GHT Vendée.",CHD LA ROCHE SUR YON LUCON MONTAIGU (CHD-VENDEE),MEDTRONIC FRANCE,27000.0,,2019-08-05
"La présente consultation a pour objet la fourniture de dispositifs médicaux stériles, implantables ou non, nécessaires à l’activité des services et des blocs opératoires des établissements membres du GHT Vendée.",CHD LA ROCHE SUR YON LUCON MONTAIGU (CHD-VENDEE),MEDTRONIC FRANCE,38586.6,,2019-08-05
"La présente consultation a pour objet la fourniture de dispositifs médicaux stériles, implantables ou non, nécessaires à l’activité des services et des blocs opératoires des établissements membres du GHT Vendée.",CHD LA ROCHE SUR YON LUCON MONTAIGU (CHD-VENDEE),MEDTRONIC FRANCE,6300.0,,2019-08-05
"La présente consultation a pour objet la fourniture de dispositifs médicaux stériles, implantables ou non, nécessaires à l’activité des services et des blocs opératoires des établissements membres du GHT Vendée.",CHD LA ROCHE SUR YON LUCON MONTAIGU (CHD-VENDEE),BOSTON SCIENTIFIC,4705.2,,2019-08-02
"La présente consultation a pour objet la fourniture de dispositifs médicaux stériles, implantables ou non, nécessaires à l’activité des services et des blocs opératoires des établissements membres du GHT Vendée.",CHD LA ROCHE SUR YON LUCON MONTAIGU (CHD-VENDEE),BOSTON SCIENTIFIC,3854.7,,2019-08-02
"La présente consultation a pour objet la fourniture de dispositifs médicaux stériles, implantables ou non, nécessaires à l’activité des services et des blocs opératoires des établissements membres du GHT Vendée.",CHD LA ROCHE SUR YON LUCON MONTAIGU (CHD-VENDEE),BOSTON SCIENTIFIC,78000.0,,2019-08-02
"La présente consultation a pour objet la fourniture de dispositifs médicaux stériles, implantables ou non, nécessaires à l’activité des services et des blocs opératoires des établissements membres du GHT Vendée.",CHD LA ROCHE SUR YON LUCON MONTAIGU (CHD-VENDEE),BOSTON SCIENTIFIC,405519.0,,2019-08-02
"La présente consultation a pour objet la fourniture de dispositifs médicaux stériles, implantables ou non, nécessaires à l’activité des services et des blocs opératoires des établissements membres du GHT Vendée.",CHD LA ROCHE SUR YON LUCON MONTAIGU (CHD-VENDEE),BOSTON SCIENTIFIC,41453.85,,2019-08-02
"La présente consultation a pour objet la fourniture de dispositifs médicaux stériles, implantables ou non, nécessaires à l’activité des services et des blocs opératoires des établissements membres du GHT Vendée.",CHD LA ROCHE SUR YON LUCON MONTAIGU (CHD-VENDEE),BOSTON SCIENTIFIC,6900.0,,2019-08-02
"La présente consultation a pour objet la fourniture de dispositifs médicaux stériles, implantables ou non, nécessaires à l’activité des services et des blocs opératoires des établissements membres du GHT Vendée.",CHD LA ROCHE SUR YON LUCON MONTAIGU (CHD-VENDEE),BOSTON SCIENTIFIC,49939.8,,2019-08-02
"La présente consultation a pour objet la fourniture de dispositifs médicaux stériles, implantables ou non, nécessaires à l’activité des services et des blocs opératoires des établissements membres du GHT Vendée.",CHD LA ROCHE SUR YON LUCON MONTAIGU (CHD-VENDEE),BOSTON SCIENTIFIC,8700.0,,2019-08-02
"La présente consultation a pour objet la fourniture de dispositifs médicaux stériles, implantables ou non, nécessaires à l’activité des services et des blocs opératoires des établissements membres du GHT Vendée.",CHD LA ROCHE SUR YON LUCON MONTAIGU (CHD-VENDEE),BOSTON SCIENTIFIC,113744.1,,2019-08-02
"La présente consultation a pour objet la fourniture de dispositifs médicaux stériles, implantables ou non, nécessaires à l’activité des services et des blocs opératoires des établissements membres du GHT Vendée.",CHD LA ROCHE SUR YON LUCON MONTAIGU (CHD-VENDEE),BOSTON SCIENTIFIC,668250.0,,2019-08-02
"La présente consultation a pour objet la fourniture de dispositifs médicaux stériles, implantables ou non, nécessaires à l’activité des services et des blocs opératoires des établissements membres du GHT Vendée.",CHD LA ROCHE SUR YON LUCON MONTAIGU (CHD-VENDEE),BOSTON SCIENTIFIC,427500.0,,2019-08-02
"La présente consultation a pour objet la fourniture de dispositifs médicaux stériles, implantables ou non, nécessaires à l’activité des services et des blocs opératoires des établissements membres du GHT Vendée.",CHD LA ROCHE SUR YON LUCON MONTAIGU (CHD-VENDEE),BIOTRONIK FRANCE,180000.0,,2019-07-31
"La présente consultation a pour objet la fourniture de dispositifs médicaux stériles, implantables ou non, nécessaires à l’activité des services et des blocs opératoires des établissements membres du GHT Vendée.",CHD LA ROCHE SUR YON LUCON MONTAIGU (CHD-VENDEE),ABBOTT MEDICAL FRANCE SAS,136500.0,,2019-07-31
"La présente consultation a pour objet la fourniture de dispositifs médicaux stériles, implantables ou non, nécessaires à l’activité des services et des blocs opératoires des établissements membres du GHT Vendée.",CHD LA ROCHE SUR YON LUCON MONTAIGU (CHD-VENDEE),BIOTRONIK FRANCE,30000.0,,2019-07-31
"La présente consultation a pour objet la fourniture de dispositifs médicaux stériles, implantables ou non, nécessaires à l’activité des services et des blocs opératoires des établissements membres du GHT Vendée.",CHD LA ROCHE SUR YON LUCON MONTAIGU (CHD-VENDEE),BIOTRONIK FRANCE,358293.9,,2019-07-31
"La présente consultation a pour objet la fourniture de dispositifs médicaux stériles, implantables ou non, nécessaires à l’activité des services et des blocs opératoires des établissements membres du GHT Vendée.",CHD LA ROCHE SUR YON LUCON MONTAIGU (CHD-VENDEE),BIOTRONIK FRANCE,26729.88,,2019-07-31
"La présente consultation a pour objet la fourniture de dispositifs médicaux stériles, implantables ou non, nécessaires à l’activité des services et des blocs opératoires des établissements membres du GHT Vendée.",CHD LA ROCHE SUR YON LUCON MONTAIGU (CHD-VENDEE),BIOTRONIK FRANCE,476608.5,,2019-07-31
"La présente consultation a pour objet la fourniture de dispositifs médicaux stériles, implantables ou non, nécessaires à l’activité des services et des blocs opératoires des établissements membres du GHT Vendée.",CHD LA ROCHE SUR YON LUCON MONTAIGU (CHD-VENDEE),ABBOTT MEDICAL FRANCE SAS,405519.0,,2019-07-31
"La présente consultation a pour objet la fourniture de dispositifs médicaux stériles, implantables ou non, nécessaires à l’activité des services et des blocs opératoires des établissements membres du GHT Vendée.",CHD LA ROCHE SUR YON LUCON MONTAIGU (CHD-VENDEE),BIOTRONIK FRANCE,18300.0,,2019-07-31
"La présente consultation a pour objet la fourniture de dispositifs médicaux stériles, implantables ou non, nécessaires à l’activité des services et des blocs opératoires des établissements membres du GHT Vendée.",CHD LA ROCHE SUR YON LUCON MONTAIGU (CHD-VENDEE),ABBOTT MEDICAL FRANCE SAS,42654.0,,2019-07-31
"La présente consultation a pour objet la fourniture de dispositifs médicaux stériles, implantables ou non, nécessaires à l’activité des services et des blocs opératoires des établissements membres du GHT Vendée. ",CHD LA ROCHE SUR YON LUCON MONTAIGU (CHD-VENDEE),BIOTRONIK FRANCE,18300.0,,2019-07-31
"La présente consultation a pour objet la fourniture de dispositifs médicaux stériles, implantables ou non, nécessaires à l’activité des services et des blocs opératoires des établissements membres du GHT Vendée. ",CHD LA ROCHE SUR YON LUCON MONTAIGU (CHD-VENDEE),ABBOTT MEDICAL FRANCE SAS,4200.0,,2019-07-31
"La présente consultation a pour objet la fourniture de dispositifs médicaux stériles, implantables ou non, nécessaires à l’activité des services et des blocs opératoires des établissements membres du GHT Vendée.",CHD LA ROCHE SUR YON LUCON MONTAIGU (CHD-VENDEE),ABBOTT MEDICAL FRANCE SAS,56872.05,,2019-07-31
"La présente consultation a pour objet la fourniture de dispositifs médicaux stériles, implantables ou non, nécessaires à l’activité des services et des blocs opératoires des établissements membres du GHT Vendée.",CHD LA ROCHE SUR YON LUCON MONTAIGU (CHD-VENDEE),ABBOTT MEDICAL FRANCE SAS,358293.9,,2019-07-31
"La présente consultation a pour objet la fourniture de dispositifs médicaux stériles, implantables ou non, nécessaires à l’activité des services et des blocs opératoires des établissements membres du GHT Vendée.",CHD LA ROCHE SUR YON LUCON MONTAIGU (CHD-VENDEE),BIOTRONIK FRANCE,33000.0,,2019-07-31
FOURNITURE DE DISPOSITIFS MEDICAUX STERILES : DEFIBRILLATEURS SOUS CUTANES EMBLEM,CTRE HOSPITALIER UNIVERS PONTCHAILLOU,BOSTON SCIENTIFIC,778080.0,,2019-07-26
"DISPOSITIFS MEDICAUX STERILES : IMPLANT PENIEN ET SPHINCTER URINAIRE ARTIFICIEL, FIBRE LASER GREENLIGHT, CATHETER CROSSBROSS, ROTABLATOR : TURBINE ET GUIDE",CTRE HOSPITALIER UNIVERS PONTCHAILLOU,BOSTON SCIENTIFIC,477711.0,,2019-07-24
Marché 19FS01 - Acquisition de défibrillateurs semi-automatiques : 5 LifePak 1000 et 15 Trainer LIFEPAK 1000T (formation),SCE DEPARTEMENTAL INCENDIE ET SECOURS,STRYKER FRANCE SA,17867.85,,2019-07-19
"AC-HDL-2018-005-10	Kit réparation cathéter péritonéal, Dialyse péritonéale, stérile",CENTRE HOSPITALIER SUD FRANCILIEN,MEDTRONIC FRANCE,200000.0,,2019-07-17
"AC-HDL-2018-005-3	Adaptateur cathéter Dialyse péritonéale, titane",CENTRE HOSPITALIER SUD FRANCILIEN,MEDTRONIC FRANCE,200000.0,,2019-07-17
GASTRO-Stent oesophagien,CENTRE HOSPITALIER DE PAU,BOSTON SCIENTIFIC,8323.0,,2019-07-15
GASTRO-Stent biliaire rigide,CENTRE HOSPITALIER DE PAU,BOSTON SCIENTIFIC,2965.0,,2019-07-15
FOURNITURE DE PROTHESES ORTHOPEDIQUES DE MATERIEL D’OSTEOSYNTHESE Et DE CONSOMMABLES D’ORTHOPEDIE<br />RELANCE LOTS 3 ET 31<br />,GROUPEMENT HOSPITALIER PORTES DE PROVENCE,STRYKER FRANCE SA,23386.32,,2019-07-08
DMS2019-02 AO 077 Dispositifs médicaux stériles non implantables : anesthésie réanimation ; chirurgie ; CEC ; PIPAC ; médecine ; endoscopie ; obstétrique,CENTRE HOSPITALIER UNIVERSITAIRE,JOHNSON & JOHNSON MEDICAL SAS,5086.2,,2019-07-01
DMS2019-02 AO 077 Dispositifs médicaux stériles non implantables : anesthésie réanimation ; chirurgie ; CEC ; PIPAC ; médecine ; endoscopie ; obstétrique,CENTRE HOSPITALIER UNIVERSITAIRE,BOSTON SCIENTIFIC,49600.0,,2019-07-01
Fourniture de dispositifs médicaux à usage unique de Neurochirurgie (relance) - SYSTEME CIMENTOPLASTIE VERTEBRALE AVEC IMPLANTS,CENTRE HOSPITALIER UNIVERSITAIRE DE CAEN NORMANDIE,MEDTRONIC FRANCE,316666.66,,2019-07-01
DMS2019-02 AO 077 Dispositifs médicaux stériles non implantables : anesthésie réanimation ; chirurgie ; CEC ; PIPAC ; médecine ; endoscopie ; obstétrique,CENTRE HOSPITALIER UNIVERSITAIRE,STRYKER FRANCE SA,62510.0,,2019-07-01
DMS2019-02 AO 077 Dispositifs médicaux stériles non implantables : anesthésie réanimation ; chirurgie ; CEC ; PIPAC ; médecine ; endoscopie ; obstétrique,CENTRE HOSPITALIER UNIVERSITAIRE,MEDTRONIC FRANCE,61920.0,,2019-07-01
FOURNITURE DE PROTHESE ET ENDOPROTHESES VASCULAIRES,CENTRE HOSPITALIER VERDUN SAINT MIHIEL,ABBOTT MEDICAL FRANCE SAS,9250.0,,2019-07-01
FOURNITURE DE PROTHESES ET ENDOPROTHESES VASCULAIRES,CENTRE HOSPITALIER VERDUN SAINT MIHIEL,GETINGE FRANCE,1059.0,,2019-06-27
FOURNITURE DE PROTHESES ET ENDOPROTHESES VASCULAIRES,CENTRE HOSPITALIER VERDUN SAINT MIHIEL,MEDTRONIC FRANCE,8948.0,,2019-06-25
Fourniture de stents endocoronaires de marque Biotronik dans le cadre d’une étude clinique au Centre Hospitalier Régional d’Orléans - MNSPPSMC 2019-47,CENTRE HOSPITALIER UNIVERSITAIRE D ORLEANS (HOPITAL MADELEINE ORLEANS),BIOTRONIK FRANCE,65000.0,,2019-06-04
2019MN33003-implants rachis,CTRE HOSPITALIER VILLEFRANCHE S SAONE,MEDTRONIC FRANCE,55166.0,,2019-05-10
"Fourniture de dispositifs médicaux stériles à usage unique - Familles abord rachidien, anesthésie réanimation, hémodynamique, perfusion, transfusion, dispositifs pour cytostatiques, sites implantables et diffuseurs portables. - FILTRE POUR VENTILATION DU",CENTRE HOSPITALIER REGIONAL DE MARSEILLE (ASSISTANCE PUBLIQUE-HOPITAUX MARSEILLE),MEDTRONIC FRANCE,320.0,,2019-05-06
"Fourniture de dispositifs médicaux stériles à usage unique - Familles abord rachidien, anesthésie réanimation, hémodynamique, perfusion, transfusion, dispositifs pour cytostatiques, sites implantables et diffuseurs portables. - FILTRE COMPATIBLE RESPIRATE",CENTRE HOSPITALIER REGIONAL DE MARSEILLE (ASSISTANCE PUBLIQUE-HOPITAUX MARSEILLE),MEDTRONIC FRANCE,368.0,,2019-05-06
"Fourniture de dispositifs médicaux stériles à usage unique  - Familles abord rachidien, anesthésie réanimation, hémodynamique, perfusion, transfusion, dispositifs pour cytostatiques, sites implantables et diffuseurs portables -  - CATHETER DE MESURE DEB...",CENTRE HOSPITALIER REGIONAL DE MARSEILLE (ASSISTANCE PUBLIQUE-HOPITAUX MARSEILLE),GETINGE FRANCE,300000.0,,2019-05-03
Fourniture de dispositifs médicaux et prothèses chirurgicales AO 2019-09 - STIMULATEUR MEDULLAIRE POUR TRAITEMENT DOULEUR,CENTRE HOSPITALIER UNIVERSITAIRE D ORLEANS (HOPITAL MADELEINE ORLEANS),BOSTON SCIENTIFIC,138062.0,,2019-04-29
Fourniture de dispositifs médicaux et prothèses chirurgicales AO 2019-09 - STIMULATEUR MEDULLAIRE POUR TRAITEMENT DOULEUR,CENTRE HOSPITALIER UNIVERSITAIRE D ORLEANS (HOPITAL MADELEINE ORLEANS),MEDTRONIC FRANCE,78162.0,,2019-04-29
"Fourniture de dispositifs médicaux stériles à usage unique  - Familles abord rachidien, anesthésie réanimation, hémodynamique, perfusion, transfusion, dispositifs pour cytostatiques, sites implantables et diffuseurs portables -  - CASQUE DE PROTECTION P...",CENTRE HOSPITALIER REGIONAL DE MARSEILLE (ASSISTANCE PUBLIQUE-HOPITAUX MARSEILLE),STRYKER FRANCE SA,136503.0,,2019-04-26
"Fourniture de dispositifs médicaux stériles à usage unique  - Familles abord rachidien, anesthésie réanimation, hémodynamique, perfusion, transfusion, dispositifs pour cytostatiques, sites implantables et diffuseurs portables -",CENTRE HOSPITALIER REGIONAL DE MARSEILLE (ASSISTANCE PUBLIQUE-HOPITAUX MARSEILLE),MEDTRONIC FRANCE,823040.0,,2019-04-26
Cage cervicale pour le CHRU de Tours et prothèse unicompartimentale de genou pour le GHT 37 - BA - Prothèse unicompartimentale de genou avec et sans ciment,CENTRE HOSPITALIER REGIONAL UNIVERSITAIRE DE TOURS (CHRU TROUSSEAU CHAMBRAY),ZIMMER BIOMET FRANCE,38569.0,,2019-04-24
"DMS2019-01AO076 Pour la fourniture de Dispositifs Médicaux Stériles à usage unique :Cardiologie, chirurgie, radiologie
- Implants toutes spécialités
- Ostéosynthèse
- Sutures manuelles 
- Traitement des plaies",CENTRE HOSPITALIER UNIVERSITAIRE,MEDTRONIC FRANCE,116977.1,,2019-04-08
"DMS2019-01AO076 Pour la fourniture de Dispositifs Médicaux Stériles à usage unique :Cardiologie, chirurgie, radiologie
- Implants toutes spécialités
- Ostéosynthèse
- Sutures manuelles 
- Traitement des plaies",CENTRE HOSPITALIER UNIVERSITAIRE,STRYKER FRANCE SA,220105.0,,2019-04-08
"DMS2019-01AO076 Pour la fourniture de Dispositifs Médicaux Stériles à usage unique :Cardiologie, chirurgie, radiologie
- Implants toutes spécialités
- Ostéosynthèse
- Sutures manuelles 
- Traitement des plaies",CENTRE HOSPITALIER UNIVERSITAIRE,ABBOTT MEDICAL FRANCE SAS,223115.88,,2019-04-08
"DMS2019-01AO076 Pour la fourniture de Dispositifs Médicaux Stériles à usage unique :Cardiologie, chirurgie, radiologie
- Implants toutes spécialités
- Ostéosynthèse
- Sutures manuelles 
- Traitement des plaies",CENTRE HOSPITALIER UNIVERSITAIRE,ZIMMER BIOMET FRANCE,24406.08,,2019-04-08
Le présent marché a pour objet la fourniture de stents à polymère bioabsorbables SYNERGY dans - le cadre de l’observatoire 2016-08 pour le service de coronarographie du CHD Vendée (site de La - Roche Sur Yon). - Le marché inclut la mise à disposition s,CHD LA ROCHE SUR YON LUCON MONTAIGU (CHD-VENDEE),BOSTON SCIENTIFIC,1440.74,,2019-03-12
"Fourniture de matériel d’ostéosynthèse (implants d’enclouage, plaques, vis, implants de ligamentoplastie, arthroscopie, rachis, crânienne et fixateurs externes), accessoires de moteurs d’orthopédie et moteur Shaver Microspeed, tubulure de pulse lavag",CENTRE HOSPITALIER REGIONAL UNIVERSITAIRE DE TOURS (CHRU TROUSSEAU CHAMBRAY),MEDTRONIC FRANCE,561937.0,,2019-02-14
"Fourniture de dispositifs médicaux à usage unique de chirurgies digestive, gynécologique, urologique, coelioscopique, pédiatrique - agrafage et plaque - IMPLANT PENIEN",CENTRE HOSPITALIER UNIVERSITAIRE DE CAEN NORMANDIE,BOSTON SCIENTIFIC,16581.0,,2019-02-12
"Fourniture de dispositifs médicaux à usage unique de chirurgies digestive, gynécologique, urologique, coelioscopique, pédiatrique - agrafage et plaque - IMPLANT SPHINCTERIEN PERIURETRAL HYDRAULIQUE",CENTRE HOSPITALIER UNIVERSITAIRE DE CAEN NORMANDIE,BOSTON SCIENTIFIC,140400.0,,2019-02-12
"Fourniture de matériel d’ostéosynthèse (implants d’enclouage, plaques, vis, implants de ligamentoplastie, arthroscopie, rachis, crânienne et fixateurs externes), accessoires de moteurs d’orthopédie et moteur Shaver Microspeed, tubulure de pulse lavag",CENTRE HOSPITALIER REGIONAL UNIVERSITAIRE DE TOURS (CHRU TROUSSEAU CHAMBRAY),STRYKER FRANCE SA,789695.0,,2019-02-11
"Fourniture de matériel d’ostéosynthèse (implants d’enclouage, plaques, vis, implants de ligamentoplastie, arthroscopie, rachis, crânienne et fixateurs externes), accessoires de moteurs d’orthopédie et moteur Shaver Microspeed, tubulure de pulse lavag",CENTRE HOSPITALIER REGIONAL UNIVERSITAIRE DE TOURS (CHRU TROUSSEAU CHAMBRAY),ZIMMER BIOMET FRANCE,123424.0,,2019-02-08
"Fourniture de matériel d’ostéosynthèse (implants d’enclouage, plaques, vis, implants de ligamentoplastie, arthroscopie, rachis, crânienne et fixateurs externes), accessoires de moteurs d’orthopédie et moteur Shaver Microspeed, tubulure de pulse lavag",CENTRE HOSPITALIER REGIONAL UNIVERSITAIRE DE TOURS (CHRU TROUSSEAU CHAMBRAY),JOHNSON & JOHNSON MEDICAL SAS,1650641.0,,2019-02-08
Le présent marché a pour objet la FOURNITURE DE DISPOSITIFS MEDICAUX STERILES DU SYSTEME CARDIO-VASCULAIRE PERIPHERIQUE ET DE CARDIOLOGIE (CARDIOLOGIE INTERVENTIONNELLE-RYTHMOLOGIE). -  - Endoprothèse coronaire sertie enduite de Zotarolimus avec polymè,CENTRE HOSPITALIER INTERCOMMUNAL COMPIEGNE NOYON,MEDTRONIC FRANCE,999999.0,,2019-02-04
Le présent marché a pour objet la FOURNITURE DE DISPOSITIFS MEDICAUX STERILES DU SYSTEME CARDIO-VASCULAIRE PERIPHERIQUE ET DE CARDIOLOGIE (CARDIOLOGIE INTERVENTIONNELLE-RYTHMOLOGIE). -  - Cathéter à ballonnet non compliant pour angioplastie coronaire u,CENTRE HOSPITALIER INTERCOMMUNAL COMPIEGNE NOYON,ABBOTT FRANCE,999999.0,,2019-02-04
Le présent marché a pour objet la FOURNITURE DE DISPOSITIFS MEDICAUX STERILES DU SYSTEME CARDIO-VASCULAIRE PERIPHERIQUE ET DE CARDIOLOGIE (CARDIOLOGIE INTERVENTIONNELLE-RYTHMOLOGIE). -  - Endoprothèse coronaire sertie enduite d’everolimus avec poly,CENTRE HOSPITALIER INTERCOMMUNAL COMPIEGNE NOYON,ABBOTT FRANCE,999999.0,,2019-02-04
Le présent marché a pour objet la FOURNITURE DE DISPOSITIFS MEDICAUX STERILES DU SYSTEME CARDIO-VASCULAIRE PERIPHERIQUE ET DE CARDIOLOGIE (CARDIOLOGIE INTERVENTIONNELLE-RYTHMOLOGIE). -  - Cathéter guide droit ou gauche pour angioplastie coronaire usage ,CENTRE HOSPITALIER INTERCOMMUNAL COMPIEGNE NOYON,MEDTRONIC FRANCE,999999.0,,2019-02-04
Le présent marché a pour objet la FOURNITURE DE DISPOSITIFS MEDICAUX STERILES DU SYSTEME CARDIO-VASCULAIRE PERIPHERIQUE ET DE CARDIOLOGIE (CARDIOLOGIE INTERVENTIONNELLE-RYTHMOLOGIE). -  - Cathéter de thrombectomie 6F et 7F usage unique stérile,CENTRE HOSPITALIER INTERCOMMUNAL COMPIEGNE NOYON,MEDTRONIC FRANCE,999999.0,,2019-02-04
Le présent marché a pour objet la FOURNITURE DE DISPOSITIFS MEDICAUX STERILES DU SYSTEME CARDIO-VASCULAIRE PERIPHERIQUE ET DE CARDIOLOGIE (CARDIOLOGIE INTERVENTIONNELLE-RYTHMOLOGIE). -  - Système de stimulation cardiaque implantable IRM compatible corps,CENTRE HOSPITALIER INTERCOMMUNAL COMPIEGNE NOYON,MEDTRONIC FRANCE,999999.0,,2019-02-04
Le présent marché a pour objet la FOURNITURE DE DISPOSITIFS MEDICAUX STERILES DU SYSTEME CARDIO-VASCULAIRE PERIPHERIQUE ET DE CARDIOLOGIE (CARDIOLOGIE INTERVENTIONNELLE-RYTHMOLOGIE). -  - Cathéter à ballonnet pour dilatation périphérique  ,CENTRE HOSPITALIER INTERCOMMUNAL COMPIEGNE NOYON,MEDTRONIC FRANCE,999999.0,,2019-02-04
"Le présent marché a pour objet la FOURNITURE DE DISPOSITIFS MEDICAUX STERILES DU SYSTEME CARDIO-VASCULAIRE PERIPHERIQUE ET DE CARDIOLOGIE (CARDIOLOGIE INTERVENTIONNELLE-RYTHMOLOGIE). -  - Cathéter à ballonnet semi compliant de diamètre < ou = 1,2mm",CENTRE HOSPITALIER INTERCOMMUNAL COMPIEGNE NOYON,ABBOTT FRANCE,999999.0,,2019-02-04
"D.M. Implantables d’Urologie, de Gynécologie et de Vasculaire",CENTRE HOSPITALIER D ANGOULEME,MEDTRONIC FRANCE,207542.0,,2019-01-11
"D.M. Implantables d’Urologie, de Gynécologie et de Vasculaire",CENTRE HOSPITALIER D ANGOULEME,BOSTON SCIENTIFIC,228800.0,,2019-01-10
Fourniture de dispositifs médicaux stériles. - Lot 3 : Consommables pour mesureur de seuils RELIATY pour implantation de pace-maker,CENTRE HOSPITALIER UNIVERSITAIRE REIMS,BIOTRONIK FRANCE,32400.0,,2019-01-07
Fourniture de prothèses chirurgicales et dispositifs médicaux - AO 2018-56 - * DEFIBRILLATEUR IMPLANTABLE SIMPLE CHAMBRE POUR CHANGEMENT,CENTRE HOSPITALIER UNIVERSITAIRE D ORLEANS (HOPITAL MADELEINE ORLEANS),BOSTON SCIENTIFIC,216000.0,,2019-01-01
Fourniture de prothèses chirurgicales et dispositifs médicaux - AO 2018-56 - * DEFIBRILLATEUR IMPLANTABLE TRIPLE CHAMBRE POUR PRIMOIMPLANTATION,CENTRE HOSPITALIER UNIVERSITAIRE D ORLEANS (HOPITAL MADELEINE ORLEANS),MEDTRONIC FRANCE,140250.0,,2019-01-01
Fourniture de prothèses chirurgicales et dispositifs médicaux - AO 2018-56 - * DEFIBRILLATEUR IMPLANTABLE SIMPLE CHAMBRE POUR PRIMOIMPLANTATION,CENTRE HOSPITALIER UNIVERSITAIRE D ORLEANS (HOPITAL MADELEINE ORLEANS),BIOTRONIK FRANCE,204739.4,,2019-01-01
Fourniture de prothèses chirurgicales et dispositifs médicaux - AO 2018-56 - ** DISPOSITIF DE REINSERTION MENISCALE,CENTRE HOSPITALIER UNIVERSITAIRE D ORLEANS (HOPITAL MADELEINE ORLEANS),JOHNSON & JOHNSON MEDICAL SAS,12426.54,,2019-01-01
Fourniture de prothèses chirurgicales et dispositifs médicaux - AO 2018-56 - * DEFIBRILLATEUR IMPLANTABLE SIMPLE CHAMBRE POUR PRIMOIMPLANTATION,CENTRE HOSPITALIER UNIVERSITAIRE D ORLEANS (HOPITAL MADELEINE ORLEANS),MEDTRONIC FRANCE,204600.0,,2019-01-01
Fourniture de prothèses chirurgicales et dispositifs médicaux - AO 2018-56 - ** DISPOSITIF D’ANCRAGE SUTURES TYPE HARPON,CENTRE HOSPITALIER UNIVERSITAIRE D ORLEANS (HOPITAL MADELEINE ORLEANS),JOHNSON & JOHNSON MEDICAL SAS,8713.55,,2019-01-01
Fourniture de prothèses chirurgicales et dispositifs médicaux - AO 2018-56 - * DEFIBRILLATEUR IMPLANTABLE AVEC SONDE SOUS CUTANEE,CENTRE HOSPITALIER UNIVERSITAIRE D ORLEANS (HOPITAL MADELEINE ORLEANS),BOSTON SCIENTIFIC,140750.0,,2019-01-01
Fourniture de prothèses chirurgicales et dispositifs médicaux - AO 2018-56 - * DEFIBRILLATEUR IMPLANTABLE TRIPLE CHAMBRE POUR CHANGEMENT,CENTRE HOSPITALIER UNIVERSITAIRE D ORLEANS (HOPITAL MADELEINE ORLEANS),BOSTON SCIENTIFIC,148500.0,,2019-01-01
Fourniture de prothèses chirurgicales et dispositifs médicaux - AO 2018-56 - ** CATHETER GUIDE P.T.C.A STANDARD,CENTRE HOSPITALIER UNIVERSITAIRE D ORLEANS (HOPITAL MADELEINE ORLEANS),MEDTRONIC FRANCE,159241.71,,2019-01-01
Fourniture de prothèses chirurgicales et dispositifs médicaux - AO 2018-56 - * STIMULATEUR CARDIAQUE TRIPLE CHAMBRE POUR CHANGEMENT,CENTRE HOSPITALIER UNIVERSITAIRE D ORLEANS (HOPITAL MADELEINE ORLEANS),MEDTRONIC FRANCE,37914.7,,2019-01-01
Fourniture de prothèses chirurgicales et dispositifs médicaux - AO 2018-56 - * STIMULATEUR CARDIAQUE TRIPLE CHAMBRE POUR PRIMOIMPLANTATION,CENTRE HOSPITALIER UNIVERSITAIRE D ORLEANS (HOPITAL MADELEINE ORLEANS),ABBOTT MEDICAL FRANCE SAS,80000.02,,2019-01-01
Fourniture de prothèses chirurgicales et dispositifs médicaux - AO 2018-56 - ** CLOU INTRAMED FRACTURE TROCHANTERIENNE,CENTRE HOSPITALIER UNIVERSITAIRE D ORLEANS (HOPITAL MADELEINE ORLEANS),STRYKER FRANCE SA,197982.0,,2019-01-01
Fourniture de prothèses chirurgicales et dispositifs médicaux - AO 2018-56 - ** CLOU FEMORAL INTRAMEDULLAIRE VERROUILLE,CENTRE HOSPITALIER UNIVERSITAIRE D ORLEANS (HOPITAL MADELEINE ORLEANS),STRYKER FRANCE SA,23950.0,,2019-01-01
Fourniture de prothèses chirurgicales et dispositifs médicaux - AO 2018-56 - ** CLOUS TIBIAUX ET HUMERAUX INTRAMEDULLAIRE,CENTRE HOSPITALIER UNIVERSITAIRE D ORLEANS (HOPITAL MADELEINE ORLEANS),STRYKER FRANCE SA,19977.0,,2019-01-01
"Fourniture de prothèses chirurgicales et dispositifs médicaux - AO 2018-56 - ** VIS , PLAQUES A COMPRESSION",CENTRE HOSPITALIER UNIVERSITAIRE D ORLEANS (HOPITAL MADELEINE ORLEANS),JOHNSON & JOHNSON MEDICAL SAS,3756.0,,2019-01-01
"Fourniture de prothèses chirurgicales et dispositifs médicaux - AO 2018-56 - ** BROCHE DE TYPE ""KIRSCHNER""",CENTRE HOSPITALIER UNIVERSITAIRE D ORLEANS (HOPITAL MADELEINE ORLEANS),STRYKER FRANCE SA,4000.0,,2019-01-01
Fourniture de prothèses chirurgicales et dispositifs médicaux - AO 2018-56 - ** PROTH VASC MODULAIRE POSE ENDOLUMINALE,CENTRE HOSPITALIER UNIVERSITAIRE D ORLEANS (HOPITAL MADELEINE ORLEANS),MEDTRONIC FRANCE,79366.0,,2019-01-01
"Fourniture de prothèses chirurgicales et dispositifs médicaux AO 2019-60
LOT n° 10 DISPOSITIFS MEDICAUX POUR ABLATION",CENTRE HOSPITALIER UNIVERSITAIRE D ORLEANS (HOPITAL MADELEINE ORLEANS),ABBOTT MEDICAL FRANCE SAS,19625.0,,2019-01-01
"Fourniture de prothèses chirurgicales et dispositifs médicaux AO 2019-60
LOT n° 10 DISPOSITIFS MEDICAUX POUR ABLATION",CENTRE HOSPITALIER UNIVERSITAIRE D ORLEANS (HOPITAL MADELEINE ORLEANS),BOSTON SCIENTIFIC,19625.0,,2019-01-01
Fourniture de prothèses chirurgicales et dispositifs médicaux - AO 2018-56 - * STIMULATEUR SIMPLE CHAMBRE INTRAVENTRICULAIRE,CENTRE HOSPITALIER UNIVERSITAIRE D ORLEANS (HOPITAL MADELEINE ORLEANS),MEDTRONIC FRANCE,75000.0,,2019-01-01
Fourniture de prothèses chirurgicales et dispositifs médicaux - AO 2018-56 - * DISPOSITIFS MEDICAUX POUR ABLATION,CENTRE HOSPITALIER UNIVERSITAIRE D ORLEANS (HOPITAL MADELEINE ORLEANS),ABBOTT MEDICAL FRANCE SAS,37535.55,,2019-01-01
Fourniture de prothèses chirurgicales et dispositifs médicaux - AO 2018-56 - **ELECTRODE ENDOCAV TEMPORAIRE INTRACARD,CENTRE HOSPITALIER UNIVERSITAIRE D ORLEANS (HOPITAL MADELEINE ORLEANS),ABBOTT MEDICAL FRANCE SAS,22180.09,,2019-01-01
Fourniture de prothèses chirurgicales et dispositifs médicaux - AO 2018-56 - ** PROTHESE VASCULAIRE PTFE,CENTRE HOSPITALIER UNIVERSITAIRE D ORLEANS (HOPITAL MADELEINE ORLEANS),GETINGE FRANCE,33542.0,,2019-01-01
Fourniture de prothèses chirurgicales et dispositifs médicaux - AO 2018-56 - * DEFIBRILLATEUR IMPLANTABLE TRIPLE CHAMBRE POUR PRIMOIMPLANTATION,CENTRE HOSPITALIER UNIVERSITAIRE D ORLEANS (HOPITAL MADELEINE ORLEANS),BIOTRONIK FRANCE,140758.3,,2019-01-01
Fourniture de prothèses chirurgicales et dispositifs médicaux - AO 2018-56 - * ENDOPROTHESE CORONAIRE METALLIQUE,CENTRE HOSPITALIER UNIVERSITAIRE D ORLEANS (HOPITAL MADELEINE ORLEANS),BOSTON SCIENTIFIC,8750.0,,2019-01-01
Fourniture de prothèses chirurgicales et dispositifs médicaux - AO 2018-56 - * MONITEUR ECG IMPLANTABLE,CENTRE HOSPITALIER UNIVERSITAIRE D ORLEANS (HOPITAL MADELEINE ORLEANS),MEDTRONIC FRANCE,17785.8,,2019-01-01
Fourniture de prothèses chirurgicales et dispositifs médicaux - AO 2018-56 - * STIMULATEUR CARDIAQUE SIMPLE CHAMBRE,CENTRE HOSPITALIER UNIVERSITAIRE D ORLEANS (HOPITAL MADELEINE ORLEANS),MEDTRONIC FRANCE,174002.25,,2019-01-01
Fourniture de prothèses chirurgicales et dispositifs médicaux - AO 2018-56 - * STIMULATEUR CARDIAQUE DOUBLE,CENTRE HOSPITALIER UNIVERSITAIRE D ORLEANS (HOPITAL MADELEINE ORLEANS),MEDTRONIC FRANCE,833541.0,,2019-01-01
Fourniture de prothèses chirurgicales et dispositifs médicaux - AO 2018-56 - ** BALLON DE CONTREPULSION,CENTRE HOSPITALIER UNIVERSITAIRE D ORLEANS (HOPITAL MADELEINE ORLEANS),GETINGE FRANCE,17744.08,,2019-01-01
Fourniture de prothèses chirurgicales et dispositifs médicaux - AO 2018-56 - ** DISPOSITIF POUR ATHERECTOMIE ROTATIVE,CENTRE HOSPITALIER UNIVERSITAIRE D ORLEANS (HOPITAL MADELEINE ORLEANS),BOSTON SCIENTIFIC,41857.82,,2019-01-01
Fourniture de prothèses chirurgicales et dispositifs médicaux - AO 2018-56 - ** CATHETER BALLONNET AVEC SUBSTANCE ACTIVE,CENTRE HOSPITALIER UNIVERSITAIRE D ORLEANS (HOPITAL MADELEINE ORLEANS),MEDTRONIC FRANCE,20903.23,,2019-01-01
ENDOPROTHESES CORONAIRES ACTIVES pour les établissements du RESAH Languedoc Roussillon - Durée : du 01.01.2019 au 31.12.2019 reconductible 2 fois 12 mois,CENTRE HOSPITALIER UNIVERSITAIRE DE NIMES,BOSTON SCIENTIFIC,220000.0,,2018-12-27
ENDOPROTHESES CORONAIRES ACTIVES pour les établissements du RESAH Languedoc Roussillon - Durée : du 01.01.2019 au 31.12.2019 reconductible 2 fois 12 mois,CENTRE HOSPITALIER UNIVERSITAIRE DE NIMES,MEDTRONIC FRANCE,220000.0,,2018-12-27
"FOURNITURE D’IMPLANTS ET CONSOMMABLES STERILES D’UROLOGIE, DE GYNECOLOGIE ET DIVERS 2018",CENTRE HOSPITALIER REGIONAL (CHR HOPITAL CIMIEZ),BOSTON SCIENTIFIC,127744.62,,2018-12-17
"Fourniture de prothèses de hanche et genou, avec location d’une assistance chirurgicale robotisée.",CENTRE HOSPITALIER UNIVERSITAIRE DE NIMES,STRYKER FRANCE SA,600000.0,,2018-12-17
Fourniture de Kit QUIKFLAP - Système d’implant Universal Neuro III,CENTRE HOSPITALIER REGIONAL DE MARSEILLE (ASSISTANCE PUBLIQUE-HOPITAUX MARSEILLE),STRYKER FRANCE SA,250000.0,,2018-12-17
"FOURNITURE D’IMPLANTS ET CONSOMMABLES STERILES D’UROLOGIE, DE GYNECOLOGIE ET DIVERS 2018",CENTRE HOSPITALIER REGIONAL (CHR HOPITAL CIMIEZ),MEDTRONIC FRANCE,211535.4,,2018-12-17
"FOURNITURE D’IMPLANTS ET CONSOMMABLES STERILES D’UROLOGIE, DE GYNECOLOGIE ET DIVERS 2018",CENTRE HOSPITALIER REGIONAL (CHR HOPITAL CIMIEZ),JOHNSON & JOHNSON MEDICAL SAS,51750.0,,2018-12-17
Le marché public a pour objet la fourniture de dispositifs médicaux implantables pour neurostimulation médullaire et neurostimulation cérébrale profonde pour le Groupement Hospitalier Universitaire de Champagne - NEUROSTIMULATEUR MEDULLAIRE IMPLANTAB,CENTRE HOSPITALIER UNIVERSITAIRE REIMS,BOSTON SCIENTIFIC,594683.06,,2018-12-04
"Le marché public a pour objet la fourniture de dispositifs médicaux implantables pour neurostimulation médullaire et neurostimulation cérébrale profonde pour le Groupement Hospitalier Universitaire de Champagne. Lots 1, 3 et 4.",CENTRE HOSPITALIER UNIVERSITAIRE REIMS,MEDTRONIC FRANCE,1731281.42,,2018-12-04
"FOURNITURE D’IMPLANTS ET ACCESSOIRES POUR CHIRURGIE ORTHOPEDIQUE, RADIOLOGIENTERVENTIONNELLE OSTEOARTICULAIRE, CHIRURGIE  MAXILOFACIALE ET REPARATRICE - LA PRESENTE CONSULTATION COMPORTE 220 LOTS",CENTRE HOSPITALIER REGIONAL (CHR HOPITAL CIMIEZ),STRYKER FRANCE SA,1713636.0,,2018-11-14
"La présente consultation a pour objet la fourniture de dispositifs médicaux stériles, implantables ou non, nécessaires à l’activité des établissements membres du GHT Vendée.",CHD LA ROCHE SUR YON LUCON MONTAIGU (CHD-VENDEE),MEDTRONIC FRANCE,22208.03,,2018-11-07
"La présente consultation a pour objet la fourniture de dispositifs médicaux stériles, implantables ou non, nécessaires à l’activité des services et des blocs opératoires des établissements membres du GHT Vendée.",CHD LA ROCHE SUR YON LUCON MONTAIGU (CHD-VENDEE),BIOTRONIK FRANCE,16172.34,,2018-11-05
"La présente consultation a pour objet la fourniture de dispositifs médicaux stériles, implantables ou non, nécessaires à lactivité des services et des blocs opératoires des établissements membres du GHT Vendée. Les consommables associés et les a",CHD LA ROCHE SUR YON LUCON MONTAIGU (CHD-VENDEE),BOSTON SCIENTIFIC,7464.16,,2018-11-05
FOURNITURE DE STENT XIENCE PRIME BTK,CENTRE HOSPITALIER REGIONAL (CHR HOPITAL CIMIEZ),ABBOTT FRANCE,19668.25,,2018-11-02
Fourniture d’introducteur de pince à biopsie cardiaque – Canule aortique droite armée anneau de suture mobile – Cathéter de dilatation vasculaire semi compliant - Cathéter de dilatation vasculaire semi compliant ou équivalent,CENTRE HOSPITALIER UNIVERSITAIRE DE CAEN NORMANDIE,MEDTRONIC FRANCE,80000.0,,2018-10-23
Fourniture de dispositifs médicaux implantables d’orthopédie pour fixateurs externes opérationnels PERCY FX ou équivalent et ancillaires dédiés,,STRYKER FRANCE SA,125252.9,,2018-10-16
Fourniture de dispositifs médicaux implantables pour neuromodulation des racines sacrées et pompes implantables programmables pour administration intrathécale baclofène ou antalgiques,CENTRE HOSPITALIER UNIVERSITAIRE REIMS,MEDTRONIC FRANCE,729755.0,,2018-09-21
"Implants d’orthop�die, mat�riel d’ost�osynth�se et lame de scie pour moteur et gouge lot 1",HOPITAUX DU SUD MANCHE,JOHNSON & JOHNSON MEDICAL SAS,94420.32,,2018-09-03
"Fourniture de cathéters Orion, IntellaNav OI, IntellaNav Mifi OI et mise à disposition d’une console pour système de cartographie Rhythmia Hdx",CENTRE HOSPITALIER REGIONAL UNIVERSITAIRE DE TOURS (CHRU TROUSSEAU CHAMBRAY),BOSTON SCIENTIFIC,934500.0,,2018-08-03
"DMS 2018-01 AO073 Dispositifs médicaux à usage unique :
- Non implantable : autotransfusion  transport d’organes  photochimiothérapie  chirurgie  endoscopie digestive  gynécologie ;
- Implant : chirurgie maxillo-faciale  chirurgie thoracique neurochirurgi",CENTRE HOSPITALIER UNIVERSITAIRE,STRYKER FRANCE SA,3102.0,,2018-07-01
"DMS 2018-01 AO073 Dispositifs médicaux à usage unique :
- Non implantable : autotransfusion  transport d’organes  photochimiothérapie  chirurgie  endoscopie digestive  gynécologie ;
- Implant : chirurgie maxillo-faciale  chirurgie thoracique neurochirurgi",CENTRE HOSPITALIER UNIVERSITAIRE,MEDTRONIC FRANCE,104957.6,,2018-07-01
"Fourniture de dispositifs médicaux d’ ORL, Stomatologie, Implantologie et Neurochirurgie.",,BOSTON SCIENTIFIC,4543221.0,suspect,2018-05-30
AO CHIR 2017-CATHETER D’OPACIFICATION BILIAIRE TRIPLE LUMIERE EN SYSTEME MONORAIL,CENTRE HOSPITALIER GENERAL,BOSTON SCIENTIFIC,2340.0,,2018-05-09
"Fourniture de dispositifs médicaux d’ ORL, Stomatologie, Implantologie et Neurochirurgie.",,MEDTRONIC FRANCE,4543221.0,suspect,2018-05-04
"Fourniture de dispositifs médicaux d’ ORL, Stomatologie, Implantologie et Neurochirurgie.",,JOHNSON & JOHNSON MEDICAL SAS,4543221.0,suspect,2018-05-02
"Fourniture de dispositifs médicaux d’ ORL, Stomatologie, Implantologie et Neurochirurgie.",,STRYKER FRANCE SA,4543221.0,suspect,2018-05-02
"Fourniture de dispositifs médicaux d’ ORL, Stomatologie, Implantologie et Neurochirurgie.",,ABBOTT MEDICAL FRANCE SAS,4543221.0,suspect,2018-05-02
MONITEUR ECG LONGUE DUREE IMPLANTABLE AVEC TELETRANSMISSION AUTOMATIQUE DES DONNEES - MONITEUR ECG LONGUE DUREE IMPLANTABLE AVEC TELETRANSMISSION AUTOMATIQUE DES DONNEES,CTRE HOSPITALIER UNIVERS PONTCHAILLOU,MEDTRONIC FRANCE,189715.2,,2017-09-11
"RESAH DMNI1026 Fourniture de DMNI de Dialyse, Cathétérisme central et périphérique (MIDLINE), Système cardiovasculaire, Kits de surveillance de pression, Consommables haute pression pour injecteur, Système nerveux et Ophtalmologie",CTRE HOSPITALIER VILLEFRANCHE S SAONE,ABBOTT MEDICAL FRANCE SAS,76800.0,,
"RESAH DMNI1026 Fourniture de DMNI de Dialyse, Cathétérisme central et périphérique (MIDLINE), Système cardiovasculaire, Kits de surveillance de pression, Consommables haute pression pour injecteur, Système nerveux et Ophtalmologie",CTRE HOSPITALIER VILLEFRANCHE S SAONE,ABBOTT MEDICAL FRANCE SAS,244800.0,,
"RESAH DMNI1026 Fourniture de DMNI de Dialyse, Cathétérisme central et périphérique (MIDLINE), Système cardiovasculaire, Kits de surveillance de pression, Consommables haute pression pour injecteur, Système nerveux et Ophtalmologie",CTRE HOSPITALIER VILLEFRANCHE S SAONE,MEDTRONIC FRANCE,121600.0,,
"RESAH DMNI1026 Fourniture de DMNI de Dialyse, Cathétérisme central et périphérique (MIDLINE), Système cardiovasculaire, Kits de surveillance de pression, Consommables haute pression pour injecteur, Système nerveux et Ophtalmologie",CTRE HOSPITALIER VILLEFRANCHE S SAONE,ABBOTT MEDICAL FRANCE SAS,48800.0,,
"RESAH DMNI1026 Fourniture de DMNI de Dialyse, Cathétérisme central et périphérique (MIDLINE), Système cardiovasculaire, Kits de surveillance de pression, Consommables haute pression pour injecteur, Système nerveux et Ophtalmologie",CTRE HOSPITALIER VILLEFRANCHE S SAONE,ABBOTT MEDICAL FRANCE SAS,136000.0,,
"RESAH DMNI1026 Fourniture de DMNI de Dialyse, Cathétérisme central et périphérique (MIDLINE), Système cardiovasculaire, Kits de surveillance de pression, Consommables haute pression pour injecteur, Système nerveux et Ophtalmologie",CTRE HOSPITALIER VILLEFRANCHE S SAONE,BOSTON SCIENTIFIC,106800.0,,
